0 196 3 22 17 114 97 29 15 221 227 24 177 76 122 253 5 28 204 137 168 2 151 231 130 214 1 176 237 52 68 13 72 209 107 25 8 224 37 182 32 226 234 20 193 65 59 6 63 245 203 205 85 14 19 58 229 159 38 102 41 191 108 42 56 47 202 127 133 71 179 197 207 95 255 199 248 30 251 73 31 115 155 109 44 123 185 220 78 35 43 164 183 129 118 128 83 55 190 80 165 49 101 18 135 143 235 116 117 40 186 228 82 89 110 208 54 181 74 180 77 198 211 33 9 239 105 152 192 23 36 16 171 156 242 64 81 86 240 87 48 75 174 34 212 46 62 146 254 50 121 67 167 27 88 61 111 169 104 79 106 172 51 69 70 91 125 236 4 233 92 215 45 222 132 100 7 194 170 200 157 53 160 98 12 90 120 145 163 66 136 219 241 21 140 94 138 246 119 230 93 217 161 126 210 103 141 139 162 11 112 189 153 244 147 175 144 99 149 201 225 154 26 60 134 223 131 166 195 232 150 216 39 188 187 206 243 250 173 247 84 218 57 148 158 249 184 124 178 142 252 96 10 238 213 113
11 21 3 22 17 114 97 29 15 221 34 123 177 137 122 253 5 28 204 0 52 2 151 231 130 214 1 176 89 168 68 13 173 209 107 25 8 224 37 182 32 226 211 20 193 65 59 6 63 245 203 205 85 14 19 58 229 159 38 102 41 191 108 42 56 36 202 127 133 71 179 197 207 95 255 199 248 30 251 73 31 115 47 109 44 24 185 220 78 35 43 164 183 129 118 128 83 55 218 80 165 49 101 18 135 143 235 116 117 40 186 228 82 4 110 208 54 181 74 180 77 198 16 33 9 239 201 152 192 23 155 27 171 156 242 64 81 86 240 87 48 75 174 227 212 46 62 146 254 53 121 67 167 234 88 61 111 169 104 79 106 172 51 69 70 91 158 236 237 233 92 215 45 222 132 100 7 194 170 200 157 50 160 98 12 90 120 145 163 66 136 219 241 196 140 94 138 246 119 230 238 217 161 126 210 103 141 139 162 213 112 189 153 244 147 175 144 99 149 105 225 178 26 60 134 223 76 166 195 232 150 216 39 188 187 206 243 250 72 247 84 125 57 148 190 249 184 124 154 142 252 96 10 93 131 113
11 21 3 22 17 114 97 29 15 221 34 123 177 137 122 253 5 28 204 0 52 2 151 231 130 214 1 176 89 168 68 13 173 209 107 25 8 224 37 182 32 226 211 20 193 65 59 6 63 245 203 205 85 14 19 58 229 159 38 102 41 191 108 42 56 36 202 127 133 71 179 197 207 95 255 199 248 30 251 73 31 115 54 109 44 24 185 220 78 35 43 164 183 129 118 128 83 55 218 80 165 49 101 18 135 143 235 116 117 40 186 228 82 4 110 208 47 181 74 180 77 198 16 33 9 239 201 152 192 23 155 27 171 156 242 64 81 86 240 87 48 75 174 227 212 46 62 146 254 53 121 67 167 234 88 61 111 169 104 79 106 172 51 69 70 91 158 236 237 233 92 215 45 222 132 100 7 194 170 200 157 50 160 98 12 90 120 145 163 66 136 219 241 196 140 94 138 246 119 230 238 217 161 126 210 103 141 139 162 213 112 189 153 244 147 175 144 99 149 105 225 178 26 60 134 223 76 166 195 232 150 216 39 188 187 206 243 250 72 247 84 125 57 148 190 249 184 124 154 142 252 96 10 93 131 113
11 38 3 22 17 18 97 29 1 221 227 24 177 137 122 253 5 28 204 0 168 2 201 231 130 214 186 176 4 52 68 13 173 125 107 25 8 224 37 182 32 226 27 69 193 65 59 6 58 245 203 205 85 14 19 63 229 159 196 102 41 191 108 42 56 36 202 127 133 71 179 197 40 95 255 47 248 30 251 73 31 115 199 109 44 123 185 220 78 35 43 164 183 15 118 128 83 55 218 80 165 49 101 114 135 143 235 116 117 207 230 228 82 89 110 208 54 181 74 180 77 198 211 33 9 20 105 152 192 23 155 16 171 156 242 64 81 86 240 87 48 75 174 34 212 46 62 146 254 53 121 67 167 234 88 61 111 169 104 79 106 172 51 66 70 91 158 236 237 233 92 215 45 222 132 219 7 194 170 200 157 50 160 98 12 90 120 145 163 151 136 100 241 21 140 94 138 246 119 129 93 217 161 126 210 103 141 139 162 76 112 189 153 244 147 175 144 99 149 239 225 178 232 60 134 223 131 166 195 26 150 216 39 188 187 206 243 250 72 247 84 190 57 148 209 249 184 124 154 142 252 96 10 238 213 113
11 78 3 185 17 114 97 29 15 221 166 24 177 137 122 253 5 28 204 0 159 2 201 231 130 214 113 176 4 52 68 13 173 125 107 25 8 224 37 182 32 226 27 20 193 65 59 6 63 196 203 205 85 14 19 58 101 168 38 102 41 191 108 112 56 36 202 127 133 71 179 197 207 95 255 199 248 30 251 73 31 115 47 154 44 123 22 237 90 35 43 164 183 227 118 128 83 55 218 80 165 49 129 172 135 229 235 116 117 40 42 98 82 89 110 208 54 181 74 180 77 198 211 33 9 239 105 152 192 23 155 16 171 156 242 64 81 86 240 87 48 75 174 34 212 46 62 146 254 53 121 67 167 234 88 61 111 169 104 132 106 141 51 69 70 91 131 236 220 233 92 215 45 222 143 100 7 194 170 200 157 50 160 228 12 18 120 145 163 66 136 219 241 21 140 94 138 246 119 230 93 217 161 126 210 103 225 139 162 209 79 189 153 244 147 175 144 99 149 151 245 178 26 60 134 223 186 158 195 232 150 216 39 188 187 206 243 250 72 247 84 190 57 148 124 249 184 76 109 142 252 96 10 238 213 1
11 82 3 185 17 114 97 29 15 221 166 24 177 137 122 253 5 28 204 0 168 2 201 231 130 214 1 176 4 52 172 13 173 125 107 25 8 224 37 182 32 226 27 20 193 65 59 6 63 78 203 205 85 14 19 58 129 208 38 102 41 191 108 42 56 36 202 127 133 71 179 197 207 95 255 199 248 30 251 73 31 115 47 109 44 123 22 220 18 35 43 164 239 227 118 128 83 55 218 80 165 49 101 68 135 229 235 116 117 40 143 228 196 89 110 159 54 181 74 180 77 198 211 33 9 183 105 152 192 23 155 16 171 156 242 64 81 86 240 87 48 75 174 34 212 46 62 146 254 53 121 61 167 163 88 67 111 169 104 79 106 141 51 69 70 91 131 236 237 233 92 215 45 222 132 100 7 194 170 200 157 50 206 98 12 90 120 145 234 66 136 219 241 21 140 94 138 246 119 230 93 217 161 126 210 103 225 139 162 209 112 188 153 244 147 175 144 99 149 151 245 178 26 60 134 223 186 158 195 232 150 216 39 189 187 160 243 250 72 247 84 190 57 148 124 249 184 76 154 142 252 96 10 238 213 113
11 135 3 22 17 114 105 29 15 221 227 24 177 137 122 253 5 28 204 172 168 2 201 231 130 214 186 176 4 124 68 13 173 125 107 25 8 224 37 182 32 226 27 20 193 65 59 6 63 245 203 205 85 14 19 58 229 159 38 102 41 191 108 42 56 36 202 127 133 71 179 197 207 95 255 199 248 30 251 73 31 115 47 109 44 123 185 52 78 35 43 164 183 1 118 128 83 55 218 80 165 49 101 18 196 143 235 116 117 40 129 228 82 89 110 208 54 181 74 180 77 198 211 33 9 239 97 152 192 23 155 16 171 156 242 64 81 86 240 87 48 75 174 34 212 46 62 146 254 53 121 67 167 234 88 61 111 169 104 79 106 0 51 69 70 91 158 236 237 233 92 215 45 222 132 100 7 194 170 200 157 50 160 98 12 90 120 145 163 66 136 219 241 21 140 94 138 246 119 230 93 217 161 126 210 103 141 139 162 76 112 189 153 244 147 175 144 99 149 151 225 178 26 60 134 223 131 166 195 232 150 216 39 188 187 206 243 250 72 247 84 190 57 148 209 249 184 220 154 142 252 96 10 238 213 113
11 154 3 22 17 114 140 29 15 221 227 24 177 254 122 253 5 28 204 0 168 2 201 231 130 214 1 176 4 52 172 13 173 125 107 25 8 224 37 182 32 226 27 20 193 65 59 75 63 166 203 205 85 14 19 58 229 159 66 102 41 191 217 42 56 36 202 127 133 71 179 197 207 95 255 199 248 30 251 73 31 115 47 109 44 123 185 175 78 35 43 164 183 18 118 128 83 55 218 80 165 49 101 68 135 143 235 116 117 40 129 228 82 89 110 208 54 181 74 180 77 198 139 33 9 151 105 152 192 132 155 16 171 156 242 64 81 86 240 87 48 6 174 34 212 46 62 146 137 53 121 67 167 234 88 61 111 169 104 79 106 141 92 69 70 91 131 237 38 233 147 215 45 222 23 100 7 194 170 200 157 50 160 98 12 90 120 145 163 51 136 219 241 21 97 94 138 246 119 230 93 108 161 126 210 103 225 211 162 209 112 189 153 244 236 220 144 99 149 239 245 178 26 60 134 223 186 158 195 232 150 216 39 188 187 206 243 250 72 247 84 190 57 148 124 249 184 76 196 142 252 96 10 238 213 113
11 187 3 22 17 114 97 29 15 221 227 24 177 137 122 253 5 28 204 0 168 2 151 231 130 214 129 176 195 52 68 13 173 209 107 25 8 224 37 182 32 226 71 20 72 65 59 6 63 193 203 205 85 14 19 58 229 159 38 102 41 191 108 42 56 36 202 127 133 27 50 197 207 95 255 199 248 30 155 75 31 115 47 109 44 123 185 220 78 35 43 164 183 1 118 128 83 55 218 80 165 49 101 18 39 143 235 116 117 40 186 228 82 89 110 208 54 181 74 180 77 198 211 33 9 239 105 152 192 23 251 16 171 156 242 64 81 86 240 87 48 73 174 34 212 46 62 146 254 53 121 67 167 234 88 61 111 169 104 79 106 172 51 69 70 91 158 236 237 233 92 215 45 222 132 100 7 194 170 200 157 179 160 98 12 90 120 145 163 66 136 219 241 21 140 94 138 246 119 230 93 217 161 126 210 76 141 139 162 103 112 189 153 244 147 175 144 99 149 201 225 178 26 60 134 223 131 166 4 232 150 216 135 188 196 206 243 250 245 247 84 190 57 148 154 249 184 124 125 142 252 96 10 238 213 113
11 187 3 22 183 114 97 29 15 221 227 24 177 137 122 253 5 28 204 0 168 2 151 231 130 214 129 176 195 52 68 13 173 209 107 25 8 224 37 182 32 226 71 20 72 65 59 6 63 193 203 205 85 14 19 58 229 159 38 102 41 191 108 42 56 36 202 127 133 27 50 197 207 95 255 199 248 30 155 75 31 115 47 109 44 123 185 220 78 35 43 164 17 1 118 128 83 55 218 80 165 49 101 18 39 143 235 116 117 40 186 228 82 89 110 208 54 181 74 180 77 198 211 33 9 239 105 152 192 23 251 16 171 156 242 64 81 86 240 87 48 73 174 34 212 46 62 146 254 53 121 67 167 234 88 61 111 169 104 79 106 172 51 69 70 91 158 236 237 233 92 215 45 222 132 100 7 194 170 200 157 179 160 98 12 90 120 145 163 66 136 219 241 21 140 94 138 246 119 230 93 217 161 126 210 76 141 139 162 103 112 189 153 244 147 175 144 99 149 201 225 178 26 60 134 223 131 166 4 232 150 216 135 188 196 206 243 250 245 247 84 190 57 148 154 249 184 124 125 142 252 96 10 238 213 113
11 189 3 22 17 114 97 29 15 221 166 24 177 137 88 253 5 28 204 0 168 2 201 47 130 214 254 176 4 52 115 13 173 125 107 25 8 224 37 182 32 226 27 20 193 65 59 6 63 255 203 205 85 14 19 58 229 159 38 102 41 191 108 42 56 36 202 127 133 71 179 197 207 95 234 199 248 30 251 73 31 68 231 109 44 123 185 220 211 35 43 164 219 18 118 128 83 55 218 80 165 49 101 172 135 143 235 94 117 40 79 228 82 89 110 208 54 181 74 180 77 198 78 33 9 239 105 152 192 23 155 16 171 134 242 64 81 86 240 87 48 75 174 34 212 46 62 146 1 53 121 67 167 245 122 61 111 169 104 129 106 103 51 69 70 91 131 236 237 233 92 215 45 222 132 100 7 194 170 200 157 50 160 98 12 90 120 145 163 66 136 183 241 21 140 116 138 246 119 230 93 217 161 126 210 84 141 139 162 209 112 196 153 244 147 175 144 99 149 151 225 178 26 60 156 223 186 158 195 232 150 216 39 188 187 206 243 250 72 247 213 190 57 148 124 249 184 76 154 142 252 96 10 238 227 113
11 189 3 22 17 114 97 29 15 221 166 24 177 137 88 253 5 28 204 0 168 2 201 47 130 214 254 176 4 52 115 13 173 125 107 25 8 224 37 182 32 226 27 20 193 65 59 6 63 255 203 205 85 14 19 58 229 159 38 102 41 191 108 42 56 36 202 127 133 71 179 197 207 95 234 199 248 30 251 73 31 68 231 109 44 123 185 220 211 35 43 164 219 18 118 128 83 55 218 80 165 49 101 172 135 230 235 94 117 40 79 228 82 89 110 208 54 181 74 180 77 198 78 33 9 239 105 152 192 23 155 16 171 134 242 64 81 86 240 87 48 75 174 34 212 46 62 146 1 53 121 67 167 245 122 61 111 169 104 129 106 103 51 69 70 91 131 236 237 233 92 215 45 222 132 100 7 194 170 200 157 50 160 98 12 90 120 145 163 66 136 183 241 21 140 116 138 246 119 143 93 217 161 126 210 84 141 139 162 209 112 196 153 244 147 175 144 99 149 151 225 178 26 60 156 223 186 158 195 232 150 216 39 188 187 206 243 250 72 247 213 190 57 148 124 249 184 76 154 142 252 96 10 238 227 113
11 189 3 22 17 114 97 29 15 221 166 24 177 137 88 253 5 28 204 0 168 2 201 47 130 214 254 176 4 52 115 13 173 125 107 25 8 224 37 182 32 226 27 20 193 65 59 6 63 255 203 205 85 14 19 58 229 159 38 102 41 191 108 42 56 36 202 127 133 71 179 197 207 95 234 199 248 30 251 73 31 68 231 109 44 123 185 220 211 35 43 164 219 18 118 128 83 55 218 80 165 49 101 172 174 230 235 94 117 40 79 228 82 89 110 208 54 181 74 180 77 198 78 33 9 239 105 152 192 23 155 16 171 134 242 64 81 86 240 87 48 75 135 34 212 46 62 146 1 53 121 67 167 245 122 61 111 169 104 129 106 103 51 69 70 91 131 236 237 233 92 215 45 222 132 100 7 194 170 200 157 50 160 98 12 90 120 145 163 66 136 183 241 21 140 116 138 246 119 143 93 217 161 126 210 84 141 139 162 209 112 196 153 244 147 175 144 99 149 151 225 178 26 60 156 223 186 158 195 232 150 216 39 188 187 206 243 250 72 247 213 190 57 148 124 249 184 76 154 142 252 96 10 238 227 113
11 196 3 22 7 114 97 29 15 221 166 24 68 137 122 253 5 28 204 0 168 2 201 231 130 214 1 176 4 52 172 13 173 125 107 25 8 224 37 182 32 226 27 20 193 65 88 6 63 78 203 205 85 14 19 58 229 159 38 102 41 191 108 42 56 36 202 127 133 71 179 197 207 95 255 199 248 30 251 73 31 115 47 109 44 123 185 220 18 35 43 164 183 227 118 128 83 55 218 80 165 49 101 177 135 190 235 94 117 40 129 228 82 89 110 208 54 181 74 180 77 198 211 33 9 239 105 67 192 23 155 16 171 156 242 64 81 86 240 87 48 75 174 34 212 46 62 146 254 53 121 152 167 234 59 61 111 169 104 79 106 141 51 69 70 91 131 236 237 233 92 215 45 222 132 100 17 194 170 200 157 50 160 98 12 90 120 145 163 66 136 219 241 21 140 116 138 246 119 230 93 217 161 126 210 103 225 139 162 209 112 189 153 244 147 175 134 99 149 151 245 178 26 60 144 223 186 158 195 232 150 216 39 188 187 206 243 250 72 247 84 143 57 148 124 249 184 76 154 142 252 96 10 238 213 113
11 196 3 22 17 114 19 29 15 221 227 24 177 137 122 253 5 28 204 0 168 2 201 231 130 214 254 176 4 52 68 13 173 209 107 25 8 224 37 182 32 226 27 20 193 65 59 6 63 187 203 205 85 14 97 58 229 159 38 102 41 191 108 42 56 36 202 127 133 71 179 197 207 95 255 199 248 30 251 73 31 115 47 109 44 123 185 220 78 35 43 164 183 149 118 128 83 55 218 80 165 49 101 18 135 143 235 116 117 40 186 228 82 89 110 208 54 181 74 180 129 198 211 33 9 239 105 152 192 23 155 16 171 156 242 64 81 86 240 87 48 75 174 34 212 46 62 146 1 53 121 67 167 234 88 61 111 169 104 79 106 172 51 69 70 91 158 236 76 233 92 215 45 222 132 100 7 194 170 200 157 50 160 98 12 90 120 145 163 66 136 219 241 21 140 94 138 246 119 230 93 217 161 126 210 103 141 139 162 237 112 189 153 244 147 175 144 99 77 151 225 178 26 60 134 223 131 166 195 232 150 216 39 188 245 206 243 250 72 247 84 190 57 148 125 249 184 124 154 142 252 96 10 238 213 113
11 196 3 22 17 114 35 29 15 221 227 24 177 137 122 253 5 28 193 0 168 2 201 231 130 214 1 176 4 52 172 13 173 125 107 25 8 186 37 182 32 226 27 20 204 65 59 6 51 245 203 205 85 14 19 58 229 159 38 102 41 191 108 42 56 36 202 127 133 71 179 197 207 95 255 199 248 30 251 73 31 115 47 109 44 123 185 220 78 97 43 164 183 225 118 128 83 55 218 80 165 49 101 68 135 143 235 116 117 40 129 228 82 89 110 208 54 181 74 180 77 198 171 33 9 239 105 152 192 23 155 16 99 156 242 64 81 86 240 87 48 75 233 211 212 46 62 146 254 53 121 67 167 234 166 61 111 169 104 79 106 18 63 69 70 91 131 236 237 174 34 215 45 222 132 100 7 194 170 200 157 50 160 98 12 90 120 145 163 66 136 219 241 21 140 94 138 246 119 230 93 217 161 126 210 103 141 139 162 209 112 189 153 244 147 175 144 92 149 151 88 178 26 60 134 223 224 158 195 232 150 216 39 188 187 206 243 250 72 247 84 190 57 148 124 249 184 76 154 142 252 96 10 238 213 113
11 196 3 22 17 114 62 29 15 221 166 24 177 137 122 253 5 28 204 213 168 2 201 231 130 214 1 176 4 52 18 13 173 125 107 25 8 224 37 182 32 226 27 20 193 65 59 6 63 78 203 205 85 14 19 58 129 159 38 102 41 191 108 42 56 36 202 127 133 124 179 197 207 95 255 49 248 30 251 73 31 115 47 109 44 123 185 220 171 35 43 82 183 246 118 128 83 55 218 80 165 160 101 68 135 67 235 116 117 40 131 228 164 89 110 208 54 181 74 180 77 198 211 33 9 239 105 152 192 23 155 16 210 156 242 64 81 86 240 87 48 75 174 34 212 46 97 146 254 69 121 143 167 234 88 61 111 169 104 79 106 141 51 53 70 91 229 236 237 233 92 215 45 222 132 100 7 194 170 200 157 50 199 98 12 90 120 145 163 66 136 219 241 21 140 94 138 227 119 230 93 217 161 126 172 103 225 139 162 209 112 189 153 244 147 175 144 99 149 151 245 178 26 60 134 223 186 158 195 232 150 216 39 188 187 206 243 250 72 247 84 190 57 148 71 249 184 76 154 142 252 96 10 238 0 113
11 196 3 22 17 114 62 29 15 221 166 24 177 137 122 253 5 28 204 213 168 2 201 231 130 214 1 176 4 52 18 13 173 125 107 25 8 224 37 182 32 226 27 20 193 65 59 6 63 78 203 205 85 14 19 58 129 159 38 102 126 191 108 42 56 36 202 127 133 124 179 197 207 95 255 49 248 30 251 73 31 115 47 109 44 123 185 220 171 35 43 82 183 246 118 128 83 55 218 80 165 160 101 68 135 67 235 116 117 40 131 228 164 89 110 208 54 181 74 180 77 198 211 33 9 239 105 152 192 23 155 16 210 156 242 64 81 86 240 87 48 75 174 34 212 46 97 146 254 69 121 143 167 234 88 61 111 169 104 79 106 141 51 53 70 91 229 236 237 233 92 215 45 222 199 100 7 194 170 200 157 50 132 98 12 90 120 145 163 66 136 219 241 21 140 94 138 227 119 230 93 217 161 41 172 103 225 139 162 209 112 189 153 244 147 175 144 99 149 151 245 178 26 60 134 223 186 158 195 232 150 216 39 188 187 206 243 250 72 247 84 190 57 148 71 249 184 76 154 142 252 96 10 238 0 113
11 196 3 22 17 114 68 29 189 221 227 24 177 137 122 253 5 28 204 0 168 2 201 231 130 214 1 176 4 52 105 13 173 125 107 25 8 224 37 182 32 226 27 20 193 65 59 6 63 245 203 205 85 14 19 58 229 159 38 102 41 191 108 42 56 36 202 127 133 71 179 197 207 95 255 199 248 30 251 73 31 115 97 109 44 166 185 220 78 35 43 164 183 129 118 128 83 55 218 80 165 49 101 18 135 143 235 116 117 40 186 228 124 89 110 208 54 181 74 180 77 198 211 33 9 239 47 152 192 23 155 16 171 156 242 64 81 195 240 87 48 75 174 34 212 46 62 146 254 53 121 67 167 234 88 61 111 169 104 79 106 172 51 69 70 91 158 236 237 233 92 215 45 222 132 100 7 194 170 200 157 50 160 98 12 90 120 145 163 66 136 219 241 21 140 94 138 246 119 230 93 217 161 126 210 103 141 139 162 76 112 15 153 244 147 175 144 99 149 151 225 178 26 60 134 223 131 123 86 232 150 216 39 188 187 206 243 250 72 247 84 190 57 148 209 249 184 82 154 142 252 96 10 238 213 113
11 196 3 22 17 114 76 29 108 221 140 24 177 137 122 253 5 28 204 0 168 2 201 231 130 214 186 176 4 52 14 81 173 125 107 25 8 224 37 182 32 21 27 20 193 68 59 6 63 245 203 205 85 65 19 58 190 159 38 102 229 191 15 42 56 187 202 127 133 71 179 197 207 95 255 199 248 30 251 73 31 115 47 109 44 123 185 166 78 35 43 164 183 1 118 128 83 55 218 80 165 49 240 18 135 143 235 116 117 40 129 228 82 89 110 208 54 181 74 180 77 198 211 33 9 161 105 152 192 23 155 16 171 156 242 64 13 86 101 87 48 75 174 34 212 46 62 146 254 53 121 67 41 234 88 61 111 169 39 79 106 172 51 220 70 91 158 236 237 233 92 215 45 222 132 100 7 194 170 200 157 50 160 98 12 90 120 145 163 66 136 219 241 226 227 94 138 246 119 230 93 217 151 126 210 97 141 139 162 103 112 189 153 244 147 175 144 99 149 239 225 178 26 60 134 223 131 124 195 232 150 216 104 188 36 206 243 250 72 247 84 167 57 148 209 249 184 69 154 142 252 96 10 238 213 113
11 196 3 22 17 114 97 0 15 221 227 24 177 137 122 253 5 28 204 29 168 2 131 231 130 214 1 176 4 52 172 13 173 125 107 25 8 224 37 54 32 226 27 20 193 65 59 6 63 245 203 205 85 14 19 58 229 159 38 102 41 191 108 42 56 36 202 127 148 71 179 197 207 95 255 199 248 88 251 73 31 115 47 109 44 123 185 220 78 35 43 164 183 18 118 128 83 55 218 80 165 49 101 119 135 143 235 116 117 40 129 228 82 89 110 208 182 181 74 180 77 198 211 33 9 239 105 152 192 23 155 16 171 156 242 64 103 86 240 87 48 75 174 34 212 46 62 146 254 53 121 67 167 234 30 61 111 169 104 79 106 166 51 69 70 91 201 236 237 233 92 215 45 222 132 100 7 194 170 200 157 50 160 98 12 90 120 145 163 66 136 219 241 21 140 94 138 246 68 230 93 217 161 126 210 81 141 139 162 209 112 189 153 244 147 175 144 99 149 151 225 178 26 60 134 223 186 158 195 232 150 216 39 188 187 206 243 250 72 247 84 190 57 133 124 249 184 76 154 142 252 96 10 238 213 113
11 196 3 22 17 114 97 0 15 221 227 24 177 137 122 253 5 28 204 29 168 2 131 231 130 214 1 176 4 52 172 13 173 125 107 25 8 224 37 182 32 226 27 20 193 65 59 6 63 245 203 205 85 14 19 58 229 159 38 102 41 191 108 42 56 36 202 127 133 71 179 197 207 95 255 199 248 30 251 73 31 115 47 109 44 123 185 220 78 35 43 164 183 18 118 128 83 55 218 80 165 49 101 119 135 143 235 116 117 40 129 228 82 89 110 208 54 181 74 180 77 198 211 33 9 239 105 152 192 23 155 16 171 156 242 64 103 86 240 87 48 75 174 34 212 46 62 146 254 53 121 67 167 234 88 61 111 169 104 79 106 166 51 69 70 91 201 236 237 233 92 215 45 222 132 100 7 194 170 200 157 50 160 98 12 90 120 145 163 66 136 219 241 21 140 94 138 246 68 230 93 217 161 126 210 81 141 139 162 209 112 189 153 244 147 175 144 99 149 151 225 178 26 60 134 223 186 158 195 232 150 216 39 188 187 206 243 250 72 247 84 190 57 148 124 249 184 76 154 142 252 96 10 238 213 113
11 196 3 22 17 114 97 0 15 221 227 24 177 137 122 253 5 28 204 29 168 2 131 231 130 214 1 176 4 52 172 13 173 125 107 25 8 224 37 182 32 226 27 20 193 65 59 6 63 245 203 205 85 14 19 58 229 159 38 102 41 191 108 42 56 36 202 127 133 71 179 197 207 95 255 199 248 30 251 73 31 115 47 109 44 123 185 220 78 35 43 164 183 18 118 128 83 55 218 80 165 49 101 119 135 143 235 116 117 40 129 228 82 89 110 208 54 181 74 180 77 198 211 33 9 239 105 152 192 151 155 16 171 156 242 64 103 86 240 87 48 75 174 34 212 46 62 146 254 53 121 67 167 234 88 61 111 169 104 79 106 166 51 69 70 91 201 236 237 233 92 215 45 222 132 100 7 194 170 200 157 50 160 98 12 90 120 145 163 66 136 219 241 21 140 94 138 246 68 230 93 217 161 126 210 81 141 139 162 178 112 189 153 244 147 175 144 99 149 23 225 209 26 60 134 223 186 158 195 232 150 216 39 188 187 206 243 250 72 247 84 190 57 148 124 249 184 76 154 142 252 96 10 238 213 113
11 196 3 22 17 114 97 0 15 221 227 24 177 137 122 253 5 28 204 29 168 2 131 231 130 214 1 176 4 52 172 13 173 125 107 25 8 224 37 182 32 226 27 20 193 65 59 6 63 245 203 205 85 14 19 58 229 159 38 102 41 191 108 42 56 36 202 127 133 71 179 197 207 95 255 199 248 88 251 73 31 115 47 109 44 123 185 220 78 35 43 164 183 18 118 128 83 55 218 80 165 49 101 119 135 143 235 116 117 40 129 228 82 89 110 208 54 181 74 180 77 198 211 33 9 239 105 152 192 23 155 16 171 156 242 64 103 86 240 87 48 75 174 34 212 46 62 146 254 53 121 67 167 234 30 61 111 169 104 79 106 166 51 69 70 91 201 236 237 233 92 215 45 222 132 100 7 194 170 200 157 50 160 98 12 90 120 145 163 66 136 219 241 21 140 94 138 246 68 230 93 217 161 126 210 81 141 139 162 209 112 189 153 244 147 175 144 99 149 151 225 178 26 60 134 223 186 158 195 232 150 216 39 188 187 206 243 250 72 247 84 190 57 148 124 249 184 76 154 142 252 96 10 238 213 113
11 196 3 22 17 114 97 0 15 221 227 24 177 137 122 253 5 28 204 29 168 2 131 231 130 214 1 176 76 52 172 13 173 125 107 25 8 224 37 54 32 226 27 20 193 65 59 6 63 245 203 205 85 14 19 58 229 159 38 102 41 191 108 42 56 36 202 127 133 71 179 197 207 95 255 199 248 88 251 73 31 115 47 109 44 123 185 220 78 35 43 164 183 18 118 128 83 55 218 80 165 49 101 119 135 143 235 116 117 4 129 228 82 89 110 208 182 181 74 180 77 198 211 33 9 239 105 152 192 23 155 16 171 156 242 64 103 86 240 87 48 75 174 34 212 46 62 146 254 53 121 67 167 234 30 61 111 169 104 79 106 166 51 69 70 91 201 236 237 233 92 215 45 222 132 100 7 194 170 200 157 50 160 98 12 90 120 145 163 66 136 219 241 21 140 94 138 246 68 230 93 217 161 126 210 81 141 139 162 209 112 189 153 244 147 175 144 99 149 151 225 178 26 60 134 223 186 158 195 232 150 216 39 188 187 206 243 250 72 247 84 190 57 148 124 249 184 40 154 142 252 96 10 238 213 113
11 196 3 22 17 114 97 0 15 221 227 24 177 137 122 253 5 28 204 29 168 2 131 231 130 214 1 176 76 52 172 13 173 125 107 25 8 224 37 182 32 226 27 20 193 65 59 6 63 245 203 205 85 14 19 58 229 159 38 102 41 191 108 42 56 36 202 127 133 71 179 197 207 95 255 199 248 88 251 73 31 115 47 109 44 123 185 220 78 35 43 164 183 18 118 128 83 55 218 80 165 49 101 119 135 143 235 116 117 4 129 228 82 89 110 208 54 181 74 180 77 198 211 33 9 239 105 152 192 23 155 16 171 156 242 64 103 86 240 87 48 75 174 34 212 46 62 146 254 53 121 67 167 234 30 61 111 169 104 79 106 166 51 69 70 91 201 236 237 233 92 215 45 222 132 100 7 194 170 200 157 50 160 98 12 90 120 145 163 66 136 219 241 21 140 94 138 246 68 230 93 217 161 126 210 81 141 139 162 209 112 189 153 244 147 175 144 99 149 151 225 178 26 60 134 223 186 158 195 232 150 216 39 188 187 206 243 250 72 247 84 190 57 148 124 249 184 40 154 142 252 96 10 238 213 113
11 196 3 22 17 114 97 0 15 221 227 24 177 137 122 253 5 28 204 29 168 2 201 231 130 214 1 176 4 52 68 13 173 125 107 25 8 224 37 182 32 226 27 20 193 65 59 6 63 245 203 205 85 14 19 58 229 159 38 102 41 191 108 42 56 36 202 127 133 71 179 197 207 95 255 199 248 30 251 73 31 115 47 109 119 123 185 220 78 35 43 164 183 111 118 128 83 55 218 80 165 49 101 18 135 143 235 116 117 40 129 228 82 89 110 208 54 181 74 180 77 198 211 33 9 239 105 152 192 23 155 16 171 156 242 64 81 86 240 87 48 75 174 34 212 46 62 146 233 53 121 67 167 234 88 61 131 169 92 79 106 166 51 69 70 91 158 236 237 103 104 215 45 222 132 100 7 194 170 200 157 50 160 98 12 90 120 145 163 66 136 219 241 21 140 94 138 246 44 230 93 217 161 126 210 254 141 139 162 209 112 189 153 244 147 175 144 99 149 151 225 178 26 60 134 223 186 172 195 232 150 216 39 188 187 206 243 250 72 247 84 190 57 148 124 249 184 76 154 142 252 96 10 238 213 113
11 196 3 22 17 114 97 0 15 221 227 24 177 137 122 253 5 28 204 29 168 2 201 231 130 214 1 176 4 52 68 13 173 125 107 25 8 224 37 182 32 226 27 20 193 65 59 6 63 245 203 205 85 14 19 58 229 159 38 102 41 191 108 42 56 36 202 127 133 71 179 197 207 95 255 199 248 30 251 73 31 115 47 109 119 123 185 220 78 35 43 164 183 111 118 128 83 55 218 80 165 49 101 18 135 143 235 116 117 40 129 228 82 89 110 208 54 181 74 180 77 198 211 33 9 239 105 152 192 23 155 16 171 156 242 64 81 86 240 87 48 75 174 34 212 46 62 146 233 53 121 172 167 234 88 61 131 169 92 79 106 166 51 69 70 91 158 236 237 103 104 215 45 222 132 100 7 194 170 200 157 50 160 98 12 90 120 145 163 66 136 219 241 21 140 94 138 246 44 230 93 217 161 126 210 254 141 139 162 209 112 189 153 244 147 175 144 99 149 151 225 178 26 60 134 223 186 67 195 232 150 216 39 188 187 206 243 250 72 247 84 190 57 148 124 249 184 76 154 142 252 96 10 238 213 113
11 196 3 22 17 114 97 0 15 221 227 24 177 137 122 253 5 28 204 29 168 2 201 231 130 214 1 176 4 52 68 13 173 125 107 25 8 224 37 182 32 226 27 20 193 65 59 6 63 245 203 205 85 14 19 58 229 159 81 102 41 191 108 42 56 36 202 127 133 71 179 197 207 95 255 199 248 30 251 73 31 115 47 109 119 123 185 220 78 35 43 164 183 111 118 128 83 55 218 80 165 49 101 18 135 143 235 116 117 40 129 228 82 89 110 208 54 181 74 180 77 198 211 33 9 239 105 152 192 23 155 16 171 156 242 64 38 86 240 87 48 75 174 34 212 46 62 146 233 53 121 172 167 234 88 61 131 169 92 79 106 166 51 69 70 91 158 236 237 103 104 215 45 222 132 100 7 194 170 200 157 50 160 98 12 90 120 145 163 66 136 219 241 21 140 94 138 246 44 230 93 217 161 126 210 254 141 139 162 209 112 189 153 244 147 175 144 99 149 151 225 178 26 60 134 223 186 67 195 232 150 216 39 188 187 206 243 250 72 247 84 190 57 148 124 249 184 76 154 142 252 96 10 238 213 113
11 196 3 22 17 114 97 0 15 221 227 24 177 137 122 253 5 28 204 29 168 2 201 231 130 214 1 176 4 52 68 13 173 125 107 25 8 224 37 182 32 226 27 20 193 65 59 6 63 245 203 205 85 14 21 58 229 159 38 102 41 191 108 42 56 36 202 127 133 71 179 197 207 95 255 199 248 30 251 73 31 115 47 109 243 123 185 220 78 35 43 164 87 45 118 128 83 55 218 80 165 49 101 18 135 143 235 116 117 40 129 228 82 89 110 208 54 181 74 180 77 198 211 33 9 239 105 152 192 23 155 16 171 156 242 64 81 86 240 183 48 75 174 34 212 46 62 146 233 53 121 67 167 234 88 61 131 169 92 79 106 166 51 188 70 91 158 236 237 103 104 215 111 222 132 100 7 194 170 200 157 50 160 98 12 90 84 145 163 66 136 219 241 19 140 94 138 246 119 230 93 217 161 126 210 254 141 139 162 209 112 189 153 244 147 175 144 99 149 151 225 178 26 60 134 223 186 172 195 232 150 216 39 69 187 206 44 250 72 247 120 190 57 148 124 249 184 76 154 142 252 96 10 238 213 113
11 196 3 22 17 114 97 0 15 221 227 24 177 137 122 253 5 28 204 29 168 2 201 231 130 214 1 176 4 52 172 13 173 125 107 25 8 224 37 84 32 226 27 20 193 65 59 6 63 245 203 205 85 14 19 58 229 159 38 102 41 191 108 42 56 36 202 127 133 71 179 197 207 95 255 225 248 30 251 73 31 115 47 109 44 123 185 220 78 35 43 164 183 18 118 128 83 55 218 80 165 49 101 119 135 143 235 116 117 40 129 228 82 89 110 208 54 181 74 180 77 198 211 33 9 239 105 152 192 23 155 16 171 156 242 64 103 86 240 87 48 75 174 34 212 46 62 146 254 53 121 67 167 234 88 61 111 169 104 79 106 166 51 69 70 91 131 236 237 233 92 215 45 222 132 100 7 194 170 249 157 50 160 98 12 90 120 145 163 66 136 219 241 21 140 94 138 246 68 230 93 217 161 126 210 81 141 139 162 209 112 189 153 244 147 175 144 99 149 151 199 178 26 60 134 223 186 158 195 232 150 216 39 188 187 206 243 250 72 247 182 190 57 148 124 200 184 76 154 142 252 96 10 238 213 113
11 196 3 22 17 114 97 0 15 221 227 24 177 137 122 253 5 28 204 29 168 2 201 231 130 214 1 176 4 52 172 13 173 125 107 25 8 224 37 182 32 226 27 20 193 65 59 6 63 245 203 205 85 14 19 58 229 159 38 102 41 191 108 42 56 36 202 127 133 71 179 197 207 95 255 199 248 30 251 73 31 115 47 109 44 123 185 220 78 35 43 164 183 18 118 128 83 55 218 80 165 49 101 119 135 143 235 116 117 40 129 228 82 89 110 208 54 181 74 180 77 198 211 33 9 239 105 152 192 151 155 16 171 156 242 64 103 86 240 87 48 75 174 34 212 46 62 146 254 53 121 67 167 234 88 61 111 169 104 79 106 166 51 69 70 91 131 236 237 233 92 215 45 222 132 100 7 194 170 200 157 50 160 98 12 90 120 145 163 66 136 219 241 21 140 94 138 246 68 230 93 217 161 126 210 81 141 139 162 209 112 189 153 244 147 175 144 99 149 23 225 178 26 60 134 223 186 158 195 232 150 216 39 188 187 206 243 250 72 247 84 190 57 148 124 249 184 76 154 142 252 96 10 238 213 113
11 196 3 22 17 114 97 0 15 221 227 24 177 137 122 253 5 28 204 29 168 2 201 231 130 214 1 176 4 52 172 13 173 125 107 25 8 224 37 182 32 226 27 20 193 65 59 6 63 245 203 205 85 14 19 58 229 159 38 102 41 191 108 42 56 36 202 127 133 71 179 197 207 95 255 225 248 30 251 73 31 115 47 109 44 123 185 220 78 35 43 164 183 18 118 128 83 55 218 80 165 49 101 119 135 143 235 116 117 40 129 228 82 89 110 208 54 181 74 180 77 198 211 33 9 239 105 152 192 23 155 16 171 156 242 64 103 86 240 87 48 75 174 34 212 46 62 146 254 53 121 67 167 234 88 61 111 169 104 79 106 166 51 69 70 91 131 236 237 233 92 215 45 222 132 100 7 194 170 249 157 50 160 98 12 90 120 145 163 66 136 219 241 21 140 94 138 246 68 230 93 217 161 126 210 81 141 139 162 209 112 189 153 244 147 175 144 99 149 151 199 178 26 60 134 223 186 158 195 232 150 216 39 188 187 206 243 250 72 247 84 190 57 148 124 200 184 76 154 142 252 96 10 238 213 113
11 196 3 22 17 114 97 0 15 221 227 255 177 137 122 253 5 28 204 29 168 2 201 231 130 214 1 176 4 52 68 13 173 125 107 25 8 224 37 182 32 226 27 20 193 65 59 6 63 245 203 205 85 14 19 58 229 159 38 102 41 191 108 42 56 36 202 127 133 71 179 197 207 95 24 199 248 30 251 73 31 115 105 109 44 123 185 220 78 35 43 164 183 111 175 128 83 55 218 80 165 49 101 18 96 143 235 116 117 40 129 228 82 89 110 208 54 181 86 180 77 198 211 33 9 239 47 152 192 23 155 16 171 156 242 64 81 74 240 87 48 75 174 34 212 46 62 146 103 53 121 67 167 234 88 61 100 169 104 79 106 166 51 69 70 91 158 236 237 233 189 215 45 222 132 131 7 194 170 200 157 50 160 98 12 90 120 145 163 66 136 219 241 21 140 94 138 246 119 230 93 217 161 126 210 254 141 139 162 209 112 92 153 244 147 118 144 99 149 151 225 178 26 60 134 223 186 172 195 232 150 216 39 188 187 206 243 250 72 247 84 190 57 148 124 249 184 76 154 142 252 135 10 238 213 113
11 196 3 22 17 114 97 0 15 221 227 255 177 137 122 253 5 28 204 29 168 2 201 231 130 214 1 176 4 52 68 13 173 125 107 25 8 224 37 182 32 226 27 20 193 65 59 6 63 245 203 205 85 14 19 58 229 159 38 102 41 191 108 42 56 36 202 127 133 71 179 197 207 95 24 199 248 30 251 73 31 115 105 109 44 123 185 220 78 35 43 164 183 111 175 128 83 55 218 80 165 49 101 18 135 143 235 116 117 40 129 228 82 89 110 208 54 181 86 180 77 198 211 33 9 239 47 152 192 23 155 16 171 156 242 64 81 74 240 87 48 75 174 34 212 46 62 146 103 53 121 67 167 234 88 61 100 169 104 79 106 166 51 69 70 91 158 236 237 233 189 215 45 222 132 131 7 194 170 200 157 50 160 98 12 90 120 145 163 66 136 219 241 21 140 94 138 246 119 230 93 217 161 126 210 254 141 139 162 209 112 92 153 244 147 118 144 99 149 151 225 178 26 60 134 223 186 172 195 232 150 216 39 188 187 206 243 250 72 247 84 190 57 148 124 249 184 76 154 142 252 96 10 238 213 113
11 196 3 22 17 114 97 0 15 221 227 255 177 137 122 253 5 28 204 29 168 2 201 231 130 214 1 176 4 52 68 13 173 125 107 25 8 224 37 182 32 226 27 20 193 65 59 6 63 245 203 205 85 14 19 58 229 159 38 102 41 191 108 42 56 36 202 127 133 71 179 197 207 95 24 199 248 30 251 73 31 115 105 109 44 123 185 220 78 35 43 164 183 111 175 128 83 55 218 80 165 49 101 18 135 143 235 116 117 40 129 228 82 89 110 208 54 181 86 180 77 198 211 33 9 239 47 152 192 23 155 16 171 156 242 64 81 74 240 87 48 75 174 34 212 46 62 146 103 53 121 67 167 234 88 61 131 169 104 79 106 166 51 69 70 91 158 236 237 233 189 215 45 222 132 100 7 194 170 200 157 50 160 98 12 90 120 145 163 66 136 219 241 21 140 94 138 246 119 230 93 217 161 126 210 254 141 139 162 209 112 92 153 244 147 118 144 99 149 151 225 178 26 60 134 223 186 172 195 232 150 216 39 188 187 206 243 250 72 247 84 190 57 148 124 249 184 76 154 142 252 96 10 238 213 113
11 196 3 22 17 114 97 0 210 221 227 24 29 137 122 253 5 28 204 177 168 2 151 231 130 214 1 176 4 52 68 13 173 209 107 8 25 224 142 182 32 226 27 20 193 65 59 6 63 245 203 205 85 14 19 58 229 159 38 102 41 191 108 42 56 115 202 127 133 71 179 197 207 95 255 199 248 30 251 73 31 36 47 109 44 123 185 220 170 35 43 164 183 129 118 128 83 55 218 80 165 49 101 18 135 143 235 116 117 40 186 228 82 89 110 208 54 181 172 180 77 198 211 33 9 239 105 152 192 23 155 16 171 156 249 64 81 86 240 154 48 75 174 34 153 46 62 146 254 53 121 67 167 234 88 61 111 169 104 79 106 74 51 69 70 91 158 236 237 233 92 215 45 222 132 100 7 194 78 200 157 50 160 98 12 90 120 145 163 66 136 219 241 21 140 94 138 246 119 230 93 217 161 126 15 76 141 139 162 103 112 189 212 244 147 175 144 99 149 201 225 178 26 60 134 223 131 166 195 232 150 216 39 188 187 206 243 250 72 247 84 190 57 148 87 242 184 124 125 37 252 96 10 238 213 113
11 196 3 22 17 114 97 0 210 221 227 24 29 137 122 253 5 28 204 177 168 2 151 231 130 214 1 176 4 52 68 13 173 209 107 8 25 224 142 182 32 226 27 20 193 65 59 6 63 245 203 205 85 14 249 58 229 159 38 102 41 191 108 42 56 115 202 127 133 71 179 197 207 95 255 199 248 30 251 73 31 36 47 109 44 123 185 220 170 35 43 164 183 129 118 128 83 55 218 80 165 49 101 18 135 143 235 116 117 40 186 228 82 89 110 208 54 181 172 180 77 198 211 33 9 239 105 152 192 23 155 16 171 156 19 64 81 86 240 154 48 75 174 34 153 46 62 146 254 53 121 67 167 234 88 61 111 169 104 79 106 74 51 69 70 91 158 236 237 233 92 215 45 222 132 100 7 194 78 200 157 50 160 98 12 90 120 145 163 66 136 219 241 21 140 94 138 246 119 230 93 217 161 126 15 76 141 139 162 103 112 189 212 244 147 175 144 99 149 201 225 178 26 60 134 223 131 166 195 232 150 216 39 188 187 206 243 250 72 247 84 190 57 148 87 242 184 124 125 37 252 96 10 238 213 113
11 196 3 22 17 114 97 0 210 221 227 24 29 137 122 253 5 28 204 177 168 2 151 231 130 214 1 176 4 52 68 13 173 209 107 25 8 224 142 182 32 226 27 20 193 65 59 6 63 245 203 205 85 14 19 58 229 159 38 102 41 191 108 42 56 115 202 127 133 71 179 197 207 95 255 199 248 30 251 73 31 36 47 109 44 123 185 220 170 35 43 164 183 129 118 128 83 55 218 80 165 49 101 18 135 143 235 116 117 40 186 228 82 89 110 208 54 181 172 180 77 198 211 33 9 239 105 152 192 23 155 16 171 156 242 64 81 86 240 154 48 75 174 34 153 46 62 146 254 53 121 67 167 234 88 61 111 169 104 79 106 74 51 69 70 91 158 236 237 233 92 215 45 222 132 100 7 194 78 200 157 50 160 98 12 90 120 145 163 66 136 219 241 21 140 94 138 246 119 230 93 217 161 126 15 76 141 139 162 103 112 189 212 244 147 175 144 99 149 201 225 178 26 60 134 223 131 166 195 232 150 216 39 188 187 206 243 250 72 247 84 190 57 148 87 249 184 124 125 37 252 96 10 238 213 113
11 196 3 22 17 114 97 15 251 221 227 24 177 137 122 253 5 28 204 0 130 2 201 231 239 214 1 176 4 76 245 13 173 209 107 25 8 224 42 182 32 226 47 20 52 65 59 6 63 187 203 205 85 14 96 58 229 159 38 102 41 191 108 37 56 36 202 127 133 71 179 197 207 95 255 199 240 30 29 73 31 115 27 109 44 123 185 220 78 35 43 164 183 129 118 128 83 55 218 80 165 49 150 18 135 143 235 116 117 40 186 228 82 89 110 208 54 181 74 180 77 198 237 33 9 168 105 152 192 23 155 16 171 156 242 64 81 86 248 87 48 75 174 213 212 46 62 146 254 53 121 67 167 234 88 61 111 169 104 79 106 172 51 69 70 91 158 236 211 233 92 215 45 222 132 100 7 194 170 200 157 50 160 98 103 90 120 145 163 66 136 219 241 21 140 94 138 246 119 230 93 217 161 126 210 12 141 139 162 193 112 189 153 244 147 175 144 99 149 151 225 178 26 60 134 223 249 166 195 232 101 216 39 188 68 206 243 250 72 247 84 190 57 148 125 131 184 124 154 142 252 19 10 238 34 113
11 196 3 22 17 114 97 15 251 221 227 24 177 137 122 253 5 28 204 0 168 2 89 231 130 214 1 176 4 52 68 13 173 209 107 25 8 224 37 182 32 226 27 20 91 65 59 6 63 187 203 205 85 14 19 58 229 159 38 102 41 191 108 42 56 245 202 127 133 71 179 197 207 95 255 199 248 30 29 73 31 115 47 109 44 123 185 220 78 35 43 166 87 129 118 128 83 55 218 80 165 49 101 18 135 143 235 116 117 40 186 228 82 201 110 208 54 181 74 180 77 198 211 33 9 239 105 152 192 23 155 16 171 156 242 64 81 86 240 183 48 75 174 34 212 46 62 146 254 53 121 67 167 234 88 61 111 169 104 79 106 172 51 69 70 193 158 236 237 233 92 215 45 222 132 100 7 194 170 200 157 50 160 98 103 90 120 145 163 66 136 219 241 21 140 94 138 246 119 230 93 217 161 126 210 12 141 139 162 76 112 189 153 244 147 175 144 99 149 151 225 178 26 60 134 223 131 164 195 232 150 216 39 188 36 206 243 250 72 247 84 190 57 148 125 249 184 124 154 142 252 96 10 238 213 113
11 196 3 22 17 114 97 15 251 221 227 24 177 138 122 188 5 28 204 0 168 2 89 231 130 214 1 176 4 52 68 13 173 209 107 25 8 224 37 182 32 226 184 20 193 65 59 6 63 187 203 205 85 14 19 58 229 159 38 102 41 191 108 42 56 36 202 127 233 71 179 197 207 95 255 199 248 30 29 73 31 115 47 109 44 123 185 220 78 35 43 164 183 129 118 128 83 55 218 80 165 49 101 18 135 143 235 116 117 40 186 228 82 201 110 208 54 181 74 180 77 198 211 33 9 239 105 152 192 23 155 16 195 156 242 64 81 86 240 87 48 75 174 34 212 46 62 146 254 53 121 67 167 234 88 61 111 169 104 79 27 172 51 69 70 91 158 236 237 133 92 215 45 222 132 100 7 194 170 200 157 50 160 98 103 90 120 145 163 66 136 219 171 21 140 94 137 246 119 230 93 217 161 126 210 12 141 139 162 76 112 189 153 244 147 175 144 99 149 243 225 178 26 60 134 223 131 166 241 232 150 216 39 253 245 206 151 250 72 247 84 190 57 148 125 249 106 124 154 142 252 96 10 238 213 113
11 196 3 22 17 114 97 15 251 221 227 24 177 138 122 188 5 28 204 0 168 2 89 231 130 214 1 176 4 52 68 13 173 209 107 25 8 224 37 182 32 226 184 20 193 65 59 6 63 187 203 205 85 14 19 58 229 159 38 102 41 191 108 42 56 36 202 127 233 71 179 197 207 95 255 199 248 30 29 73 31 115 47 109 44 123 185 243 78 35 43 164 183 129 118 128 83 55 218 80 165 49 101 18 135 143 235 116 117 40 186 228 82 201 110 208 54 181 74 180 77 198 211 33 9 239 105 152 192 23 155 16 195 156 242 64 81 86 240 87 48 75 174 34 212 46 62 146 254 53 121 67 167 234 88 61 111 169 104 79 27 172 51 69 70 91 158 236 237 133 92 215 45 222 132 100 7 194 170 200 157 50 160 98 103 90 120 145 163 66 136 219 171 21 140 94 137 246 119 230 93 217 161 126 210 12 141 139 162 76 112 189 153 244 147 175 144 99 149 220 225 178 26 60 134 223 131 166 241 232 150 216 39 253 245 206 151 250 72 247 84 190 57 148 125 249 106 124 154 142 252 96 10 238 213 113
11 196 3 22 17 114 97 15 251 221 227 24 177 138 122 188 5 28 204 0 168 2 89 231 130 214 1 176 4 52 68 13 173 209 107 25 8 224 37 182 32 226 184 20 193 65 59 6 63 187 203 205 85 14 19 58 229 159 38 102 124 191 108 42 56 36 202 127 233 71 179 197 207 95 255 199 248 30 29 73 31 115 47 109 44 123 185 220 78 35 43 164 183 129 118 128 83 55 218 80 165 49 101 18 135 143 235 116 117 40 186 228 82 201 110 208 54 181 74 180 77 198 211 33 9 239 105 152 192 23 155 16 195 156 242 64 81 86 240 87 48 75 174 34 212 46 62 146 254 53 121 67 167 234 88 61 111 169 104 79 27 172 51 69 70 91 158 236 237 133 92 215 45 222 132 100 7 194 170 200 157 50 160 98 103 90 120 145 163 66 136 219 171 21 140 94 137 246 119 230 93 217 161 126 210 12 141 139 162 76 112 189 153 244 147 175 144 99 149 151 225 178 26 60 134 223 131 166 241 232 150 216 39 253 245 206 243 250 72 247 84 190 57 148 125 249 106 41 154 142 252 96 10 238 213 113
11 196 3 22 17 114 97 15 251 221 227 24 177 138 122 188 5 28 204 0 168 2 89 231 130 214 1 176 4 52 68 13 173 209 107 25 8 224 37 182 32 226 184 20 193 65 59 6 63 187 203 205 85 14 19 58 229 159 38 102 124 191 108 42 56 36 202 127 233 71 179 197 207 95 255 199 248 30 29 73 31 115 47 109 44 123 185 220 78 35 43 164 183 129 118 128 83 55 218 80 165 49 101 18 135 143 235 116 117 40 186 228 82 201 110 208 54 181 74 180 77 198 211 33 9 239 105 152 192 23 155 16 195 156 242 64 81 86 240 87 48 75 174 34 212 46 62 146 254 53 121 67 167 234 88 61 111 169 104 79 27 172 51 69 70 91 158 236 237 133 92 215 45 222 132 100 7 194 170 200 157 50 160 98 103 90 120 145 163 66 136 219 171 21 140 94 137 246 119 230 93 217 161 126 210 12 141 139 162 76 112 189 153 244 147 175 144 99 149 243 225 178 26 60 134 223 131 166 241 232 150 216 39 253 245 206 151 250 72 247 84 190 57 148 125 249 106 41 154 142 252 96 10 238 213 113
11 196 3 22 17 114 97 29 1 221 12 24 177 137 122 253 192 28 204 0 168 2 201 231 130 214 186 176 4 52 68 13 173 125 107 25 8 224 37 182 32 226 27 20 193 65 59 6 63 245 203 205 85 14 76 58 229 159 38 102 41 191 108 42 56 36 202 127 133 71 179 197 207 95 255 199 248 30 251 73 31 115 162 109 44 123 185 220 78 35 43 106 183 15 118 128 83 55 218 80 165 49 101 18 135 143 235 116 117 40 129 228 82 89 110 208 54 181 74 180 77 198 211 33 9 69 105 152 5 23 155 16 171 156 242 64 81 86 240 87 48 75 174 34 212 46 62 146 254 53 121 67 167 234 88 61 111 169 104 79 164 172 51 66 70 91 158 236 237 233 92 215 45 222 132 100 7 194 170 200 157 50 160 98 227 90 120 145 163 151 136 219 241 21 140 94 138 246 119 230 93 217 161 126 210 103 141 139 47 19 112 189 153 244 147 175 144 99 149 239 225 178 26 60 134 223 131 166 195 232 150 216 39 188 187 206 243 250 72 247 84 190 57 148 209 249 184 124 154 142 252 96 10 238 213 113
11 196 3 22 17 114 97 29 1 221 140 24 177 137 122 253 5 28 204 0 168 2 201 231 130 214 186 176 4 52 68 13 173 125 107 25 8 224 46 182 32 226 27 20 193 65 59 6 63 245 203 205 85 149 19 58 229 159 38 102 41 191 108 42 56 36 202 127 133 71 179 197 207 95 255 199 248 30 251 73 31 115 47 109 44 123 185 139 78 35 43 164 183 15 129 128 83 55 218 80 165 49 101 18 135 143 235 116 117 40 118 228 82 89 110 208 54 181 74 180 77 198 211 33 9 69 105 152 192 23 155 16 171 156 242 64 81 86 240 87 48 75 174 34 212 37 62 146 254 53 121 67 167 234 88 61 111 169 104 241 106 172 51 66 70 91 158 236 237 233 92 215 45 222 132 100 7 194 170 200 157 50 160 98 12 90 120 145 163 151 136 219 79 21 227 94 138 246 119 230 93 217 161 126 210 103 141 220 162 76 112 189 153 244 147 175 144 99 14 239 225 178 26 60 134 223 131 166 195 232 150 216 39 188 187 206 243 250 72 247 84 190 57 148 209 249 184 124 154 142 252 96 10 238 213 113
11 196 3 22 17 114 97 29 1 221 140 24 177 137 122 253 5 28 204 0 168 2 201 231 130 214 186 176 4 52 68 13 173 125 107 25 8 224 46 182 32 226 27 20 193 65 59 6 63 245 203 205 85 149 19 58 229 159 38 102 41 191 108 151 56 36 202 127 133 71 179 197 207 95 255 199 248 30 251 73 31 115 47 109 44 123 185 139 78 35 43 164 183 15 129 128 83 55 218 80 165 49 101 18 135 143 235 116 117 40 118 228 82 89 110 208 54 181 74 180 77 198 211 33 9 69 105 152 192 23 155 16 171 156 242 64 81 86 240 87 48 75 174 34 212 37 62 146 254 53 121 67 167 234 88 61 111 169 104 241 106 172 51 66 70 91 158 236 237 233 92 215 45 222 132 100 7 194 170 200 157 50 160 98 12 90 120 145 163 42 136 219 79 21 227 94 138 246 119 230 93 217 161 126 210 103 141 220 162 76 112 189 153 244 147 175 144 99 14 239 225 178 26 60 134 223 131 166 195 232 150 216 39 188 187 206 243 250 72 247 84 190 57 148 209 249 184 124 154 142 252 96 10 238 213 113
11 196 3 22 17 114 97 29 1 221 140 24 177 137 122 253 5 28 204 0 168 2 201 231 130 214 186 176 4 52 68 13 173 125 107 25 8 224 46 182 32 226 27 20 193 65 59 6 63 245 203 205 85 149 19 58 229 159 38 102 41 191 108 151 56 36 202 127 133 71 179 197 207 95 255 199 248 30 251 73 31 115 47 109 44 166 185 139 78 35 43 164 183 15 129 128 83 55 218 80 165 49 101 18 135 143 235 116 117 40 118 228 82 89 110 208 54 181 74 180 77 198 211 33 9 69 105 152 192 23 155 16 171 156 242 64 81 86 240 87 48 75 174 34 212 37 62 146 254 53 121 67 167 234 88 61 111 169 104 241 106 172 51 66 70 91 158 236 237 233 92 215 45 222 132 100 7 194 170 200 157 50 160 98 12 90 120 145 163 42 136 219 79 21 227 94 138 246 119 230 93 217 161 126 210 103 141 220 162 76 112 189 153 244 147 175 144 99 14 239 225 178 26 60 134 223 131 123 195 232 150 216 39 188 187 206 243 250 72 247 84 190 57 148 209 249 184 124 154 142 252 96 10 238 213 113
11 196 3 22 17 114 97 29 1 221 227 24 177 66 122 253 5 28 204 55 168 2 201 231 130 214 186 176 4 52 68 13 173 125 107 25 8 224 37 182 32 226 27 20 193 65 59 6 103 245 203 205 85 14 19 58 229 159 38 102 41 191 108 42 56 36 202 127 133 71 179 197 207 95 255 199 248 30 251 73 31 115 47 109 44 123 185 220 78 35 43 164 183 15 118 128 83 0 218 80 165 49 101 18 135 143 235 116 117 40 129 228 82 89 110 208 250 181 74 180 77 198 211 33 9 69 105 152 192 23 155 16 171 156 242 64 161 86 240 87 48 75 174 34 212 46 62 146 254 53 121 67 167 234 88 61 111 169 104 241 106 172 51 137 70 91 158 236 237 233 92 215 45 222 132 100 7 194 170 200 157 50 160 98 12 90 120 145 163 151 136 219 79 21 140 94 138 246 119 230 93 217 81 126 210 63 141 139 162 76 112 189 153 244 147 175 144 99 149 239 225 178 26 60 134 223 131 166 195 232 150 216 39 188 187 206 243 54 72 247 84 190 57 148 209 249 184 124 154 142 252 96 10 238 213 113
11 196 3 22 17 114 97 29 1 221 227 24 177 66 122 253 5 28 204 55 168 2 201 231 130 214 186 176 4 52 68 13 173 125 107 25 8 224 37 182 32 226 27 20 193 65 59 6 103 245 203 205 85 14 19 58 229 159 38 102 41 191 108 42 56 36 202 127 133 71 179 197 207 95 255 199 248 30 251 73 31 115 47 109 44 123 185 220 78 35 43 164 183 15 118 128 83 0 218 80 165 49 101 18 135 143 235 116 117 40 129 228 82 89 110 208 250 181 74 180 77 198 211 33 9 69 105 152 192 23 155 16 171 156 242 64 161 86 240 87 48 75 174 34 212 46 62 146 254 53 121 67 167 234 88 61 111 169 104 241 106 172 51 137 70 91 158 236 237 233 92 215 45 222 132 100 7 194 170 200 157 50 160 98 12 90 120 145 163 151 136 219 79 21 140 94 138 246 119 230 93 217 81 126 210 63 141 139 162 76 112 189 153 244 147 175 144 206 149 239 225 178 26 60 134 223 131 166 195 232 150 216 39 188 187 99 243 54 72 247 84 190 57 148 209 249 184 124 154 142 252 96 10 238 213 113
11 196 3 22 17 114 97 29 1 221 227 24 177 137 122 253 5 28 204 0 25 2 201 231 130 214 186 176 4 52 68 13 173 125 107 189 8 224 37 182 32 226 27 20 193 65 59 6 63 245 203 205 85 14 19 58 229 159 38 102 41 191 108 42 56 36 202 127 133 71 115 197 207 95 255 199 248 30 251 73 31 179 222 109 44 123 185 220 78 35 43 164 183 15 118 128 83 55 225 80 165 49 101 18 135 143 235 116 117 40 129 228 66 89 110 208 54 181 74 180 77 198 211 141 9 69 105 152 192 23 155 48 16 156 242 64 81 86 132 87 171 75 174 34 212 46 62 146 254 53 121 67 167 234 88 61 111 169 104 79 219 172 51 82 70 91 158 236 184 233 92 215 45 47 240 100 7 194 170 200 157 50 160 98 12 72 120 145 163 151 136 106 241 21 140 94 138 246 119 230 93 217 161 126 210 103 33 139 162 76 112 168 153 244 147 175 144 99 149 239 218 178 26 60 134 223 131 166 195 232 150 216 39 188 187 206 243 250 90 247 84 190 57 148 209 249 237 124 154 142 252 96 10 238 213 113
11 196 3 22 17 114 97 29 1 221 227 24 177 137 122 253 5 28 204 0 49 2 201 231 130 214 186 176 4 52 68 13 173 125 107 25 8 224 37 182 32 226 27 69 193 65 59 6 63 245 203 205 85 14 19 58 229 159 38 102 41 191 108 42 56 36 202 127 133 71 179 197 207 95 255 47 248 30 251 104 31 115 250 109 44 123 185 220 78 35 43 164 183 15 118 128 83 55 218 80 165 225 101 18 135 143 235 116 117 40 129 228 82 89 110 208 54 181 74 180 77 198 211 33 9 20 105 152 192 23 155 16 233 156 242 64 81 86 240 87 48 75 174 34 212 46 62 146 254 53 121 67 167 234 88 61 111 169 73 79 106 172 51 66 70 91 158 236 237 171 92 215 45 222 132 100 7 194 170 200 157 50 160 98 12 90 120 145 163 151 136 219 241 21 140 94 138 246 119 230 93 217 161 126 210 103 141 139 162 76 112 189 153 244 147 175 144 99 149 239 168 178 26 60 134 223 131 166 195 232 150 216 39 188 187 206 243 199 72 247 84 190 57 148 209 249 184 124 154 142 252 96 10 238 213 113
11 196 3 22 17 114 97 29 1 221 227 24 177 137 122 253 5 28 204 0 168 2 201 231 130 214 186 176 4 52 68 13 173 125 107 25 8 64 37 182 32 226 27 69 193 65 59 254 63 237 203 205 85 14 19 58 229 159 38 102 41 191 108 42 56 36 202 127 133 71 179 197 207 95 255 199 248 30 251 73 31 115 47 109 44 123 185 220 78 35 43 164 183 15 118 128 83 55 218 80 165 49 101 18 135 143 235 116 117 40 129 228 82 89 110 208 54 181 74 180 77 198 211 33 9 20 105 152 192 23 155 16 171 156 242 224 81 86 240 87 48 75 174 34 212 46 62 146 6 53 121 67 167 234 88 61 111 169 104 79 106 172 51 66 70 91 158 236 245 217 92 215 45 222 132 100 7 194 170 200 157 50 160 98 12 90 120 145 163 151 136 219 241 21 140 94 138 246 119 230 93 233 161 126 210 103 141 139 162 76 112 189 153 244 147 175 144 99 149 239 225 178 26 60 134 223 131 166 195 232 150 216 39 188 187 206 243 250 72 247 84 190 57 148 209 249 184 124 154 142 252 96 10 238 213 113
11 196 3 22 17 114 97 29 1 221 227 24 177 137 122 253 5 28 204 0 168 2 201 231 130 214 186 176 4 52 68 13 173 125 107 25 8 224 37 132 32 226 27 69 193 65 59 6 58 245 203 205 85 14 19 63 229 159 38 102 41 191 108 42 56 36 202 127 133 71 179 197 160 95 255 47 248 30 251 73 31 115 199 109 44 123 185 220 78 35 43 164 183 15 118 128 83 55 218 80 165 49 101 18 135 143 235 116 117 40 129 228 82 89 110 208 54 181 74 180 77 198 211 33 9 20 105 152 192 23 155 16 171 156 242 64 81 86 240 87 48 75 174 34 212 46 62 146 254 53 121 67 167 234 88 61 111 169 104 79 106 172 51 66 70 91 158 236 237 233 92 215 45 222 182 100 7 194 170 200 157 50 207 98 12 90 120 145 163 151 136 219 241 21 140 94 138 246 119 230 93 217 161 126 210 103 141 139 162 76 112 189 153 244 147 175 144 99 149 239 225 178 26 60 134 223 131 166 195 232 150 216 39 188 187 206 243 250 72 247 84 190 57 148 209 249 184 124 154 142 252 96 10 238 213 113
11 196 3 22 17 114 97 29 1 221 227 24 177 137 122 253 5 28 204 0 168 2 201 231 130 214 186 176 4 52 68 13 173 125 107 25 8 224 37 182 32 66 27 69 193 65 59 6 63 245 203 105 85 14 19 58 229 159 38 102 41 191 108 42 56 36 202 127 133 71 179 197 207 95 255 199 248 30 67 73 189 225 47 109 44 123 185 220 78 35 43 164 183 15 118 128 83 55 218 80 165 49 101 18 135 143 235 116 117 40 129 228 82 89 110 208 54 181 74 180 77 198 211 33 9 20 205 152 192 23 155 16 171 156 242 64 81 86 240 87 48 75 174 34 212 46 62 146 254 53 121 251 167 234 88 61 111 169 104 79 106 172 51 226 70 91 158 236 237 233 92 215 45 222 132 100 7 194 170 200 157 50 160 98 12 90 120 145 163 151 136 219 241 21 140 94 138 246 119 230 93 217 161 126 210 103 141 139 162 76 112 31 153 244 147 175 144 99 149 239 115 178 26 60 134 223 131 166 195 232 150 216 39 188 187 206 243 250 72 247 84 190 57 148 209 249 184 124 154 142 252 96 10 113 213 238
11 196 3 22 17 114 97 29 1 221 227 24 177 137 122 253 5 28 204 0 168 2 201 231 130 214 186 176 4 52 68 13 173 125 107 25 8 224 37 182 32 66 27 69 193 65 59 6 63 245 203 105 85 14 19 58 229 159 38 102 41 191 108 42 56 36 202 127 133 71 179 197 207 95 255 199 248 30 67 73 189 225 47 109 44 123 185 220 78 35 43 164 183 15 118 128 83 55 218 80 165 49 101 18 135 143 235 116 117 40 129 228 82 89 110 208 54 181 74 180 77 198 211 33 9 20 205 152 192 23 155 16 171 156 242 64 81 86 240 87 48 75 174 34 212 46 62 146 254 53 121 251 167 234 88 61 111 169 104 79 106 172 51 226 70 91 158 236 237 233 92 215 45 222 132 100 7 194 170 200 157 50 160 98 12 90 120 145 163 151 136 219 241 21 140 94 138 246 119 230 93 217 161 126 210 103 141 139 162 76 112 31 153 244 147 175 144 99 149 239 115 178 26 60 134 223 131 166 195 232 150 216 39 188 187 206 243 250 72 247 84 190 57 148 209 249 184 124 154 142 252 96 10 238 213 113
11 196 3 22 17 114 97 29 1 221 227 24 177 137 122 253 5 28 204 0 168 2 201 231 130 214 186 176 4 52 68 13 173 125 107 25 8 224 37 182 32 226 27 69 193 65 59 6 58 245 203 205 85 14 19 63 229 159 38 102 41 183 108 42 56 36 202 127 133 71 179 197 207 95 255 47 248 191 251 166 31 115 199 109 44 123 185 220 78 35 43 164 30 15 118 128 83 55 218 80 165 49 101 18 135 143 235 116 117 40 20 228 82 89 110 208 48 181 74 180 77 198 211 33 9 129 105 152 192 23 155 16 171 156 242 64 81 86 240 87 54 75 174 34 212 46 62 146 254 53 121 239 167 234 88 61 111 169 104 79 106 172 51 66 70 91 158 236 237 233 92 215 45 222 132 100 7 194 170 200 157 50 160 98 12 90 120 145 163 151 136 219 241 21 140 94 138 246 119 230 93 217 161 126 210 103 141 139 162 76 112 189 153 244 147 175 144 99 149 67 225 178 26 60 134 223 131 73 195 232 150 216 39 188 187 206 243 250 72 247 84 190 57 148 209 249 184 124 154 142 252 96 10 238 213 113
11 196 3 22 17 114 97 29 1 221 227 24 177 137 122 253 5 28 204 0 168 2 201 231 130 214 186 176 4 52 68 13 173 125 107 25 8 224 37 182 32 226 27 69 193 65 59 6 58 245 203 205 85 14 19 63 229 159 38 102 41 183 108 42 56 36 202 127 133 71 179 197 207 95 255 47 248 191 251 166 31 115 199 109 44 123 185 220 78 35 43 164 30 15 118 128 83 55 218 80 165 49 101 18 135 143 235 116 117 40 20 228 82 89 110 208 54 181 74 180 77 198 211 33 9 129 105 152 192 23 155 16 171 156 242 64 81 86 240 87 48 75 174 34 212 46 62 146 254 53 121 239 167 234 88 61 111 169 104 79 106 172 51 66 70 91 158 236 237 233 92 215 45 222 132 100 7 194 170 200 157 50 160 98 12 90 120 145 163 151 136 219 241 21 140 94 138 246 119 230 93 217 161 126 210 103 141 139 162 76 112 189 153 244 147 175 144 99 149 67 225 178 26 60 134 223 131 73 195 232 150 216 39 188 187 206 243 250 72 247 84 190 57 148 209 249 184 124 154 142 252 96 10 238 213 113
11 196 3 22 17 114 97 29 1 221 227 24 177 137 122 253 5 28 204 0 168 2 201 231 130 214 186 176 4 52 68 13 173 125 107 25 8 224 37 182 32 226 27 69 193 65 59 6 58 245 203 205 85 14 19 63 229 159 38 102 41 191 108 42 56 36 202 127 133 71 179 197 207 95 255 47 248 30 251 73 31 115 199 109 44 123 185 220 78 35 43 164 183 15 118 128 83 55 218 80 165 49 101 18 135 143 235 116 117 40 129 228 82 89 110 208 54 181 74 180 77 198 211 33 9 20 105 152 192 23 155 16 171 156 242 64 81 86 240 87 48 75 174 34 212 46 62 146 254 53 121 67 167 234 88 61 111 169 104 79 106 172 51 66 70 91 158 236 237 233 92 215 45 222 132 100 7 194 170 200 157 50 160 98 12 90 120 145 163 151 136 219 241 21 140 94 138 246 119 230 93 217 161 126 210 103 141 139 162 76 112 189 153 244 147 175 144 99 149 239 225 178 26 60 134 223 131 166 195 232 150 216 39 188 187 206 243 250 72 247 84 190 57 148 209 249 184 124 154 142 252 96 10 238 213 113
11 196 3 22 17 114 97 29 1 221 227 24 177 137 122 253 5 28 204 0 168 2 201 231 130 214 186 176 4 52 68 13 173 125 107 25 8 224 37 182 32 226 27 69 193 65 59 6 58 245 203 205 98 14 19 63 229 159 38 102 41 191 108 42 56 36 202 127 133 71 179 197 207 95 255 47 248 30 251 73 31 115 199 109 44 123 79 220 78 35 116 164 183 15 118 128 83 55 218 80 165 49 101 18 135 143 235 43 117 40 129 228 82 89 110 208 187 181 74 180 77 198 211 33 9 20 252 152 192 23 155 16 171 156 242 64 81 86 240 87 48 75 174 34 212 210 62 146 254 53 121 67 167 234 88 61 111 169 104 185 106 172 51 66 70 91 158 236 237 233 92 215 45 222 132 100 7 194 170 200 157 50 160 85 12 90 120 145 163 151 136 219 241 21 140 94 138 246 119 230 93 217 161 126 46 103 141 139 162 76 112 189 153 244 147 175 144 99 149 239 225 178 26 60 134 223 131 166 195 232 150 216 39 188 54 206 243 250 72 247 84 190 57 148 209 249 184 124 154 142 105 96 10 238 213 113
11 196 3 22 17 114 97 29 1 221 227 24 177 137 122 253 5 28 204 0 168 2 201 231 130 214 186 176 4 52 68 13 173 125 107 25 8 224 37 182 32 226 27 69 193 65 59 6 58 245 203 205 98 14 19 63 229 159 38 102 41 191 108 42 56 36 202 127 133 71 179 197 207 95 255 47 248 30 251 73 31 115 199 109 44 123 79 220 78 35 116 164 183 15 118 128 83 55 218 80 165 49 101 18 135 143 235 43 117 40 129 228 82 89 110 208 210 181 74 180 77 198 211 33 9 20 252 152 192 23 155 16 171 156 242 64 81 86 240 87 48 75 174 34 212 187 62 146 254 53 121 67 167 234 88 61 111 169 104 185 106 172 51 66 70 91 158 236 237 233 92 215 45 222 132 100 7 194 170 200 157 50 160 85 12 90 120 145 163 151 136 219 241 21 140 94 138 246 119 230 93 217 161 126 46 103 141 139 162 76 112 189 153 244 147 175 144 99 149 239 225 178 26 60 134 223 131 166 195 232 150 216 39 188 54 206 243 250 72 247 84 190 57 148 209 249 184 124 154 142 105 96 10 238 213 113
11 196 3 22 17 114 97 29 1 221 227 24 177 137 122 253 5 28 204 0 168 2 201 231 130 214 186 176 4 52 68 13 173 125 107 25 8 224 37 182 32 226 27 69 193 65 59 6 58 245 203 205 98 14 19 63 229 159 38 102 41 191 108 42 56 36 202 127 133 71 179 197 207 95 255 47 248 30 251 73 31 115 199 109 44 123 79 220 183 35 116 164 78 15 118 128 83 55 218 80 165 49 101 18 135 143 235 43 117 40 129 228 82 89 110 208 210 181 74 180 77 198 211 33 9 20 252 152 192 23 155 16 171 156 242 64 81 86 240 87 48 75 174 34 212 187 62 146 254 53 121 67 167 234 88 61 111 169 104 185 106 172 51 66 70 91 158 236 237 233 92 215 45 222 132 100 7 194 170 200 157 50 160 85 12 90 120 145 163 151 136 219 241 21 140 94 138 246 119 230 93 217 161 126 46 103 141 139 162 76 112 189 153 244 147 175 144 99 149 239 225 178 26 60 134 223 131 166 195 232 150 216 39 188 54 206 243 250 72 247 84 190 57 148 209 249 184 124 154 142 105 96 10 238 213 113
11 196 3 22 17 114 97 29 1 221 227 24 177 137 122 253 5 28 204 0 168 2 201 231 130 214 186 176 4 52 68 13 173 125 107 25 8 224 37 182 32 226 27 69 193 65 59 6 63 245 203 205 85 14 19 58 229 159 38 102 41 191 108 42 56 36 202 127 133 71 179 197 207 95 255 89 248 30 251 73 31 115 47 109 44 123 185 220 78 35 43 164 183 15 118 128 83 55 218 80 165 49 101 18 135 143 235 116 117 40 129 228 82 249 110 208 54 181 74 161 77 198 211 33 9 20 105 152 192 23 155 16 171 156 242 64 81 86 240 87 48 75 174 34 212 46 62 146 254 53 121 67 167 234 88 61 111 169 104 79 106 172 51 66 70 91 158 236 237 233 92 215 45 222 132 100 7 194 170 200 157 50 160 98 12 90 120 145 163 151 136 219 241 21 140 94 138 246 119 230 93 217 180 126 210 103 141 139 162 76 112 189 153 244 147 175 144 99 149 239 225 178 26 60 134 223 131 166 195 232 150 216 39 188 187 206 243 250 72 247 84 190 57 148 209 199 184 124 154 142 252 96 10 238 213 113
11 196 3 22 17 114 97 29 1 221 227 24 177 137 122 253 5 28 204 0 168 2 201 231 130 214 186 176 4 52 68 13 173 125 107 25 128 224 37 182 32 226 27 69 193 65 59 6 63 219 203 205 85 14 19 58 229 159 38 102 41 191 108 42 56 36 202 127 133 71 179 197 207 95 255 199 248 30 251 73 31 115 123 109 44 47 185 220 78 35 43 164 183 15 118 236 83 55 218 80 165 49 101 18 135 143 235 116 117 40 129 228 82 89 110 208 54 181 74 180 77 198 211 33 9 20 105 152 192 23 155 16 171 156 242 64 81 86 240 87 48 75 174 34 212 46 62 146 254 53 121 67 167 234 88 61 111 169 104 79 106 172 51 66 70 91 158 8 237 233 92 215 45 222 132 100 7 194 170 200 157 50 160 98 12 90 120 145 163 151 136 245 241 21 140 94 138 246 119 230 93 217 161 126 210 103 141 139 162 76 112 189 153 244 147 175 144 99 149 239 225 178 26 60 134 223 131 166 195 232 150 216 39 188 187 206 243 250 72 247 84 190 57 148 209 249 184 124 154 142 252 96 10 238 213 113
11 196 3 22 17 114 97 29 1 221 227 24 177 137 122 253 5 28 204 0 168 2 201 231 130 214 186 176 4 52 68 13 173 125 107 25 128 224 37 182 32 226 27 69 193 65 59 6 63 219 203 205 85 14 19 58 229 159 38 102 237 191 108 42 56 36 202 127 133 71 179 197 207 95 255 199 248 30 251 73 31 115 123 109 44 47 185 78 220 35 43 164 183 15 118 236 83 55 218 80 165 49 101 18 135 143 235 116 117 40 129 228 82 89 110 208 54 181 74 180 77 198 211 33 9 20 105 152 192 23 155 16 171 156 242 64 81 86 240 87 48 75 174 34 212 46 62 146 254 53 121 67 167 234 88 61 111 169 104 79 106 172 51 66 70 91 158 8 41 233 92 215 45 222 132 100 7 194 170 200 157 50 160 98 12 90 120 145 163 151 136 245 241 21 140 94 138 246 119 230 93 217 161 126 210 103 141 139 162 76 112 189 153 244 147 175 144 99 149 239 225 178 26 60 134 223 131 166 195 232 150 216 39 188 187 206 243 250 72 247 84 190 57 148 209 249 184 124 154 142 252 96 10 238 213 113
11 196 3 22 17 114 97 29 1 221 227 24 177 137 122 253 5 28 204 0 168 2 201 231 130 214 186 176 4 52 68 13 173 125 107 25 128 224 37 182 32 226 27 69 193 65 59 6 63 245 203 205 85 14 19 58 229 159 38 102 41 191 108 42 56 36 202 127 133 71 179 197 207 95 255 199 248 30 251 73 31 115 123 109 44 47 185 220 78 35 43 164 183 15 118 236 83 55 218 80 165 49 101 18 135 143 235 116 117 40 129 228 82 89 110 208 54 181 74 180 77 198 211 33 9 20 105 152 192 23 155 16 171 156 242 64 81 86 240 87 48 75 174 34 212 46 62 146 254 53 121 67 167 234 88 61 111 169 104 79 106 172 51 66 70 91 158 8 237 233 92 215 45 222 132 100 7 194 170 200 157 50 160 98 12 90 120 145 163 151 136 219 241 21 140 94 138 246 119 230 93 217 161 126 210 103 141 139 162 76 112 189 153 244 147 175 144 99 149 239 225 178 26 60 134 223 131 166 195 232 150 216 39 188 187 206 243 250 72 247 84 190 57 148 209 249 184 124 154 142 252 96 10 238 213 113
11 196 3 22 17 114 97 29 1 221 227 24 177 137 122 253 5 28 204 0 168 2 201 231 130 214 186 176 4 52 68 13 173 125 107 187 8 224 37 182 32 226 27 69 193 65 59 6 58 245 203 205 85 14 19 63 229 159 38 102 41 191 108 42 56 36 202 127 133 71 179 197 40 95 255 47 248 30 251 73 31 115 199 109 44 123 185 220 78 35 43 164 183 15 118 128 83 55 218 80 165 49 101 18 135 143 235 116 117 207 129 228 82 89 110 208 54 181 74 180 77 198 211 33 9 20 105 152 192 23 155 16 171 156 242 64 81 86 240 87 48 75 174 34 212 46 62 146 254 53 121 67 167 234 88 61 111 169 104 79 106 172 51 66 70 91 158 236 237 233 92 215 45 222 132 100 7 194 170 200 157 50 160 98 12 90 120 145 163 151 136 219 241 21 140 94 138 246 119 230 93 217 161 126 210 103 141 139 162 76 112 189 153 244 147 175 144 99 149 239 225 178 26 60 134 223 131 166 195 232 150 216 39 188 25 206 243 250 72 247 84 190 57 148 209 249 184 124 154 142 252 96 10 238 213 113
11 196 3 22 17 114 97 29 1 221 227 24 177 137 122 253 5 28 204 0 168 2 201 231 130 214 186 176 4 52 68 81 173 125 107 25 8 224 37 182 32 226 27 69 193 65 59 6 58 245 203 205 85 14 19 63 229 159 38 102 41 191 108 42 56 36 202 127 133 71 179 197 207 95 255 47 248 30 251 246 31 115 199 109 44 123 185 220 78 35 43 164 183 15 118 128 83 55 218 80 73 49 101 18 135 143 235 116 117 40 129 228 82 89 110 208 54 181 74 180 77 198 211 33 9 20 105 152 192 23 155 16 171 156 242 64 13 86 240 87 48 75 174 34 212 46 62 146 254 53 121 67 167 234 88 61 111 169 104 79 106 172 51 66 70 91 158 236 237 233 92 215 45 222 132 100 7 194 170 200 157 50 160 98 12 90 120 145 163 151 136 219 241 21 140 94 138 165 119 230 93 217 161 126 210 103 141 139 162 76 112 189 153 244 147 175 144 99 149 239 225 178 26 60 134 223 131 166 195 232 150 216 39 188 187 206 243 250 72 247 84 190 57 148 209 249 184 124 154 142 252 96 10 238 213 113
11 196 3 22 17 114 97 29 1 221 227 24 177 137 122 253 5 28 204 0 168 2 201 231 130 214 186 176 4 52 68 81 173 125 107 25 8 224 101 182 32 226 27 69 193 65 59 6 63 245 203 205 85 162 19 58 229 159 38 102 41 191 108 42 56 78 202 127 133 71 179 40 207 95 255 199 248 30 251 73 31 115 34 109 44 123 185 220 36 35 43 164 183 15 118 128 83 55 218 80 165 49 37 18 135 143 235 116 117 197 129 211 82 89 110 139 54 181 74 180 77 198 228 33 9 20 105 152 192 23 155 16 171 156 242 64 13 86 240 87 48 75 174 47 212 46 62 146 254 53 121 67 167 234 88 61 111 169 104 79 106 172 51 66 70 91 158 236 237 233 92 215 45 222 132 100 7 194 170 200 157 50 160 98 12 90 120 145 163 151 136 219 241 21 140 94 138 246 119 230 93 217 161 126 210 103 141 208 14 76 112 189 153 244 147 175 144 99 149 239 225 178 26 60 134 223 131 166 195 232 150 216 39 188 187 206 243 250 72 247 84 190 57 148 209 249 184 124 154 142 252 96 10 238 213 113
11 196 3 22 17 114 97 29 1 221 227 24 177 137 122 253 5 28 204 0 224 2 201 231 130 214 186 176 4 52 68 13 173 125 107 25 8 168 37 182 32 58 27 69 193 65 59 6 237 67 203 205 85 14 19 226 229 159 38 102 41 191 108 42 56 36 202 127 133 71 179 197 207 124 255 47 248 30 251 73 31 115 199 109 44 123 185 220 78 35 43 164 183 118 15 128 83 55 218 80 165 49 101 18 135 143 235 116 117 40 129 228 82 89 110 208 54 181 74 180 77 198 211 33 9 20 105 152 192 23 155 16 225 156 242 64 81 86 240 87 48 75 174 34 212 46 62 146 254 53 121 245 167 234 88 61 111 169 104 79 106 172 51 66 70 91 158 236 63 233 92 215 45 222 132 100 7 194 170 200 157 50 160 98 12 90 120 145 163 151 136 219 241 21 140 94 138 246 119 230 93 217 161 126 210 103 141 139 162 76 112 189 153 244 147 175 144 99 149 239 171 178 26 60 134 223 131 166 195 232 150 216 39 188 187 206 243 250 72 247 84 190 57 148 209 249 184 95 154 142 252 96 10 238 213 113
11 196 3 22 17 114 97 29 1 221 227 24 177 137 122 253 5 28 204 0 224 2 201 231 130 214 186 176 4 52 68 13 173 125 107 25 8 168 37 182 32 237 27 69 193 65 59 6 58 67 203 205 85 14 19 226 229 159 38 102 41 191 108 42 56 36 202 127 133 71 179 197 207 124 255 47 248 30 251 73 31 115 199 109 44 123 185 220 78 35 43 164 183 118 15 128 83 55 218 80 165 49 101 18 135 143 235 116 117 40 129 228 82 89 110 208 54 181 74 180 77 198 211 33 9 20 105 152 192 23 155 16 225 156 242 64 81 86 240 87 48 75 174 34 212 46 62 146 254 53 121 245 167 234 88 61 111 169 104 79 106 172 51 66 70 91 158 236 63 233 92 215 45 222 132 100 7 194 170 200 157 50 160 98 12 90 120 145 163 151 136 219 241 21 140 94 138 246 119 230 93 217 161 126 210 103 141 139 162 76 112 189 153 244 147 175 144 99 149 239 171 178 26 60 134 223 131 166 195 232 150 216 39 188 187 206 243 250 72 247 84 190 57 148 209 249 184 95 154 142 252 96 10 238 213 113
11 196 3 22 17 114 97 29 1 221 227 24 177 137 224 253 5 28 204 0 168 2 201 230 130 214 186 176 4 52 68 13 173 125 107 25 8 103 37 182 32 226 27 69 193 65 59 6 63 245 203 205 85 14 19 58 229 159 38 102 41 191 108 42 56 36 202 127 133 165 179 197 188 95 255 47 248 30 251 73 31 115 199 109 44 123 185 220 78 35 43 164 183 15 118 128 83 55 218 80 71 49 101 18 135 143 235 116 117 40 129 228 82 89 110 208 54 181 74 180 77 198 211 33 9 20 105 152 192 23 155 16 171 156 242 64 81 86 240 87 48 75 174 34 212 46 62 146 254 53 121 67 167 234 88 61 111 169 104 79 106 172 51 66 70 91 158 236 237 233 92 215 45 222 132 100 7 194 170 200 157 50 160 98 12 90 120 145 163 151 136 219 241 21 140 94 138 246 119 231 93 217 161 126 210 122 141 139 162 76 112 189 153 244 147 175 144 99 149 239 225 178 26 60 134 223 131 166 195 232 150 216 39 207 187 206 243 250 72 247 84 190 57 148 209 249 184 124 154 142 252 96 10 238 213 113
11 196 3 22 17 114 97 29 1 221 227 24 177 137 224 253 5 28 204 0 168 2 201 230 130 214 186 176 4 52 68 13 173 125 107 25 8 122 37 182 32 226 27 69 193 65 59 6 63 245 203 205 85 14 19 58 229 159 38 102 41 191 108 42 56 36 202 127 133 165 179 197 188 95 255 47 248 30 251 73 31 115 199 109 44 123 185 220 78 35 43 164 183 15 118 128 83 55 218 80 71 49 101 18 135 143 235 116 117 40 129 228 82 89 110 208 54 181 74 180 77 198 211 33 9 20 105 152 192 23 155 16 171 156 242 64 81 86 240 87 48 75 174 34 212 46 62 146 254 53 121 67 167 234 88 61 111 169 104 79 106 172 51 66 70 91 158 236 237 233 92 215 45 222 132 100 7 194 170 200 157 50 160 98 12 90 120 145 163 151 136 219 241 21 140 94 138 246 119 231 93 217 161 126 210 103 141 139 162 76 112 189 153 244 147 175 144 99 149 239 225 178 26 60 134 223 131 166 195 232 150 216 39 207 187 206 243 250 72 247 84 190 57 148 209 249 184 124 154 142 252 96 10 238 213 113
11 196 3 22 17 114 97 29 1 221 227 24 177 137 224 253 5 28 204 0 168 2 201 231 130 214 186 176 4 52 68 13 173 125 107 25 8 122 37 182 32 226 27 69 193 65 59 6 63 245 203 205 85 14 19 58 229 159 38 102 41 191 108 42 56 36 202 127 133 165 179 197 188 95 255 47 248 30 251 73 31 115 199 109 44 123 185 220 78 35 43 164 183 15 118 128 83 55 218 80 71 49 101 18 135 143 235 116 117 40 129 228 82 89 110 208 54 181 74 180 77 198 211 33 9 20 105 152 192 23 155 16 171 156 242 64 81 86 240 87 48 75 174 34 212 46 62 146 254 53 121 67 167 234 88 61 111 169 104 79 106 172 51 66 70 91 158 236 237 233 92 215 45 222 132 100 7 194 170 200 157 50 160 98 12 90 120 145 163 151 136 219 241 21 140 94 138 246 119 230 93 217 161 126 210 103 141 139 162 76 112 189 153 244 147 175 144 99 149 239 225 178 26 60 134 223 131 166 195 232 150 216 39 207 187 206 243 250 72 247 84 190 57 148 209 249 184 124 154 142 252 96 10 238 213 113
11 196 3 22 17 114 97 29 4 221 69 24 177 137 122 253 5 28 204 14 168 2 201 231 130 214 1 176 15 52 68 13 173 209 107 25 8 224 250 182 147 226 27 20 193 65 59 6 63 245 203 205 85 0 19 58 229 159 38 102 41 191 108 37 56 36 202 127 133 71 179 197 207 95 255 199 248 30 251 73 31 131 162 109 44 123 185 118 78 35 43 164 183 129 220 128 126 55 218 80 165 49 101 18 57 143 235 116 117 40 186 228 82 89 110 208 54 181 74 180 77 198 211 33 9 239 105 152 192 23 155 16 171 156 150 64 81 86 240 87 48 75 174 34 212 46 62 146 254 103 121 83 167 234 88 61 111 169 104 79 106 172 51 227 70 91 158 236 237 233 92 215 45 222 132 100 7 194 170 200 157 50 160 98 12 90 120 145 163 66 136 219 241 21 140 94 138 246 119 230 93 217 161 67 210 32 141 139 47 76 112 189 153 244 53 175 144 99 149 151 225 178 26 60 134 223 115 166 195 232 242 216 39 188 187 206 243 42 72 247 84 190 135 148 125 249 184 124 154 142 252 96 10 238 213 113
11 196 3 22 17 114 97 29 4 221 225 24 177 129 122 253 5 28 204 0 168 2 201 231 130 214 1 176 15 52 68 13 173 125 107 25 8 224 37 182 32 226 27 20 193 65 59 6 63 245 61 205 141 14 19 58 229 159 38 102 41 191 108 42 56 36 202 127 133 71 179 197 89 95 255 199 248 30 251 73 31 115 47 234 44 123 185 220 78 35 43 164 183 137 118 128 83 55 218 80 165 49 101 18 135 143 235 116 117 40 189 228 82 207 110 208 76 181 74 180 77 198 238 33 9 239 105 152 192 23 155 16 171 156 242 64 81 86 240 87 48 75 174 34 212 46 62 146 254 53 121 79 167 109 88 203 111 169 104 67 106 172 51 69 70 91 158 236 237 233 92 215 45 222 132 100 7 194 170 200 186 50 160 98 12 90 120 145 163 66 136 219 241 21 140 94 138 246 119 230 93 217 161 126 210 103 85 139 162 54 112 157 153 244 147 175 144 99 149 151 227 178 26 60 134 223 131 166 195 232 150 216 39 188 187 206 243 250 72 247 84 190 57 148 209 249 184 124 154 142 252 96 10 211 213 113
11 196 3 22 17 114 97 29 4 221 227 24 177 137 122 253 5 28 75 0 168 2 151 231 130 214 1 176 15 52 68 13 173 125 107 25 8 224 37 182 32 226 27 20 193 65 59 6 63 245 203 205 85 14 19 58 229 159 38 102 41 191 108 42 56 36 202 127 133 71 179 197 207 95 255 199 248 30 251 73 31 115 47 109 44 123 185 220 78 35 43 164 183 129 118 128 83 55 218 80 165 49 101 18 135 143 235 116 117 40 186 228 82 89 110 208 54 181 74 180 77 198 211 33 9 239 105 152 192 23 155 16 233 156 242 64 81 86 240 87 48 204 174 34 212 46 62 146 254 53 121 67 167 234 88 61 111 169 104 79 106 172 51 69 70 91 158 236 237 171 92 215 45 222 132 100 7 194 170 200 157 50 160 98 12 90 120 145 163 66 136 219 241 21 140 94 138 246 119 230 93 217 161 126 210 103 141 139 162 76 112 189 153 244 147 175 144 99 149 201 225 178 26 60 134 223 131 166 195 232 150 216 39 188 187 206 243 250 72 247 84 190 57 148 209 249 184 124 154 142 252 96 10 238 213 113
11 196 3 22 17 114 97 29 4 221 227 24 177 137 122 253 5 28 204 0 168 2 201 231 130 214 1 176 15 52 68 13 173 125 107 25 8 224 37 182 32 226 27 20 193 65 59 6 63 245 203 205 85 14 19 58 229 159 38 102 41 191 108 42 56 36 202 127 133 45 179 197 207 95 255 199 113 30 251 73 31 115 47 109 44 123 185 220 78 35 43 164 183 129 118 128 83 55 218 80 165 49 101 18 135 143 235 116 117 40 186 228 82 89 110 208 54 181 74 180 77 198 211 33 9 239 105 152 192 23 155 16 171 156 242 64 81 86 240 87 48 75 174 250 212 46 62 146 254 53 175 67 167 234 88 61 111 169 104 79 106 172 51 69 70 91 158 236 237 233 92 215 71 222 132 100 7 194 170 200 157 50 160 98 12 90 120 145 163 66 136 219 241 21 140 94 138 246 119 230 93 217 161 126 210 103 141 139 162 76 112 189 153 244 147 121 144 99 149 151 225 178 26 60 134 223 131 166 195 232 150 216 39 188 187 206 34 243 72 247 84 190 57 148 209 249 184 124 154 142 252 96 10 238 213 248
11 196 3 22 17 114 97 29 4 221 227 24 177 137 122 253 5 28 204 0 168 2 201 231 130 214 1 176 53 52 68 13 244 125 107 25 8 224 37 182 32 226 27 20 193 65 59 6 63 245 203 205 85 14 19 58 229 159 38 102 41 191 108 42 56 36 202 127 133 71 179 197 207 95 255 199 248 30 251 73 31 115 123 109 44 47 185 220 78 35 43 164 183 129 118 128 83 55 218 80 165 49 101 18 135 143 235 116 117 40 186 228 82 89 110 208 54 181 74 180 77 198 211 33 9 239 105 152 192 23 155 16 171 156 242 64 81 86 240 87 48 75 174 34 212 46 62 146 254 15 121 67 167 234 88 61 111 169 104 79 106 172 51 69 70 247 158 236 237 233 92 215 45 222 132 100 7 194 170 200 157 50 160 98 12 90 120 145 163 66 136 219 241 21 140 94 138 246 119 230 93 217 161 126 210 103 141 139 162 76 112 189 153 173 147 175 144 99 149 151 225 178 26 60 134 223 131 166 195 232 150 216 39 188 187 206 243 250 72 91 84 190 57 148 209 249 184 124 154 142 252 96 10 238 213 113
11 196 3 22 17 114 97 29 4 221 227 24 177 137 122 253 5 28 204 0 168 2 201 231 130 214 1 176 53 52 68 13 244 125 107 25 8 224 37 182 32 226 27 20 193 65 59 6 63 245 203 205 85 40 19 58 229 159 38 102 41 191 108 42 56 36 202 127 133 71 179 197 207 95 255 199 248 30 251 73 31 115 123 109 44 47 185 220 78 35 43 164 183 129 118 128 83 55 218 80 165 49 101 18 135 143 235 116 117 14 186 228 82 89 110 208 54 181 74 180 77 198 211 33 9 239 105 152 192 23 155 16 171 156 242 64 81 86 240 87 48 75 174 34 212 46 62 146 254 15 121 67 167 234 88 61 111 169 104 79 106 172 51 69 70 247 158 236 237 233 92 215 45 222 132 100 7 194 170 200 157 50 160 98 12 90 120 145 163 66 136 219 241 21 140 94 138 246 119 230 93 217 161 126 210 103 141 139 162 76 112 189 153 173 147 175 144 99 149 151 225 178 26 60 134 223 131 166 195 232 150 216 39 188 187 206 243 250 72 91 84 190 57 148 209 249 184 124 154 142 252 96 10 238 213 113
11 196 3 22 17 114 97 29 4 221 227 24 177 137 122 253 5 28 204 0 168 2 201 231 130 214 1 176 53 52 68 13 244 125 107 25 8 224 37 182 32 226 27 20 193 65 59 6 63 245 203 205 85 40 19 58 229 159 38 102 41 191 108 42 56 36 202 127 133 71 179 197 207 95 255 199 248 30 251 73 31 115 123 109 44 47 185 220 78 35 43 164 183 129 118 128 83 55 218 80 165 49 101 18 135 143 235 116 117 14 186 228 82 89 110 208 54 181 74 180 77 198 211 33 9 239 105 152 192 23 155 157 171 156 242 64 81 86 240 87 48 75 174 34 212 46 62 146 254 15 121 67 167 234 88 61 111 169 104 79 106 172 51 69 70 247 158 236 237 233 92 215 45 222 132 100 7 194 170 200 16 50 160 98 12 90 120 145 163 66 136 219 241 21 140 94 138 246 119 230 93 217 161 126 210 103 141 139 162 76 112 189 153 173 147 175 144 99 149 151 225 178 26 60 134 223 131 166 195 232 150 216 39 188 187 206 243 250 72 91 84 190 57 148 209 249 184 124 154 142 252 96 10 238 213 113
11 196 3 22 17 114 97 29 4 221 227 24 177 137 122 253 5 28 204 0 168 2 201 231 130 214 1 176 186 52 68 13 173 125 107 25 8 224 37 182 32 226 27 20 193 65 59 6 63 245 203 205 85 14 19 58 229 159 38 102 166 191 108 42 56 36 202 127 133 71 179 197 207 95 255 199 248 30 251 73 31 115 123 109 44 47 185 220 78 35 43 164 183 129 118 128 83 55 218 80 165 49 101 18 135 143 235 116 117 40 15 228 82 89 110 208 54 181 74 180 77 198 211 33 9 239 105 152 192 23 155 16 171 156 242 64 81 86 240 87 48 75 174 34 212 46 62 146 254 53 121 67 167 234 88 61 111 169 104 79 106 172 41 69 70 91 158 236 237 233 92 215 45 222 132 100 7 194 170 200 157 50 160 98 12 90 120 145 163 66 136 219 241 21 140 94 138 246 119 230 93 217 161 126 210 103 141 139 162 76 112 189 153 244 147 175 144 99 149 151 225 178 26 60 134 223 131 51 195 232 150 216 39 188 187 206 243 250 72 247 84 190 57 148 209 249 184 124 154 142 252 96 10 238 213 113
11 196 3 22 17 114 97 29 4 221 227 24 177 137 122 253 5 28 204 0 168 2 201 231 130 214 30 176 53 52 68 13 244 125 107 25 8 224 37 182 32 226 27 20 193 65 59 6 63 245 203 205 85 40 19 58 229 159 38 102 41 191 108 42 56 36 202 127 133 71 179 197 207 95 255 199 248 1 251 73 31 115 123 109 44 47 185 220 78 35 43 164 183 129 118 128 83 55 218 80 165 49 101 18 135 143 235 116 117 14 186 228 82 89 110 208 54 181 74 180 77 198 211 33 9 239 105 152 192 23 155 157 171 156 242 64 81 86 240 87 48 75 174 34 212 46 62 146 254 15 121 67 167 234 88 61 111 169 104 79 106 172 51 69 70 247 158 236 237 233 92 215 45 222 132 100 7 194 170 200 16 50 160 98 12 90 120 145 163 66 136 219 241 21 140 94 138 246 119 230 93 217 161 126 210 103 141 139 162 76 112 189 153 173 147 175 144 99 149 151 225 178 26 60 134 223 131 166 195 232 150 216 39 188 187 206 243 250 72 91 84 190 57 148 209 249 184 124 154 142 252 96 10 238 213 113
11 196 3 22 17 114 97 29 4 221 227 24 177 137 122 253 5 28 204 14 168 2 201 231 130 214 1 176 15 52 68 13 173 209 107 25 8 224 250 182 147 226 27 20 193 65 59 6 63 245 203 205 85 0 19 58 229 159 38 102 41 191 108 37 56 36 202 127 133 71 179 197 207 95 255 199 248 30 251 73 31 131 162 109 44 123 185 118 78 35 43 164 183 129 220 128 126 55 218 80 165 49 101 18 57 143 235 116 117 40 186 228 82 89 110 208 54 181 74 180 77 198 211 33 9 239 105 152 192 23 155 16 171 156 150 64 81 86 240 87 48 75 174 34 212 46 62 146 254 103 121 83 167 234 88 61 111 169 104 79 106 172 51 69 70 91 158 236 237 233 92 215 45 222 132 100 7 194 170 200 157 50 160 98 12 90 120 145 163 66 136 219 241 21 140 94 138 246 119 230 93 217 161 67 210 32 141 139 47 76 112 189 153 244 53 175 144 99 149 151 225 178 26 60 134 223 115 166 195 232 242 216 39 188 187 206 243 42 72 247 84 190 135 148 125 249 184 124 154 142 252 96 10 238 213 113
11 196 3 22 17 114 97 29 4 221 227 24 177 137 122 253 5 28 204 14 168 2 201 231 130 214 1 176 15 52 68 13 173 209 107 25 8 224 250 182 147 226 27 20 193 65 59 6 63 245 203 205 85 0 19 58 229 159 38 102 41 191 108 37 56 36 202 127 133 71 179 197 207 95 255 199 248 30 251 73 31 131 162 109 44 123 185 118 78 35 43 164 183 129 220 128 126 55 218 80 165 49 101 18 135 143 235 116 117 40 186 228 82 89 110 208 54 181 74 180 77 198 211 33 9 239 105 152 192 23 155 16 171 156 150 64 81 86 240 87 48 75 174 34 212 46 62 146 254 103 121 83 167 234 88 61 111 169 104 79 106 172 51 69 70 91 158 236 237 233 92 215 45 222 132 100 7 194 170 200 157 50 160 98 12 90 120 145 163 66 136 219 241 21 140 94 138 246 119 230 93 217 161 67 210 32 141 139 47 76 112 189 153 244 53 175 144 99 149 151 225 178 26 60 134 223 115 166 195 232 242 216 39 188 187 206 243 42 72 247 84 190 57 148 125 249 184 124 154 142 252 96 10 238 213 113
11 196 3 22 17 114 97 29 4 221 227 24 177 141 122 253 5 28 204 0 168 2 201 231 130 214 1 176 15 52 68 13 173 209 107 25 199 224 37 182 32 142 27 20 193 65 59 6 63 245 120 205 85 14 19 70 229 159 38 102 41 191 166 42 56 36 90 127 133 71 179 197 207 95 255 8 248 30 251 73 31 115 47 109 44 123 185 220 78 35 43 164 183 129 118 128 83 55 218 80 165 49 101 18 135 143 235 116 117 40 186 228 82 89 110 208 54 181 74 180 155 198 39 33 9 239 105 152 192 23 77 16 171 156 242 64 81 86 240 87 48 75 174 34 212 46 62 146 137 53 121 67 167 234 88 61 111 169 104 79 106 172 51 69 58 91 158 236 237 233 92 215 45 222 132 100 7 194 170 200 157 50 160 98 12 202 203 145 163 66 136 219 241 21 140 94 138 246 119 230 93 217 161 126 210 103 254 139 162 76 112 189 153 244 147 175 144 99 149 151 225 178 26 60 134 223 131 108 195 232 150 216 226 188 187 206 243 250 72 247 84 190 57 148 125 249 184 124 154 211 252 96 10 238 213 113
11 196 3 22 17 114 97 29 4 221 227 24 177 141 122 253 5 28 204 0 168 2 201 231 130 214 1 176 15 52 68 13 173 209 107 25 199 224 37 182 32 142 27 20 193 65 59 6 63 245 120 205 85 14 19 70 229 159 38 102 41 191 166 42 56 36 90 127 133 71 179 197 207 95 255 8 248 30 251 73 31 115 47 109 44 123 185 220 78 35 43 164 183 129 118 128 83 55 218 80 165 49 101 18 135 143 235 116 117 40 186 228 82 89 110 208 54 181 74 180 155 198 39 33 9 239 105 152 192 23 77 16 171 156 242 64 81 86 240 87 48 75 174 34 212 46 62 146 137 53 121 67 167 234 88 61 111 169 104 79 106 172 51 69 58 91 158 236 237 233 92 215 45 222 132 100 7 194 170 200 157 238 160 98 12 202 203 145 163 66 136 219 241 21 140 94 138 246 119 230 93 217 161 126 210 103 254 139 162 76 112 189 153 244 147 175 144 99 149 151 225 178 26 60 134 223 131 108 195 232 150 216 226 188 187 206 243 250 72 247 84 190 57 148 125 249 184 124 154 211 252 96 10 50 213 113
11 196 3 22 17 114 97 29 4 221 227 233 177 137 122 253 5 28 76 0 168 2 201 231 130 214 1 176 15 52 68 13 173 209 107 25 8 224 37 182 32 226 27 20 193 65 59 6 63 245 203 205 85 14 19 58 229 159 38 102 41 191 108 42 56 36 202 127 133 71 179 197 207 95 255 199 248 30 251 73 31 115 47 109 44 123 185 220 78 35 116 164 183 129 118 128 83 55 218 80 165 49 101 18 135 143 235 43 117 40 186 228 82 89 110 208 54 181 74 180 77 198 211 33 9 239 105 152 192 23 155 16 171 156 242 64 81 86 139 87 48 75 67 34 212 46 62 146 254 53 121 174 167 234 88 61 111 169 104 79 106 172 51 69 70 247 158 236 237 24 92 215 45 222 132 100 7 194 170 200 157 50 160 98 12 90 120 145 163 66 136 219 241 21 140 94 138 246 119 230 93 217 161 126 210 103 141 240 162 204 112 189 153 244 147 175 144 99 149 151 225 178 26 60 134 223 131 166 195 232 150 216 39 188 187 206 243 250 72 91 84 190 57 148 125 249 184 124 154 142 252 96 10 238 213 113
11 196 3 22 17 114 97 29 4 221 227 233 177 137 122 253 5 28 204 0 168 2 201 231 130 214 1 176 15 52 68 13 173 209 107 25 8 224 37 182 32 226 27 20 193 65 59 6 63 245 203 205 85 14 19 58 229 159 38 102 41 191 108 42 56 36 202 127 133 71 179 197 207 95 255 199 248 30 251 73 31 115 47 109 44 123 185 220 78 35 116 164 183 129 118 128 83 55 218 80 165 49 101 18 135 143 235 43 117 40 186 228 82 89 110 208 54 181 74 180 77 198 211 33 9 239 105 152 192 23 155 16 171 156 242 64 81 86 139 87 48 75 67 34 212 46 62 146 254 53 121 174 167 234 88 61 111 169 104 79 106 172 51 69 70 247 158 236 237 24 92 215 45 222 132 100 7 194 170 200 157 50 160 98 12 90 120 145 163 66 136 219 241 21 140 94 138 246 119 230 93 217 161 126 210 103 141 240 162 76 112 189 153 244 147 175 144 99 149 151 225 178 26 60 134 223 131 166 195 232 150 216 39 188 187 206 243 250 72 91 84 190 57 148 125 249 184 124 154 142 252 96 10 238 213 113
11 196 3 22 17 114 97 29 10 221 166 24 177 137 122 253 5 28 204 70 168 2 201 231 130 214 254 176 4 52 193 13 173 125 107 25 8 224 37 182 32 226 27 20 172 65 59 6 63 245 203 205 85 14 19 58 229 159 38 102 41 191 108 42 56 36 202 127 133 45 179 197 207 95 255 199 248 30 251 73 31 115 47 109 44 123 185 220 78 35 43 164 183 225 118 128 83 55 218 80 165 49 101 68 135 143 235 116 117 40 129 228 82 89 110 208 54 181 74 180 77 198 211 33 9 239 105 152 192 23 155 16 171 156 242 64 81 86 240 87 48 75 174 92 212 46 62 146 1 53 121 67 167 234 88 61 111 169 104 79 106 18 51 69 0 91 131 236 237 233 34 215 71 222 132 100 7 194 170 200 157 50 160 98 12 90 120 145 163 66 136 219 241 21 140 94 138 246 119 230 93 217 161 126 210 103 141 139 162 209 112 189 153 244 147 175 144 99 149 151 227 178 26 60 134 223 186 158 195 232 150 216 39 188 187 206 243 250 72 247 84 190 57 148 124 249 184 76 154 142 252 96 15 238 213 113
11 196 3 22 17 114 97 29 15 31 227 24 177 137 122 253 5 28 204 172 168 2 201 231 130 214 186 176 4 52 68 13 173 125 107 25 8 224 37 182 32 226 27 20 193 65 59 6 63 245 203 205 85 14 19 58 229 159 38 102 41 191 108 42 56 36 202 127 133 71 179 197 207 95 255 199 248 30 251 73 221 115 47 109 44 123 185 220 78 35 43 164 183 1 118 128 83 55 218 80 165 49 101 18 135 143 235 116 117 40 129 228 82 89 110 208 54 181 74 180 77 198 211 33 9 151 105 152 192 23 155 16 171 156 242 64 81 86 240 87 48 75 174 34 212 46 62 146 254 53 121 67 167 234 88 61 111 169 104 79 106 0 51 69 70 91 158 236 237 233 92 215 45 222 132 100 7 194 170 200 157 50 160 98 12 90 120 145 163 66 136 219 241 21 140 94 138 246 119 230 93 217 161 126 210 76 141 139 162 103 112 189 153 244 147 175 144 99 149 239 225 178 26 60 134 223 131 166 195 232 150 216 39 188 187 206 243 250 72 247 84 190 57 148 209 249 184 124 154 142 252 96 10 238 213 113
11 196 3 22 17 114 97 29 15 78 227 24 177 137 122 253 5 28 204 0 168 2 151 231 130 214 1 176 4 52 68 13 173 125 107 25 8 224 37 182 32 226 27 20 193 65 59 6 63 245 187 205 85 14 19 58 229 186 38 102 41 191 108 42 56 36 109 127 133 71 179 197 207 95 255 199 248 30 251 73 31 115 47 202 44 123 185 220 221 35 43 164 183 129 118 128 83 55 218 80 165 49 101 18 135 143 235 116 117 40 180 228 82 89 110 208 54 181 74 132 77 198 211 33 9 145 105 152 192 23 155 70 171 156 242 64 81 86 240 87 48 75 174 34 212 46 62 146 254 53 121 201 167 234 88 61 111 169 104 79 106 172 51 69 217 91 158 236 237 233 209 215 45 222 159 100 7 194 170 200 157 50 160 98 12 90 120 239 163 66 136 219 241 21 140 94 138 246 119 230 93 16 161 126 210 103 141 139 162 243 112 189 153 244 147 175 144 99 149 67 225 178 26 60 134 223 131 166 195 232 150 216 39 188 203 206 76 250 72 247 84 190 57 148 92 249 184 124 154 142 252 96 10 238 213 113
11 196 3 22 17 114 97 29 15 78 227 24 177 137 122 253 5 28 204 0 168 2 151 231 130 214 1 176 4 52 68 13 173 125 107 25 8 224 37 182 32 226 27 20 193 65 59 6 63 245 187 205 85 14 19 58 229 186 38 102 41 191 108 42 56 36 109 127 133 71 179 197 207 95 255 199 248 30 251 73 31 115 47 202 44 123 185 220 221 35 43 164 183 129 118 128 83 55 218 80 165 49 101 18 135 143 235 116 117 40 180 228 82 89 110 208 54 181 74 132 77 198 211 33 9 145 105 152 192 23 155 70 171 156 242 64 81 86 240 87 48 75 174 34 212 46 62 146 254 53 121 201 167 234 88 61 111 169 104 79 106 172 51 69 217 91 158 236 237 233 209 215 45 222 159 100 7 194 170 200 157 50 160 98 12 90 120 239 163 139 136 219 241 21 140 94 138 246 119 230 93 16 161 126 210 103 141 66 162 243 112 189 153 244 147 175 144 99 149 67 225 178 26 60 134 223 131 166 195 232 150 216 39 188 203 206 76 250 72 247 84 190 57 148 92 249 184 124 154 142 252 96 10 238 213 113
11 196 3 22 17 114 97 29 15 78 227 24 177 137 122 253 5 28 204 0 168 2 151 231 130 214 1 176 4 52 68 13 173 125 107 25 8 224 37 182 32 226 27 20 193 65 59 6 63 245 203 205 85 14 19 58 229 186 38 102 41 191 108 42 56 36 109 127 133 71 179 197 207 95 255 199 248 30 251 73 31 115 47 202 44 123 185 220 221 35 43 164 183 129 118 128 83 55 218 80 165 49 101 18 135 143 235 116 117 40 180 228 82 89 110 208 54 181 74 132 77 198 211 33 9 145 105 152 192 23 155 70 171 156 242 64 81 86 240 87 48 75 174 34 212 46 62 146 254 53 121 201 167 234 88 61 111 169 104 79 106 172 51 69 217 91 158 236 237 233 209 215 45 222 159 100 7 194 170 200 157 50 160 98 12 90 120 239 163 66 136 219 241 21 140 94 138 246 119 230 93 16 161 126 210 103 141 139 162 243 112 189 153 244 147 175 144 99 149 67 225 178 26 60 134 223 131 166 195 232 150 216 39 188 187 206 76 250 72 247 84 190 57 148 92 249 184 124 154 142 252 96 10 238 213 113
11 196 3 22 17 114 97 29 15 221 8 24 177 137 122 253 5 28 204 172 168 2 151 231 130 214 129 176 235 52 68 13 173 150 107 25 227 224 37 182 32 226 27 20 193 65 59 6 63 245 203 205 85 171 19 58 124 159 38 102 41 191 108 42 56 36 202 127 133 71 179 197 207 95 255 199 167 30 251 73 31 115 47 109 44 123 185 220 90 35 43 164 183 1 118 128 83 55 218 80 165 49 101 18 135 143 134 116 117 40 186 228 82 89 110 208 54 181 74 180 77 198 211 33 9 239 105 152 192 23 155 254 14 156 242 64 81 86 240 87 48 75 174 34 212 46 62 146 16 53 121 67 248 234 88 61 111 169 104 79 106 145 51 69 70 91 158 236 237 233 92 215 45 222 132 100 7 194 170 200 157 50 160 98 12 78 120 0 163 66 136 219 241 21 140 94 138 246 119 230 93 217 161 126 210 76 141 139 162 103 112 189 153 244 147 175 144 99 149 201 225 209 26 60 4 223 131 166 195 232 178 216 39 188 187 206 243 250 72 247 84 190 57 148 154 249 184 229 125 142 252 96 10 238 213 113
11 196 3 22 17 114 97 29 15 221 34 24 177 38 122 253 5 28 204 0 168 2 151 231 130 214 96 176 4 52 68 13 173 209 107 25 8 224 37 182 32 226 27 20 193 65 59 6 63 102 203 205 85 14 19 58 229 159 137 187 41 191 108 42 56 115 202 127 133 71 179 197 207 95 255 199 152 30 251 73 31 36 47 109 44 123 185 220 78 35 43 164 183 129 118 128 83 55 218 80 165 49 101 18 135 143 235 116 117 40 186 228 82 89 110 208 54 213 74 180 77 198 211 33 9 239 105 248 192 23 155 16 171 156 242 64 81 86 240 87 48 75 174 227 212 46 62 146 254 53 121 67 167 234 88 61 111 169 104 79 106 172 51 69 70 91 158 236 237 233 92 215 45 222 132 100 7 194 170 200 157 50 160 98 12 90 120 145 163 66 136 219 241 21 140 94 138 246 119 230 93 217 161 126 210 103 141 139 162 149 112 189 153 244 147 175 144 99 76 201 225 178 26 60 134 223 131 166 195 232 150 216 39 188 245 206 243 250 72 247 84 190 57 148 125 249 184 124 154 142 252 1 10 238 181 113
11 196 3 22 17 114 97 29 15 221 34 24 177 137 122 253 5 28 147 0 168 2 151 231 130 214 1 176 4 52 68 13 173 209 107 98 8 224 37 182 32 226 27 20 193 65 59 6 63 245 203 205 85 14 19 58 229 159 38 102 124 191 108 42 56 36 202 127 133 71 179 197 207 95 255 199 248 30 251 73 31 115 47 109 44 123 185 220 78 35 43 164 183 129 118 128 83 55 218 80 165 49 101 18 135 143 235 116 117 40 186 228 82 89 110 208 54 181 74 180 77 198 211 33 9 239 105 152 192 23 155 16 171 156 242 64 81 86 240 87 48 75 174 227 212 46 62 146 254 53 121 67 167 234 88 61 111 169 104 79 106 172 51 69 70 91 158 236 237 233 92 215 45 222 132 100 7 194 170 200 157 50 160 25 12 90 120 145 163 66 136 219 241 21 140 94 138 246 119 230 93 217 161 126 210 103 141 139 162 76 112 189 153 244 204 175 144 99 149 201 225 178 26 60 134 223 131 166 195 232 150 216 39 188 187 206 243 250 72 247 84 190 57 148 125 249 184 41 154 142 252 96 10 238 213 113
11 196 3 22 17 114 97 29 15 221 34 24 177 137 122 253 5 28 204 0 168 2 151 231 130 214 1 176 4 52 68 13 173 209 107 25 8 224 37 182 32 226 27 20 193 65 59 6 63 187 203 205 85 14 19 58 229 159 38 102 41 191 108 42 56 115 202 127 133 71 179 197 207 95 255 199 248 30 223 73 31 36 47 109 44 123 185 220 78 35 43 164 183 129 118 128 83 55 218 80 165 49 101 18 135 143 235 116 117 40 186 228 82 89 110 208 51 181 74 180 77 198 211 33 9 239 105 152 192 23 155 16 171 156 242 64 81 86 240 87 48 75 174 227 212 46 62 146 254 53 121 67 167 234 88 61 111 169 104 79 106 172 54 69 70 91 158 236 237 233 92 215 45 222 132 100 7 194 170 200 157 50 160 98 12 90 120 145 163 66 136 219 241 21 140 94 138 246 119 230 93 217 161 126 210 103 141 139 162 213 112 189 153 244 147 175 144 99 149 201 225 178 26 60 134 251 76 166 195 232 150 216 39 188 245 206 243 250 72 247 84 190 57 148 125 249 184 124 154 142 252 96 10 238 131 113
11 196 3 22 17 114 97 29 15 221 34 24 177 137 122 253 5 28 204 0 168 2 151 231 130 214 1 176 4 52 68 13 173 209 107 25 8 224 37 182 32 226 27 20 193 65 59 6 63 187 203 205 85 14 19 58 229 159 38 102 41 191 108 42 56 115 202 127 133 71 179 197 207 95 255 199 248 30 223 73 31 36 47 109 44 123 185 220 78 35 43 164 183 129 118 128 83 55 218 80 165 49 101 18 135 143 235 116 117 40 186 228 82 89 110 208 51 181 74 180 77 198 211 33 9 239 105 152 192 23 155 16 171 156 242 64 81 86 240 87 48 75 174 227 212 46 62 146 254 53 121 67 167 234 88 61 111 169 104 79 106 172 54 69 70 91 158 236 237 233 92 215 45 222 245 100 7 194 170 200 157 50 160 98 12 90 120 145 163 66 136 219 241 21 140 94 138 246 119 230 93 217 161 126 210 103 141 139 162 213 112 189 153 244 147 175 144 99 149 201 225 178 26 60 134 251 76 166 195 232 150 216 39 188 132 206 243 250 72 247 84 190 57 148 125 249 184 124 154 142 252 96 10 238 131 113
11 196 3 22 17 114 97 29 15 221 34 24 177 137 122 253 5 28 204 0 168 2 151 231 130 214 1 176 4 52 68 13 173 209 107 25 8 224 37 182 32 226 27 20 193 65 59 6 63 245 203 205 85 14 19 58 229 159 38 102 41 191 108 42 56 36 202 127 133 71 179 197 207 95 255 199 248 30 251 73 31 115 47 109 44 123 185 220 78 35 43 164 183 129 118 235 83 55 218 80 165 49 101 18 135 143 128 116 117 40 186 228 82 89 110 208 54 181 74 180 77 198 211 33 9 239 105 152 192 23 155 16 171 156 242 64 81 86 240 87 48 75 174 227 212 46 62 146 254 53 121 67 167 234 88 61 111 169 104 79 106 172 51 69 70 91 158 236 233 237 92 215 45 222 132 100 7 194 170 200 157 50 160 98 12 90 120 145 163 66 136 219 241 21 140 94 138 246 119 230 93 217 161 126 210 103 141 139 162 213 112 189 153 244 147 175 144 99 149 201 225 178 26 60 134 223 76 166 195 232 150 216 39 188 187 206 243 250 72 247 84 190 57 148 125 249 184 124 154 142 252 96 10 238 131 113
11 196 3 22 17 114 97 29 15 221 34 24 177 137 122 253 5 28 204 0 168 2 151 231 130 214 1 176 4 52 68 13 173 209 107 25 8 224 37 182 32 226 27 20 193 65 59 6 63 245 203 205 85 14 19 58 229 159 38 102 41 191 108 42 181 36 202 127 133 71 179 197 207 95 255 199 248 30 251 73 31 115 47 109 44 123 185 220 78 35 43 164 183 129 118 128 83 55 218 80 165 49 101 18 135 143 235 116 117 40 186 228 82 89 110 208 119 56 74 180 76 198 211 33 9 239 105 152 192 23 155 16 171 156 242 64 81 86 240 87 48 75 174 227 212 46 62 146 254 53 121 67 167 234 88 61 111 169 104 79 106 172 51 69 70 91 158 236 237 233 92 215 45 222 132 100 7 194 170 200 157 50 160 98 12 90 120 145 163 66 136 219 241 21 140 94 138 246 54 230 93 217 161 126 210 103 141 139 162 77 112 189 153 244 147 175 144 99 149 201 225 178 26 60 134 223 131 166 195 232 150 216 39 188 187 206 243 250 72 247 84 190 57 148 125 249 184 124 154 142 252 96 10 238 213 113
11 196 3 22 17 114 97 29 15 221 34 24 177 137 122 253 5 28 204 0 168 2 151 231 130 214 1 176 4 52 68 13 173 209 107 25 8 224 37 182 32 226 27 20 193 65 59 6 63 245 203 205 85 14 19 58 229 159 38 102 41 191 108 42 181 115 202 127 133 71 179 197 207 95 255 199 248 30 251 73 31 36 47 109 44 123 185 220 78 35 43 164 183 129 118 128 83 55 218 80 165 49 101 18 135 143 235 116 117 40 186 228 82 89 110 208 54 56 74 180 76 198 211 33 9 239 105 152 192 23 155 16 171 156 242 64 77 86 240 87 48 75 174 227 212 46 62 146 254 53 121 67 167 234 88 61 111 169 104 79 106 172 51 69 70 91 158 236 237 233 92 215 45 222 132 100 7 194 170 200 157 50 160 98 12 90 120 145 163 66 136 219 241 21 140 94 138 246 119 230 93 217 161 126 210 103 141 139 162 81 112 189 153 244 147 175 144 99 149 201 225 178 26 60 134 223 131 166 195 232 150 216 39 188 187 206 243 250 72 247 84 190 57 148 125 249 184 124 154 142 252 96 10 238 213 113
11 196 3 22 17 114 97 29 15 221 34 24 177 137 122 253 5 28 204 0 168 2 151 231 130 214 1 176 4 52 68 13 173 209 107 25 8 224 37 182 32 226 27 20 193 65 59 6 63 245 203 205 85 14 76 58 229 159 38 102 41 191 108 42 56 36 202 127 133 71 179 197 207 95 255 199 248 30 251 73 31 115 47 109 44 233 185 220 78 35 43 164 183 227 118 128 83 55 218 80 165 49 101 18 135 143 235 116 117 40 186 228 82 89 110 208 54 181 74 180 77 198 211 33 9 239 105 152 192 23 155 16 171 156 242 64 81 86 240 87 48 75 174 129 212 46 62 146 254 53 121 67 167 234 88 61 111 169 104 79 106 172 51 69 70 91 158 236 237 123 92 215 45 222 132 100 7 194 170 200 157 50 160 98 12 90 120 145 163 66 19 219 241 21 140 94 138 246 119 230 93 217 161 126 125 103 141 139 162 136 112 189 153 244 147 175 144 99 149 201 225 178 26 60 134 223 131 166 195 232 150 216 39 188 187 206 243 250 72 247 84 190 57 148 210 249 184 124 154 142 252 96 10 238 213 113
11 196 3 22 17 114 97 29 15 221 34 24 177 137 122 253 5 28 204 0 168 2 151 231 130 214 1 176 4 52 68 13 173 209 107 25 8 224 37 182 32 226 27 20 193 65 59 6 63 245 203 205 85 14 76 58 229 159 38 102 41 191 108 42 56 36 202 127 133 71 179 197 207 95 255 199 248 30 251 73 31 115 47 109 44 233 185 220 78 35 43 164 183 227 118 128 83 55 218 80 165 49 101 18 135 143 235 116 117 40 186 228 82 89 110 208 54 181 74 180 77 198 211 33 9 239 105 152 192 23 155 16 171 156 242 64 81 86 240 87 48 75 174 129 212 46 62 146 254 53 121 67 167 234 88 61 111 169 104 79 106 172 51 69 70 91 158 236 237 123 92 215 45 222 132 100 7 194 170 200 157 50 160 98 12 90 120 145 163 66 136 219 241 21 140 94 138 246 119 230 93 217 161 126 125 103 141 139 162 19 112 189 153 244 147 175 144 99 149 201 225 178 26 60 134 223 131 166 195 232 150 216 39 188 187 206 243 250 72 247 84 190 57 148 210 249 184 124 154 142 252 96 10 238 213 113
11 196 3 22 17 114 97 29 15 221 34 24 177 137 122 253 5 28 204 0 168 2 151 231 130 214 1 176 4 52 68 13 173 209 107 25 8 224 37 182 32 226 27 20 193 65 59 6 63 245 203 205 85 14 187 58 229 159 38 102 41 191 108 42 181 115 202 127 133 71 179 197 207 95 255 199 248 30 251 73 31 36 47 109 44 123 185 220 78 35 43 164 183 129 118 128 83 55 218 80 165 49 101 18 135 143 235 116 117 40 186 228 82 89 110 208 54 56 74 180 76 198 211 33 9 239 105 152 192 23 155 16 171 156 242 64 77 86 240 87 48 75 174 227 212 46 62 146 254 53 121 67 167 234 88 61 111 169 104 79 106 172 51 69 70 91 158 236 237 233 92 215 45 222 132 100 7 194 170 200 157 50 160 98 12 90 120 145 163 66 136 219 241 21 140 94 138 246 119 230 93 217 161 126 210 103 141 139 162 81 112 189 153 244 147 175 144 99 149 201 225 178 26 60 134 223 131 166 195 232 150 216 39 188 19 206 243 250 72 247 84 190 57 148 125 249 184 124 154 142 252 96 10 238 213 113
11 196 3 22 17 114 97 29 15 221 34 24 177 137 122 253 5 28 204 0 168 2 151 231 130 214 1 176 4 52 68 13 173 209 107 25 8 224 37 182 32 226 27 36 193 65 59 6 63 245 203 205 85 14 19 58 229 159 38 102 41 191 108 42 56 20 202 127 133 71 179 197 207 95 255 199 248 30 251 73 31 115 47 109 44 166 185 220 78 35 43 164 183 129 118 128 83 55 218 80 165 49 101 18 135 143 235 116 117 40 186 228 82 89 110 208 54 181 74 180 77 198 211 33 9 239 105 152 192 23 155 16 171 156 242 64 81 86 240 87 48 75 174 227 212 46 62 146 254 53 98 67 167 234 88 61 111 169 104 79 106 172 51 69 70 91 158 236 237 233 92 215 45 222 132 100 7 194 170 200 157 50 160 121 12 90 120 145 163 66 136 219 241 21 140 94 138 246 119 230 93 217 161 126 210 103 141 139 162 213 112 189 153 244 147 175 144 99 149 201 225 178 26 60 134 223 131 123 195 232 150 216 39 188 187 206 243 250 72 247 84 190 57 148 125 249 184 124 154 142 252 96 10 238 76 113
11 196 3 22 17 114 97 29 15 221 34 24 177 137 122 253 5 28 204 0 168 2 151 231 130 214 1 176 4 52 68 13 173 209 107 25 8 224 37 182 32 226 27 36 193 65 59 6 63 245 203 205 85 14 19 58 229 159 38 102 41 191 108 42 56 20 202 127 133 71 179 197 207 95 255 199 248 30 251 73 31 115 47 109 44 166 185 220 78 35 43 164 183 129 118 128 83 55 218 80 165 49 101 18 135 143 235 116 117 40 186 228 82 89 110 208 54 181 74 180 77 198 211 33 9 239 105 152 192 23 155 16 171 156 242 64 81 86 240 87 48 75 174 227 212 46 62 146 254 53 121 67 167 234 88 61 111 169 104 79 106 172 51 69 70 91 158 236 237 233 92 215 45 222 132 100 7 194 170 200 157 50 160 98 12 90 120 145 163 66 136 219 241 21 140 94 138 246 119 230 93 217 161 126 210 103 141 139 162 213 112 189 153 244 147 175 144 99 149 201 225 178 26 60 134 223 131 123 195 232 150 216 39 188 187 206 243 250 72 247 84 190 57 148 125 249 184 124 154 142 252 96 10 238 76 113
11 196 3 22 17 114 97 29 15 221 34 24 177 137 122 253 5 28 204 0 168 2 151 231 130 214 1 176 4 52 68 13 173 209 107 67 8 224 37 182 32 226 27 20 193 65 59 6 63 245 203 205 85 14 19 58 229 159 18 102 41 191 108 42 56 115 202 127 133 71 179 197 207 95 255 199 248 30 251 73 31 36 47 109 44 123 185 220 78 35 43 164 183 129 118 128 83 55 218 80 165 49 101 38 135 143 235 116 117 40 186 228 82 89 110 208 54 181 74 180 77 198 211 33 9 239 105 152 192 23 155 16 171 156 242 64 81 86 240 87 48 75 174 227 212 46 62 146 254 53 121 25 167 234 88 61 111 169 104 79 106 172 51 69 70 91 158 236 237 233 92 215 45 222 132 100 7 194 170 200 157 50 160 98 12 90 120 145 163 66 136 219 241 21 140 94 138 246 119 230 93 217 161 126 210 103 141 139 162 76 112 189 153 244 147 175 144 99 149 201 225 178 26 60 134 223 131 166 195 232 150 216 39 188 187 206 243 250 72 247 84 190 57 148 125 249 184 124 154 142 252 96 10 238 213 113
11 196 3 22 17 114 97 29 15 221 34 24 177 137 122 253 5 28 204 0 168 2 151 231 130 214 1 176 4 52 68 13 173 209 107 67 8 224 37 182 32 226 27 20 193 65 59 6 63 245 203 205 85 14 19 58 229 159 38 102 41 191 108 42 56 115 202 127 133 71 179 197 207 95 255 199 248 30 251 73 31 36 47 109 44 123 185 220 78 35 43 164 183 129 118 128 83 55 218 80 165 49 101 18 135 143 235 116 117 40 186 228 82 89 110 208 54 181 74 180 77 198 211 33 9 239 105 152 192 23 155 16 171 156 242 64 81 86 240 87 48 75 174 227 212 46 62 146 254 53 121 25 167 234 88 61 111 169 104 79 106 172 51 69 70 91 158 236 237 233 92 215 45 222 132 100 7 194 170 200 157 50 160 98 12 90 120 145 163 66 136 219 241 21 140 94 138 246 119 230 93 217 161 126 210 103 141 139 162 76 112 189 153 244 147 175 144 99 149 201 225 178 26 60 134 223 131 166 195 232 150 216 39 188 187 206 243 250 72 247 84 190 57 148 125 249 184 124 154 142 252 96 10 238 213 113
11 196 3 22 17 114 97 29 15 221 34 24 177 137 122 253 5 28 204 0 168 2 151 231 130 214 1 176 4 52 68 13 173 213 107 25 8 224 37 182 32 226 27 20 193 65 59 6 63 245 203 205 85 14 19 58 229 159 38 102 41 191 108 42 56 36 202 127 133 71 179 197 207 95 255 199 248 30 251 73 31 115 47 109 44 123 185 220 78 35 43 164 183 129 118 128 83 55 218 80 165 49 101 18 135 143 235 116 117 40 186 228 82 89 110 208 54 181 74 180 77 198 211 33 9 239 105 152 192 23 155 16 171 156 242 64 81 86 240 87 48 75 174 227 212 46 62 146 254 53 121 67 167 234 88 61 111 169 104 79 106 172 51 69 70 91 158 236 237 96 92 215 45 222 132 100 7 194 170 200 157 50 160 98 12 90 120 145 163 66 136 219 241 21 140 94 138 246 119 230 93 217 161 126 210 216 141 139 162 209 112 189 153 244 147 175 144 99 149 201 225 178 26 60 134 223 113 166 195 232 150 103 39 188 187 206 243 250 72 247 84 190 57 148 125 249 184 124 154 142 252 233 10 238 131 76
11 196 3 22 17 114 97 29 15 221 34 24 177 137 122 253 5 28 204 0 168 2 151 231 130 214 1 176 195 52 68 13 173 209 107 25 8 224 37 182 32 226 27 20 193 65 59 6 63 245 203 205 85 14 19 58 229 159 38 102 41 70 108 42 56 36 202 127 133 71 179 197 207 95 255 199 248 30 251 73 31 115 47 109 180 166 185 220 78 35 43 164 172 129 118 128 83 157 218 80 165 49 101 18 135 143 235 116 117 40 186 228 82 89 110 208 54 181 74 44 76 198 211 33 9 239 105 152 192 23 104 16 171 156 242 100 77 86 240 87 48 75 174 154 212 46 62 146 254 53 121 67 167 234 88 61 111 169 155 79 106 183 51 69 191 91 158 236 237 233 92 215 45 222 132 64 7 194 170 200 55 50 160 98 12 90 120 145 163 66 136 219 241 21 140 94 138 246 119 230 93 217 161 126 210 103 141 139 162 81 112 189 153 244 147 175 144 99 149 201 225 178 26 60 134 223 131 123 4 232 150 216 39 188 187 206 243 250 72 247 84 190 57 148 125 249 184 124 227 142 252 96 10 238 213 113
11 196 3 22 17 114 97 29 15 221 34 24 177 137 122 253 5 28 204 0 168 2 151 231 130 214 1 176 195 52 68 13 173 209 107 25 8 224 37 182 32 226 27 20 193 65 59 6 63 245 203 205 85 14 19 58 229 159 38 102 41 70 108 42 56 36 202 127 133 71 179 197 207 95 255 199 248 30 251 73 31 115 47 109 180 166 185 220 78 35 43 164 172 129 118 128 83 157 218 80 165 49 101 18 135 143 235 116 117 40 186 228 82 89 110 208 54 181 74 44 76 198 211 33 9 239 105 152 192 23 104 16 171 156 242 100 77 86 240 87 48 75 174 227 212 46 62 146 254 53 121 67 167 234 88 61 111 169 155 79 106 183 51 69 191 91 158 236 237 233 92 215 45 222 132 64 7 194 170 200 55 50 160 98 12 90 120 145 163 66 136 219 241 21 140 94 138 246 119 230 93 217 161 126 210 103 141 139 162 81 112 189 153 244 147 175 144 99 149 201 225 178 26 60 134 223 131 123 4 232 150 216 39 188 187 206 243 250 72 247 84 190 57 148 125 249 184 124 154 142 252 96 10 238 213 113
11 196 3 22 17 114 97 29 15 221 34 24 177 137 122 253 5 28 204 0 168 2 151 231 130 214 96 176 4 52 68 13 173 209 107 25 8 224 37 182 32 226 27 20 193 65 59 6 63 102 203 205 85 14 19 58 229 159 38 187 41 191 108 42 56 115 202 127 133 71 179 197 207 95 255 199 152 30 251 73 31 36 47 109 44 123 185 220 78 35 43 164 183 129 118 128 83 55 218 80 165 49 101 18 135 143 235 116 117 40 186 228 82 89 110 208 54 213 74 180 77 198 211 33 9 239 105 248 192 23 155 16 171 156 242 64 81 86 240 87 48 75 174 227 212 46 62 146 254 53 121 67 167 234 88 61 111 169 104 79 106 172 51 69 70 91 158 236 237 233 92 215 45 222 132 100 7 194 170 200 157 50 160 98 12 90 120 145 163 66 136 219 241 21 140 94 138 246 119 230 93 217 161 126 210 103 141 139 162 76 112 189 153 244 147 175 144 99 149 201 225 178 26 60 134 223 131 166 195 232 150 216 39 188 245 206 243 250 72 247 84 190 57 148 125 249 184 124 154 142 252 1 10 238 181 113
11 196 3 22 17 114 97 29 15 221 34 24 177 137 122 253 5 28 204 0 168 2 151 231 130 214 96 176 4 52 68 13 173 209 107 25 8 224 37 182 32 226 27 20 193 65 59 6 63 102 203 205 85 14 19 58 229 159 38 187 41 191 108 42 56 115 202 127 133 71 179 197 207 95 255 199 152 30 251 73 31 36 47 109 44 123 185 220 78 35 43 164 183 129 118 128 83 55 218 80 165 49 101 18 135 143 235 116 117 40 186 228 82 89 110 208 54 213 74 180 77 198 211 33 9 239 105 248 192 23 155 16 171 156 242 64 81 86 240 87 48 75 174 227 212 46 62 146 254 53 121 67 167 234 88 61 111 169 104 79 106 172 51 69 70 91 158 236 237 233 92 215 45 222 132 100 7 194 170 200 157 50 160 98 12 90 120 145 163 66 136 219 241 21 140 94 138 246 119 230 93 217 161 126 210 103 141 139 162 149 112 189 153 244 147 175 144 99 76 201 225 178 26 60 134 223 131 166 195 232 150 216 39 188 245 206 243 250 72 247 84 190 57 148 125 249 184 124 154 142 252 1 10 238 181 113
11 196 3 22 17 114 97 29 15 221 34 24 177 137 122 253 5 28 204 0 168 2 151 231 130 214 129 176 4 52 68 13 173 209 107 25 8 224 37 182 32 226 27 20 193 65 59 6 63 245 203 205 85 14 19 58 229 159 38 102 41 191 108 42 56 36 202 127 133 71 179 197 207 95 255 199 248 30 251 73 31 115 47 109 44 123 185 220 78 35 43 164 183 1 118 235 83 55 218 80 165 49 101 18 135 143 128 116 117 40 186 228 82 89 110 208 54 181 74 180 77 198 211 33 9 239 105 152 192 23 155 16 171 156 242 64 81 86 240 87 48 75 174 227 212 46 62 146 254 53 121 67 167 234 88 61 111 169 104 79 106 172 51 69 70 91 158 236 233 237 92 215 45 222 132 100 7 194 170 200 157 50 160 98 12 90 120 145 163 66 136 219 241 21 140 94 138 246 119 230 93 217 161 126 210 103 141 139 162 213 112 189 153 244 147 175 144 99 149 201 225 178 26 60 134 223 76 166 195 232 150 216 39 188 187 206 243 250 72 247 84 190 57 148 125 249 184 124 154 142 252 96 10 238 131 113
11 196 3 22 17 114 97 29 15 221 34 24 177 137 122 253 5 28 204 0 168 2 151 231 130 214 129 176 4 52 68 13 173 209 107 67 8 224 37 182 32 226 27 20 193 65 59 6 63 245 203 205 85 14 19 58 229 159 18 102 41 191 108 42 56 115 202 127 133 71 179 197 207 95 255 199 248 30 251 73 31 36 47 109 44 123 185 220 78 35 43 164 183 1 118 128 83 55 218 80 165 49 101 38 135 143 235 116 117 40 186 228 82 89 110 208 54 181 74 180 77 198 211 33 9 239 105 152 192 23 155 16 171 156 242 64 81 86 240 87 48 75 174 227 212 46 62 146 254 53 121 25 167 234 88 61 111 169 104 79 106 172 51 69 70 91 158 236 237 233 92 215 45 222 132 100 7 194 170 200 157 50 160 98 12 90 120 145 163 66 136 219 241 21 140 94 138 246 119 230 93 217 161 126 210 103 141 139 162 76 112 189 153 244 147 175 144 99 149 201 225 178 26 60 134 223 131 166 195 232 150 216 39 188 187 206 243 250 72 247 84 190 57 148 125 249 184 124 154 142 252 96 10 238 213 113
11 196 3 22 17 114 97 29 15 221 34 24 177 137 122 253 5 28 204 53 168 2 151 140 130 214 1 176 4 52 68 13 173 209 107 25 8 224 37 182 32 226 27 20 193 65 59 6 63 245 203 205 85 14 19 58 229 159 202 102 41 191 108 42 56 36 38 127 133 71 179 197 207 95 255 199 248 30 251 73 31 115 47 109 44 123 185 220 78 35 43 164 183 129 118 128 83 55 218 80 165 49 101 18 135 143 235 116 117 40 186 228 82 89 110 208 54 181 74 180 77 198 211 33 9 239 105 152 192 23 155 16 171 156 242 64 81 86 240 87 48 75 174 227 212 46 62 146 254 0 121 67 167 234 88 61 111 169 104 79 106 172 51 69 70 91 158 236 237 233 92 215 45 222 132 100 7 194 170 200 157 50 160 98 12 90 120 145 163 66 136 219 241 21 231 94 138 246 119 230 93 217 161 126 210 103 141 139 162 213 112 189 153 244 147 175 144 99 149 201 225 178 26 60 134 223 131 166 195 232 150 216 39 188 187 206 243 250 72 247 84 190 57 148 125 249 184 124 154 142 252 96 10 238 76 113
11 196 3 22 17 114 97 29 15 221 34 24 177 137 122 253 5 28 204 53 168 2 151 140 130 214 1 176 4 52 68 13 173 209 107 25 8 224 37 182 32 226 27 20 193 65 59 6 63 245 203 205 85 14 21 58 229 159 202 102 41 191 108 42 56 36 38 127 133 71 179 197 207 95 255 199 248 30 251 73 31 115 47 109 44 123 185 220 78 35 43 164 183 129 118 128 83 55 218 80 165 49 101 18 135 143 235 116 117 40 186 228 82 89 110 208 54 181 74 180 77 198 211 33 9 239 105 152 192 23 155 16 171 156 242 64 81 86 240 87 48 75 174 227 212 46 62 146 254 0 121 67 167 234 88 61 111 169 104 79 106 172 51 69 70 91 158 236 237 233 92 215 45 222 132 100 7 194 170 200 157 50 160 98 12 90 120 145 163 66 136 219 241 19 231 94 138 246 119 230 93 217 161 126 210 103 141 139 162 213 112 189 153 244 147 175 144 99 149 201 225 178 26 60 134 223 131 166 195 232 150 216 39 188 187 206 243 250 72 247 84 190 57 148 125 249 184 124 154 142 252 96 10 238 76 113
11 196 3 22 17 114 97 29 15 221 34 24 177 137 122 253 5 28 204 153 168 2 151 231 130 214 1 176 4 52 68 13 173 209 107 25 8 224 37 182 32 226 27 20 193 65 59 6 63 187 202 205 85 14 19 58 229 159 38 102 41 191 108 42 56 36 125 127 133 45 179 197 207 95 255 199 248 30 251 73 31 115 47 109 44 123 185 220 78 35 43 164 183 129 118 128 83 55 218 80 165 49 101 18 135 143 235 116 117 40 186 228 82 89 110 208 54 181 74 180 76 198 211 33 9 239 201 152 192 23 155 16 171 156 242 64 77 86 240 87 48 75 174 227 212 46 62 146 254 53 121 67 167 234 88 61 111 169 104 79 106 172 51 69 70 91 158 236 237 233 92 215 71 222 132 100 7 194 170 200 157 50 160 98 12 90 120 145 163 66 136 219 241 21 140 94 138 246 119 230 93 217 161 126 210 103 141 139 162 81 112 189 0 244 147 175 144 99 149 105 225 178 26 60 134 223 131 166 195 232 150 216 39 188 245 206 243 250 72 247 84 190 57 148 203 249 184 124 154 142 252 96 10 238 213 113
11 196 3 22 17 114 97 29 15 221 34 24 177 137 122 253 5 28 204 153 168 2 151 231 130 214 1 176 4 52 68 13 173 209 107 25 8 224 37 182 32 226 27 20 193 65 59 6 63 245 125 205 85 14 19 58 229 159 38 102 41 191 108 42 56 36 202 127 133 45 179 154 207 95 255 199 248 30 251 73 31 115 47 109 44 123 185 220 78 35 43 164 183 129 118 128 83 55 218 80 165 49 101 18 174 143 235 116 117 40 195 228 82 89 110 208 54 237 74 180 76 198 211 33 111 239 201 152 192 23 155 16 171 156 242 64 77 86 240 87 48 75 135 227 212 46 62 146 254 53 121 67 167 234 88 61 9 169 104 79 106 172 51 69 70 91 158 236 181 233 92 215 71 222 132 100 7 194 170 200 157 50 160 98 12 90 120 145 163 66 136 219 241 21 140 94 138 246 119 230 93 217 161 126 210 103 141 139 162 81 112 189 0 244 147 175 144 99 149 105 225 178 26 60 134 223 131 166 186 232 150 216 39 188 187 206 243 250 72 247 84 190 57 148 203 249 184 124 197 142 252 96 10 238 213 113
11 196 3 22 17 114 97 29 15 221 34 24 177 137 122 253 5 28 204 247 168 2 151 231 130 214 1 176 4 52 68 13 173 209 107 25 8 224 37 182 32 226 27 20 193 217 59 6 63 245 203 205 85 14 19 58 229 159 38 102 41 191 108 42 56 115 202 127 133 71 179 197 207 95 255 199 248 30 251 73 31 36 47 109 44 123 185 220 78 35 43 164 183 129 118 128 83 55 218 80 165 49 101 18 135 143 235 116 117 40 186 228 82 89 110 208 54 181 74 180 76 198 211 33 9 239 105 152 192 23 155 16 171 156 242 64 77 86 240 87 48 75 174 227 212 46 62 146 254 53 121 67 167 234 88 61 111 169 104 79 106 172 51 69 70 91 158 236 237 233 92 215 45 222 132 100 7 194 170 200 157 50 160 98 12 90 120 145 163 66 136 219 241 21 140 94 138 246 119 230 93 65 161 126 210 103 141 139 162 81 112 189 153 244 147 175 144 99 149 201 225 178 26 60 134 223 131 166 195 232 150 216 39 188 187 206 243 250 72 0 84 190 57 148 125 249 184 124 154 142 252 96 10 238 213 113
11 196 3 22 17 114 97 29 15 221 34 24 177 137 122 253 25 28 204 0 168 2 151 231 130 214 1 176 4 52 68 13 173 209 107 5 8 224 37 182 32 226 27 20 193 65 59 6 63 245 203 205 85 14 19 58 229 159 38 102 41 191 108 42 181 36 202 127 133 71 179 197 207 95 255 199 248 30 251 73 31 115 47 109 44 123 185 220 78 35 43 164 183 129 118 128 83 55 218 80 165 49 101 18 135 143 235 116 117 40 186 228 82 89 110 208 54 56 74 180 76 198 211 33 9 239 105 152 192 23 155 16 171 156 242 64 81 86 240 87 48 75 174 227 212 46 62 146 254 53 121 67 167 234 88 61 111 169 104 79 106 172 51 69 70 91 158 236 237 233 92 215 45 222 132 100 7 194 170 200 157 50 160 98 12 90 120 145 163 66 136 219 241 21 140 94 138 246 119 230 93 217 161 126 210 103 141 139 162 77 112 189 153 244 147 175 144 99 149 201 225 178 26 60 134 223 131 166 195 232 150 216 39 188 187 206 243 250 72 247 84 190 57 148 125 249 184 124 154 142 252 96 10 238 213 113
11 196 3 22 17 114 97 29 15 221 34 24 177 254 122 253 5 28 204 0 168 2 80 231 130 214 129 176 4 52 68 13 173 209 107 25 8 224 37 182 32 226 27 20 193 65 59 6 63 245 203 205 85 14 19 58 229 159 38 102 41 191 108 42 56 36 202 127 133 71 179 197 207 95 255 199 248 30 251 73 31 115 47 109 44 123 185 220 78 35 43 164 183 1 118 128 83 55 218 151 165 49 101 18 135 143 235 116 117 40 186 228 82 89 110 208 54 181 74 180 77 198 16 33 9 239 105 152 192 23 155 211 171 156 242 64 81 86 240 87 48 75 174 227 212 46 62 146 137 53 121 67 167 234 88 61 111 169 104 79 106 172 51 69 70 91 158 236 237 93 92 215 45 222 132 100 7 194 170 200 157 50 160 98 12 90 120 145 163 66 136 219 241 21 140 94 138 246 119 230 233 217 161 126 125 103 141 139 162 76 112 189 153 244 147 175 144 99 149 201 225 178 26 60 134 223 131 166 195 232 150 216 39 188 187 206 243 250 72 247 84 190 57 148 210 249 184 124 154 142 252 96 10 238 213 113
11 196 3 22 17 114 97 29 15 221 34 123 177 137 122 253 5 28 204 0 52 2 151 231 130 214 1 176 89 168 68 13 173 209 107 25 8 224 37 182 32 226 211 20 193 65 59 6 63 245 203 205 85 14 19 58 229 159 38 102 41 191 108 42 56 36 202 127 133 71 179 197 207 95 255 199 248 30 251 73 31 115 47 109 44 24 185 220 78 35 43 164 183 129 118 128 83 55 218 80 165 49 101 18 135 143 235 116 117 40 186 228 82 4 110 208 54 181 74 180 77 198 16 33 9 239 105 152 192 23 155 27 171 156 242 64 81 86 240 87 48 75 174 227 212 46 62 146 254 53 121 67 167 234 88 61 111 169 104 79 106 172 51 69 70 91 158 236 237 233 92 215 45 222 132 100 7 194 170 200 157 50 160 98 12 90 120 145 163 66 136 219 241 21 140 94 138 246 119 230 238 217 161 126 210 103 141 139 162 213 112 189 153 244 147 175 144 99 149 201 225 178 26 60 134 223 76 166 195 232 150 216 39 188 187 206 243 250 72 247 84 125 57 148 190 249 184 124 154 142 252 96 10 93 131 113
11 196 3 22 17 114 97 29 15 221 34 123 177 137 122 253 5 28 204 0 168 2 151 231 130 214 1 176 4 52 68 13 173 209 107 67 8 224 37 182 32 226 27 20 193 65 59 6 63 245 203 205 85 14 19 58 229 159 38 102 41 191 108 42 56 247 202 45 133 71 179 197 207 95 255 199 248 30 251 73 31 115 47 109 243 24 185 220 78 35 43 164 183 129 118 128 83 55 218 80 165 49 101 18 135 143 235 116 117 40 186 228 82 89 110 208 54 181 74 180 77 198 211 33 9 239 105 152 192 23 155 16 171 156 242 64 81 86 240 87 48 75 174 227 212 46 62 146 254 53 121 25 167 234 88 61 111 169 104 79 106 172 51 69 70 91 158 236 237 233 92 215 127 222 132 100 7 194 170 200 157 50 160 98 12 90 120 145 163 66 136 219 241 21 140 94 138 246 119 230 93 217 161 126 210 103 141 139 162 213 112 189 153 244 147 175 144 99 149 201 225 178 26 60 134 223 131 166 195 232 150 216 39 188 187 206 44 250 72 36 84 190 57 148 125 249 184 124 154 142 252 96 10 238 76 113
11 196 3 22 17 114 97 29 15 221 34 123 177 137 122 253 5 28 204 0 168 2 151 231 130 214 1 176 4 52 68 13 173 209 107 67 8 224 37 182 32 226 27 20 193 65 59 6 63 245 203 205 85 14 19 58 229 159 38 102 41 191 108 42 56 247 202 127 133 71 179 197 207 95 255 199 248 30 251 73 31 115 47 109 243 24 185 220 78 35 43 164 183 129 118 128 83 55 218 80 165 49 101 18 135 143 235 116 117 40 186 228 82 89 110 208 54 181 74 180 77 198 211 33 9 239 105 152 192 23 155 16 171 156 242 64 81 86 240 87 48 75 174 227 212 46 62 146 254 53 121 25 167 234 88 61 111 169 104 79 106 172 51 69 70 91 158 236 237 233 92 215 45 222 132 100 7 194 170 200 157 50 160 98 12 90 120 145 163 66 136 219 241 21 140 94 138 246 119 230 93 217 161 126 210 103 141 139 162 213 112 189 153 244 147 175 144 99 149 201 225 178 26 60 134 223 131 166 195 232 150 216 39 188 187 206 44 250 72 36 84 190 57 148 125 249 184 124 154 142 252 96 10 238 76 113
11 196 3 22 17 114 97 29 15 221 34 123 177 137 122 253 5 28 204 0 168 2 151 231 130 214 1 212 4 52 68 13 173 125 107 25 8 224 37 182 32 226 27 20 193 65 59 6 63 245 203 205 85 14 19 58 229 159 38 102 41 191 108 42 56 36 202 127 133 71 179 197 207 24 255 199 248 30 251 73 31 115 47 109 44 95 185 220 78 35 43 164 183 129 118 128 83 55 218 80 165 49 101 18 135 143 235 116 117 40 186 228 82 89 110 208 54 181 74 180 77 198 211 33 9 239 105 152 192 23 155 16 171 156 242 64 81 86 240 87 48 75 174 227 176 46 62 146 254 53 121 67 167 234 88 61 111 169 104 79 106 172 51 69 70 91 158 236 237 233 92 215 45 222 132 100 7 194 170 200 157 50 160 98 12 90 120 145 163 66 136 219 241 21 140 94 138 246 119 230 93 217 161 126 210 103 141 139 162 76 112 189 153 244 147 175 144 99 149 201 225 178 26 60 134 223 131 166 195 232 150 216 39 188 187 206 243 250 72 247 84 190 57 148 209 249 184 96 154 142 252 124 10 238 213 113
11 196 3 22 17 114 97 29 15 221 65 24 177 137 122 253 5 28 200 0 168 2 201 231 130 214 1 176 4 52 68 13 173 125 107 25 8 224 37 182 32 226 27 20 193 227 59 6 63 245 203 205 85 14 19 58 229 159 38 102 41 191 108 42 56 36 202 127 133 71 179 197 207 95 255 199 248 30 251 73 31 115 47 109 44 123 185 220 78 35 43 164 183 18 118 128 83 55 218 80 165 49 101 112 135 143 235 116 117 40 129 228 82 89 178 208 54 181 74 180 77 198 211 33 9 239 105 152 192 23 155 16 171 156 242 64 81 86 240 87 48 75 174 34 212 46 62 146 254 53 121 67 167 234 88 61 111 169 104 79 106 103 51 69 70 166 131 236 237 233 92 215 45 222 132 100 7 194 170 204 157 50 160 98 12 90 120 145 163 66 136 219 241 21 140 94 138 246 119 230 93 217 161 126 210 91 141 139 162 209 172 189 153 244 147 175 144 99 149 84 225 110 26 60 134 223 186 158 195 232 150 216 39 188 187 206 243 250 72 247 151 190 57 148 124 249 184 76 154 142 252 96 10 238 213 113
11 196 3 22 17 114 97 29 15 221 117 24 177 137 122 253 5 28 204 0 168 6 201 231 130 214 1 176 4 52 172 13 173 125 107 25 8 224 37 182 32 226 27 20 193 65 59 2 63 245 203 205 85 14 19 58 229 159 38 102 41 191 108 42 56 36 202 127 133 71 179 197 207 95 255 199 248 30 251 73 31 115 47 109 44 123 185 220 78 35 43 164 183 18 118 128 83 55 218 80 165 49 101 68 135 143 235 116 227 40 129 228 82 89 110 208 54 181 74 180 77 198 211 33 9 239 105 152 192 23 155 16 171 156 242 166 103 86 240 87 48 75 174 186 212 46 62 146 254 53 121 67 167 234 88 61 79 169 104 111 106 64 51 69 70 91 131 236 237 233 92 215 45 222 132 100 7 194 170 200 157 50 160 98 12 90 120 145 163 66 136 219 241 21 140 94 138 246 119 230 93 217 161 126 210 81 141 139 162 209 112 189 153 244 147 175 144 99 149 151 225 178 26 60 134 223 34 158 195 232 150 216 39 188 187 206 243 250 72 247 84 190 57 148 124 249 184 76 154 142 252 96 10 238 213 113
11 196 3 22 17 114 97 29 15 221 117 24 177 137 122 253 5 28 204 0 168 6 201 231 130 214 1 176 4 52 172 13 173 125 107 25 8 224 37 182 32 226 27 20 193 65 59 2 63 245 203 205 85 14 19 58 229 159 38 102 41 191 108 42 56 36 202 127 133 71 179 197 207 95 255 199 248 30 251 73 31 115 47 109 44 123 185 220 78 35 43 164 183 18 118 128 83 55 218 80 165 49 101 68 135 143 235 116 227 40 129 228 82 89 110 208 54 181 74 180 77 198 211 33 9 239 105 152 192 23 155 16 171 156 242 166 103 86 240 87 48 75 174 186 212 46 62 146 254 53 121 67 167 234 88 61 111 169 104 79 106 64 51 69 70 91 131 236 237 233 92 215 45 222 132 100 7 194 170 200 157 50 160 98 12 90 120 145 163 66 136 219 241 21 140 94 138 246 119 230 93 217 161 126 210 81 141 139 162 209 112 189 153 244 147 175 144 99 149 151 225 178 26 60 134 223 34 158 195 232 150 216 39 188 187 206 243 250 72 247 84 190 57 148 124 249 184 76 154 142 252 96 10 238 213 113
11 196 3 22 17 114 97 29 15 221 117 24 177 137 122 253 5 28 204 0 168 6 201 231 130 214 1 176 4 52 172 13 173 125 107 25 8 224 37 182 32 226 27 20 193 65 59 2 63 245 203 205 85 14 19 58 229 159 38 102 41 197 108 42 56 36 202 127 133 71 179 191 207 95 255 199 248 30 251 73 31 115 47 109 44 123 185 220 78 35 43 164 183 18 118 128 83 55 218 80 165 49 101 68 135 143 235 116 227 40 129 228 82 89 110 208 54 181 74 180 77 198 211 33 9 239 105 152 192 23 155 16 171 156 242 166 103 86 240 87 48 75 174 186 212 46 62 146 254 53 121 67 167 234 88 61 111 169 104 79 106 64 51 69 70 91 131 236 237 233 92 215 45 222 132 100 7 194 170 200 157 50 160 98 12 90 120 145 163 66 136 219 241 21 140 94 138 246 119 230 93 217 161 126 210 81 141 139 162 209 112 189 153 244 147 175 144 99 149 151 225 178 26 60 134 223 34 158 195 232 150 216 39 188 187 206 243 250 72 247 84 190 57 148 124 249 184 76 154 142 252 96 10 238 213 113
11 196 3 22 17 114 97 29 15 221 124 123 177 137 122 253 5 28 204 0 168 2 151 231 130 214 1 176 4 52 68 13 173 125 107 25 8 224 37 182 32 226 27 20 193 65 59 6 63 245 203 205 85 14 19 58 229 159 38 102 41 191 108 42 56 166 202 127 133 71 179 197 207 95 255 199 248 30 251 73 31 115 47 109 44 24 185 220 78 35 43 164 183 129 118 128 83 55 218 80 165 49 101 18 135 143 235 116 117 40 186 228 82 89 110 208 54 181 74 180 77 198 211 33 9 239 105 152 192 23 155 16 171 156 242 64 81 86 240 87 48 75 174 34 212 46 62 146 254 53 121 67 167 234 88 61 111 169 104 79 106 172 51 69 70 91 158 236 237 233 92 215 45 222 132 100 7 194 170 200 157 50 160 98 12 90 120 145 163 66 136 219 241 21 140 94 138 246 119 230 93 217 161 126 210 103 141 139 162 76 112 189 153 244 147 175 144 99 149 201 225 178 26 60 134 223 131 36 195 232 150 216 39 188 187 206 243 250 72 247 84 190 57 148 209 249 184 227 154 142 252 96 10 238 213 113
11 196 3 22 17 114 97 29 15 221 132 24 177 129 122 253 5 28 204 0 168 155 192 231 130 214 52 176 4 137 68 13 173 125 107 25 8 224 37 182 32 226 27 20 193 65 59 6 63 245 203 205 85 14 19 58 229 159 38 102 41 191 108 42 56 36 202 127 133 71 179 197 207 95 255 199 248 30 251 73 31 115 47 109 44 123 185 220 78 35 43 164 183 1 118 128 83 55 218 80 165 49 101 18 135 131 235 116 117 40 103 228 82 89 110 208 54 181 74 180 77 198 211 33 9 239 105 152 201 23 2 16 161 156 242 64 81 86 240 87 48 75 174 34 212 46 62 146 254 53 121 67 167 234 88 61 111 169 104 79 106 172 51 69 70 91 158 236 237 233 92 215 45 222 143 100 7 194 170 200 157 50 160 98 12 90 120 145 163 66 136 219 241 21 140 94 138 246 119 230 93 217 171 126 210 76 141 139 162 84 112 189 153 244 147 175 144 99 149 151 225 178 26 60 134 223 186 166 195 232 150 216 39 188 187 206 250 243 72 247 227 190 57 148 209 249 184 124 154 142 252 96 10 238 213 113
11 196 3 22 17 114 97 29 15 221 132 24 177 129 122 253 5 28 204 0 168 155 192 231 130 214 52 176 4 137 68 13 173 125 107 25 8 224 37 182 32 226 27 20 193 65 59 6 63 245 203 205 85 14 19 58 229 159 38 102 41 191 108 42 56 36 202 127 133 71 179 197 207 95 255 199 248 30 251 73 31 115 47 109 44 123 185 220 78 35 43 164 183 1 118 128 83 55 218 80 165 49 101 18 135 131 235 116 117 40 103 228 82 89 110 208 54 181 74 180 77 198 211 33 9 239 105 152 201 23 2 16 161 156 242 64 81 86 240 87 48 75 174 34 212 46 62 146 254 53 121 67 167 234 88 61 111 169 104 79 162 172 51 69 70 91 158 236 237 233 92 215 45 222 143 100 7 194 170 200 157 50 160 98 12 90 120 145 163 66 136 219 241 21 140 94 138 246 119 230 93 217 171 126 210 76 141 139 106 84 112 189 153 244 147 175 144 99 149 151 225 178 26 60 134 223 186 166 195 232 150 216 39 188 187 206 250 243 72 247 227 190 57 148 209 249 184 124 154 142 252 96 10 238 213 113
11 196 3 22 17 114 97 29 15 221 132 24 177 137 122 253 5 28 204 0 168 2 201 223 130 214 52 176 76 129 68 13 173 125 107 25 8 224 37 182 32 226 27 20 193 65 59 6 63 245 203 205 85 14 19 58 229 159 38 12 41 191 51 42 56 36 202 127 133 71 179 26 207 95 255 199 248 30 251 73 31 115 47 109 44 123 185 220 78 35 43 164 183 1 70 188 83 55 218 80 165 49 101 18 135 131 235 116 117 40 227 228 82 89 110 208 54 181 74 180 77 198 211 33 9 162 105 152 192 23 155 16 171 156 242 64 81 86 240 87 48 75 174 34 212 46 62 146 254 53 121 67 167 234 88 61 111 169 104 79 106 66 108 69 118 91 158 236 237 233 92 215 45 222 143 100 7 194 170 200 157 50 160 238 102 90 120 145 163 172 136 219 241 21 93 94 138 246 119 230 140 217 161 126 210 4 141 139 239 103 112 189 153 244 147 175 144 99 149 151 225 178 197 60 134 231 186 166 195 232 150 216 39 128 187 206 243 250 72 247 84 190 57 148 209 249 184 124 154 142 252 96 10 98 213 113
11 196 3 22 17 114 97 29 15 221 132 24 177 137 122 253 5 28 204 0 168 2 201 223 130 214 52 176 76 129 68 13 173 125 107 25 8 224 37 182 32 226 27 20 193 65 59 6 63 245 203 205 85 14 19 58 229 159 38 12 41 191 51 42 56 36 202 127 133 71 179 26 207 95 255 199 248 30 251 73 31 115 47 109 44 123 185 220 78 35 43 164 183 1 70 188 83 55 218 80 165 49 101 18 135 131 235 116 117 40 227 228 82 89 110 208 54 181 74 180 77 198 211 33 9 162 105 152 192 23 155 16 171 156 242 64 81 86 240 87 48 75 174 34 212 46 62 146 254 53 121 67 167 234 88 61 111 169 104 79 106 66 108 69 118 91 158 236 237 233 92 215 45 222 143 100 7 194 170 200 157 50 160 238 102 90 206 145 163 172 136 219 241 21 93 94 138 246 119 230 140 217 161 126 210 4 141 139 239 103 112 189 153 244 147 175 144 99 149 151 225 178 197 60 134 231 186 166 195 232 150 216 39 128 187 120 243 250 72 247 84 190 57 148 209 249 184 124 154 142 252 96 10 98 213 113
11 196 3 22 17 114 97 29 15 221 132 24 177 137 122 253 5 28 204 0 168 2 201 231 130 214 52 176 4 129 21 13 173 125 107 25 8 224 37 182 32 226 27 20 193 65 59 6 63 165 203 205 85 14 19 58 229 159 38 102 41 191 108 42 56 36 202 127 133 71 179 197 207 95 255 199 248 30 251 73 31 115 105 109 44 123 185 106 78 35 43 164 183 1 118 128 83 55 218 80 245 49 101 18 135 131 235 116 117 40 227 228 82 89 110 208 54 181 121 180 77 198 211 33 9 239 47 152 192 23 155 16 171 156 242 64 81 86 240 87 48 75 174 34 212 46 62 146 254 53 74 67 167 234 88 61 111 169 104 79 220 172 51 69 70 91 158 236 237 233 92 215 45 222 143 100 7 194 170 200 157 50 160 98 12 90 120 150 163 66 136 219 241 68 140 94 138 246 119 230 93 217 161 126 210 76 141 139 162 103 112 189 153 244 147 175 144 99 149 151 225 178 26 60 134 223 186 166 195 232 145 216 39 188 187 206 243 250 72 247 84 190 57 148 209 249 184 124 154 142 252 96 10 238 213 113
11 196 3 22 17 114 97 29 15 221 132 24 177 137 122 253 5 28 204 0 168 2 201 231 130 214 52 176 4 129 68 13 173 125 107 25 8 224 37 182 32 226 27 20 193 65 59 6 63 67 203 205 85 14 19 58 229 159 38 102 41 191 108 42 56 36 202 127 133 71 179 197 207 95 255 199 143 30 251 73 31 115 47 109 44 123 185 220 78 35 43 164 183 1 118 128 83 55 218 80 165 49 101 18 135 131 235 116 117 40 227 228 82 89 110 208 54 181 74 180 77 198 211 33 9 239 105 152 192 23 155 16 171 156 242 64 81 86 240 87 48 75 174 34 212 46 62 146 254 53 121 245 167 234 88 61 111 169 104 79 106 172 51 69 70 91 158 236 237 233 92 215 45 222 248 100 7 194 170 200 157 50 160 98 12 90 120 145 163 66 136 219 241 21 140 94 138 246 119 230 93 217 161 126 210 76 141 139 162 103 112 189 153 244 147 175 144 99 149 151 225 178 26 60 134 223 186 166 195 232 150 216 39 188 187 206 243 250 72 247 84 190 57 148 209 249 184 124 154 142 252 96 10 238 213 113
11 196 3 22 17 114 97 29 15 221 132 24 177 137 122 253 5 28 204 0 168 2 201 231 130 214 52 176 4 129 68 13 173 125 107 25 8 224 37 182 32 226 27 20 193 65 183 6 63 67 203 205 85 14 19 58 229 159 38 102 41 191 108 42 56 36 202 127 133 71 179 197 207 95 255 199 143 30 251 73 31 115 47 109 44 123 185 220 78 35 43 164 59 1 118 128 83 55 218 80 165 49 101 18 135 131 235 116 117 40 227 228 82 89 110 208 54 181 74 180 77 198 211 33 9 239 105 152 192 23 155 16 171 156 242 64 81 86 240 87 48 75 174 34 212 46 62 146 254 53 121 245 167 234 88 61 111 169 104 79 106 172 51 69 70 91 158 236 237 233 92 215 45 222 248 100 7 194 170 200 157 50 160 98 12 90 120 145 163 66 136 219 241 21 140 94 138 246 119 230 93 217 161 126 210 76 141 139 162 103 112 189 153 244 147 175 144 99 149 151 225 178 26 60 134 223 186 166 195 232 150 216 39 188 187 206 243 250 72 247 84 190 57 148 209 249 184 124 154 142 252 96 10 238 213 113
11 196 3 22 17 114 97 29 15 221 132 24 177 137 122 253 5 28 204 0 168 2 201 231 130 214 52 176 4 129 68 13 173 125 107 25 8 224 37 182 32 226 27 20 193 65 183 6 63 67 203 205 85 14 19 58 229 159 38 102 41 191 108 42 56 36 202 127 133 71 179 197 207 95 255 199 143 30 251 73 31 115 47 109 44 123 185 220 78 35 43 164 59 1 118 128 83 55 218 80 165 49 101 18 135 131 235 116 117 40 227 228 82 89 110 208 54 181 74 180 77 198 211 33 9 239 105 152 192 23 155 16 171 156 242 64 81 86 240 87 48 75 174 34 212 46 62 146 254 53 121 245 167 234 88 61 111 169 104 79 106 172 51 69 70 91 209 236 237 233 92 215 45 222 248 100 7 194 170 200 157 50 160 98 12 90 120 145 163 66 136 219 241 21 140 94 138 246 119 230 93 217 161 126 210 76 141 139 162 103 112 189 153 244 147 175 144 99 149 151 225 178 26 60 134 223 186 166 195 232 150 216 39 188 187 206 243 250 72 247 84 190 57 148 158 249 184 124 154 142 252 96 10 238 213 113
11 196 3 22 17 114 97 29 15 221 132 101 177 137 122 253 5 28 204 0 168 2 201 231 130 71 52 176 104 129 68 13 173 125 107 25 8 224 100 182 32 226 27 20 193 65 59 6 63 245 203 205 85 14 70 58 229 159 38 102 41 191 108 42 56 36 202 127 133 145 179 197 207 95 255 199 248 30 251 73 31 115 47 109 44 123 185 220 78 35 43 164 183 1 118 128 83 55 218 80 165 49 150 18 135 131 235 116 117 40 227 228 82 89 110 208 54 181 74 180 77 198 211 33 9 239 105 152 192 23 155 16 171 156 242 64 81 86 240 87 48 75 174 34 212 46 62 146 254 53 121 111 167 234 88 61 67 169 4 79 106 172 51 69 19 91 158 236 237 233 92 215 45 222 99 98 7 194 170 200 157 50 160 37 12 90 120 214 163 66 136 219 241 21 140 94 138 246 119 230 93 217 161 126 210 76 141 139 162 103 112 189 153 244 147 175 144 143 149 151 225 178 26 60 134 223 186 166 195 232 24 216 39 188 187 206 243 250 72 247 84 190 57 148 209 249 184 124 154 142 252 96 10 238 213 113
11 196 3 22 17 114 97 29 15 221 132 101 177 137 122 253 5 28 204 0 168 2 201 231 130 71 52 176 104 129 68 13 173 125 107 25 8 224 100 182 32 226 27 20 193 65 59 6 63 245 203 205 85 14 70 58 229 159 38 102 41 191 108 42 56 36 202 127 133 145 179 197 207 95 255 199 248 30 251 73 31 115 47 109 44 123 185 220 78 35 43 164 183 1 118 128 83 55 218 80 165 49 150 18 135 131 235 116 117 40 227 228 82 89 110 208 54 181 74 180 77 198 211 33 9 239 105 152 192 23 155 16 171 156 242 64 81 86 240 87 48 75 174 34 212 46 62 146 254 53 121 111 167 234 88 147 67 169 4 79 106 172 51 69 19 91 158 236 237 233 92 215 45 222 99 98 7 194 170 200 157 50 160 37 12 90 120 214 163 66 136 219 241 21 140 94 138 246 119 230 93 217 161 126 210 76 141 139 162 103 112 189 153 244 61 175 144 143 149 151 225 178 26 60 134 223 186 166 195 232 24 216 39 188 187 206 243 250 72 247 84 190 57 148 209 249 184 124 154 142 252 96 10 238 213 113
11 196 3 22 17 114 97 29 15 221 140 24 177 137 122 253 5 28 204 0 168 2 151 231 130 214 186 176 4 52 68 13 173 125 107 25 8 224 37 182 32 226 27 20 193 65 59 6 63 245 203 205 85 14 19 58 229 159 38 102 41 191 108 42 56 36 202 127 133 71 179 197 207 95 255 199 248 30 251 73 31 115 47 109 44 123 185 220 78 35 43 164 183 1 118 128 83 55 218 80 165 49 101 18 135 143 235 116 117 40 129 228 82 89 110 208 54 181 74 180 77 198 211 33 9 239 105 152 192 23 155 16 171 156 242 64 81 86 240 87 48 75 174 34 212 46 62 146 254 53 121 67 167 234 88 61 111 169 104 79 106 172 51 69 70 91 158 236 184 233 92 215 45 222 132 100 7 194 170 200 157 50 160 98 12 90 120 145 163 66 136 219 241 21 227 94 138 246 119 230 93 217 161 126 210 76 141 139 162 103 112 189 153 244 147 175 144 99 149 201 225 178 26 60 134 223 131 166 195 232 150 216 39 188 187 206 243 250 72 247 84 190 57 148 209 249 237 124 154 142 252 96 10 238 213 113
11 196 3 22 17 114 97 29 15 221 140 24 177 138 122 253 5 28 204 0 168 2 151 231 130 214 186 176 4 52 68 13 173 125 107 25 8 224 37 182 32 226 27 20 193 65 59 6 63 245 203 205 85 14 19 58 229 159 38 102 41 191 108 42 56 36 202 127 133 71 179 197 207 95 255 199 248 30 251 73 31 34 247 109 44 123 185 220 78 35 43 164 183 1 118 128 83 55 218 80 165 49 101 18 135 143 235 116 117 40 129 228 82 89 110 208 54 181 74 180 77 198 211 33 9 239 105 152 192 23 155 16 171 156 242 64 81 86 240 87 48 75 174 115 212 46 62 146 254 53 121 67 167 234 88 61 111 169 104 79 106 172 51 69 70 91 158 236 184 233 92 215 45 222 132 100 7 194 170 200 157 50 160 98 12 90 120 145 163 66 136 219 241 21 227 94 137 246 119 230 93 217 161 126 210 76 141 139 162 103 112 189 153 244 147 175 144 99 149 201 225 178 26 60 134 223 131 166 195 232 150 216 39 188 187 206 243 250 72 47 84 190 57 148 209 249 237 124 154 142 252 96 10 238 213 113
11 196 3 22 17 114 97 29 15 221 140 24 177 138 122 253 5 28 204 0 168 2 151 231 130 214 186 176 4 52 68 13 173 125 107 25 8 224 37 182 32 226 27 20 193 65 59 6 63 245 203 205 85 14 19 58 229 159 38 102 41 191 108 42 56 36 202 127 133 71 179 197 207 95 255 199 248 30 251 73 31 115 47 109 44 123 185 220 78 35 43 164 183 1 118 128 83 55 218 80 165 49 101 18 135 143 235 116 117 40 129 228 82 89 110 208 54 181 74 180 77 198 211 33 9 239 105 152 192 23 155 16 171 156 242 64 81 86 240 87 48 75 174 34 212 46 62 146 254 53 121 67 167 234 88 61 111 169 104 79 106 172 51 69 70 91 158 236 184 233 92 215 45 222 132 100 7 194 170 200 157 50 160 98 12 90 120 145 163 66 136 219 241 21 227 94 137 246 119 230 93 217 161 126 210 76 141 139 162 103 112 189 153 244 147 175 144 99 149 201 225 178 26 60 134 223 131 166 195 232 150 216 39 188 187 206 243 250 72 247 84 190 57 148 209 249 237 124 154 142 252 96 10 238 213 113
11 196 3 22 17 114 97 29 15 221 165 24 177 137 122 253 5 28 204 0 168 2 201 231 130 214 1 176 4 52 172 13 173 125 107 25 8 224 37 182 32 226 27 20 193 65 59 6 63 78 203 205 85 14 19 58 129 159 38 102 41 191 108 42 56 36 202 127 133 134 179 197 207 95 255 199 248 30 251 73 31 115 47 109 44 123 185 220 18 35 43 164 183 227 118 128 83 55 218 80 166 49 101 68 135 131 235 116 117 40 143 228 82 89 110 208 54 181 74 180 77 198 211 33 9 239 105 229 192 23 155 16 171 156 242 64 81 86 240 87 48 75 174 34 212 46 62 146 254 53 121 67 167 234 88 61 111 169 104 79 106 141 51 69 70 91 152 236 237 233 92 215 45 222 132 100 7 194 170 200 157 50 160 98 12 90 120 145 163 66 136 219 241 21 140 94 138 246 119 230 93 217 161 126 210 103 225 139 162 209 112 189 153 244 147 175 144 99 149 151 245 178 26 60 71 223 186 158 195 232 150 216 39 188 187 206 243 250 72 247 84 190 57 148 124 249 184 76 154 142 252 96 10 238 213 113
11 196 3 22 17 114 97 29 15 221 165 24 177 137 122 253 5 28 204 0 168 2 201 231 130 214 1 176 4 52 172 13 173 125 107 25 8 224 37 182 32 226 27 20 193 65 59 6 63 78 203 205 85 14 19 58 129 159 38 102 41 191 108 42 56 36 202 127 133 134 179 197 207 95 255 199 248 30 251 73 31 115 47 109 44 123 185 220 18 35 43 164 183 227 118 128 83 55 218 80 166 49 101 68 135 143 235 116 117 40 131 228 82 89 110 208 54 181 74 180 77 198 211 33 9 239 105 229 192 23 155 16 171 156 242 64 81 86 240 87 48 75 174 34 212 46 62 146 254 53 121 67 167 234 88 61 111 169 104 79 106 141 51 69 70 91 152 236 237 233 92 215 45 222 132 100 7 194 170 200 157 50 160 98 12 90 120 145 163 66 136 219 241 21 140 94 138 246 119 230 93 217 161 126 210 103 225 139 162 209 112 189 153 244 147 175 144 99 149 151 245 178 26 60 71 223 186 158 195 232 150 216 39 188 187 206 243 250 72 247 84 190 57 148 124 249 184 76 154 142 252 96 10 238 213 113
11 196 3 22 17 114 97 29 15 221 166 24 52 137 122 253 5 129 204 0 168 2 201 231 130 214 1 176 4 177 172 13 173 125 107 25 8 224 71 182 32 226 47 20 193 65 59 6 63 78 203 205 85 14 19 58 229 159 38 102 41 191 108 42 56 36 202 127 133 37 179 197 207 95 255 199 248 30 251 73 31 115 27 109 44 123 185 220 18 35 43 164 183 227 118 128 83 55 218 80 165 49 101 68 135 143 235 116 117 40 138 228 82 89 110 208 54 181 74 180 77 198 211 33 9 239 105 152 192 23 155 16 171 156 242 64 81 86 240 87 48 75 174 34 212 46 62 146 254 53 121 67 167 234 188 61 111 169 104 79 106 141 51 69 70 91 131 236 237 233 92 215 45 222 132 100 7 194 170 200 157 50 160 98 12 90 120 145 163 66 136 219 241 21 140 94 28 246 119 230 93 217 161 126 210 103 225 139 162 209 112 189 153 244 147 175 144 99 149 151 245 178 26 60 134 223 186 158 195 232 150 216 39 88 187 206 243 250 72 247 84 190 57 148 124 249 184 76 154 142 252 96 10 238 213 113
11 196 3 22 17 114 97 29 15 221 166 24 129 137 122 253 5 28 204 0 168 2 201 231 130 214 1 176 4 52 172 13 173 125 107 25 8 224 37 182 32 226 47 20 193 65 59 6 63 140 203 205 85 14 19 58 177 159 38 102 41 191 108 42 56 36 202 127 133 71 179 197 207 95 255 199 248 30 251 73 31 115 27 109 44 223 185 220 18 35 43 164 183 227 118 128 83 55 218 80 165 49 101 68 135 143 235 116 117 40 186 228 82 89 110 208 54 181 74 180 77 198 211 33 9 239 105 237 192 23 155 16 171 156 242 64 81 86 240 87 48 75 174 34 212 46 62 146 254 53 121 67 167 234 88 61 111 169 104 79 106 141 51 69 70 91 229 236 152 233 92 215 45 222 132 100 7 194 170 200 157 50 160 98 12 90 120 145 163 66 136 219 241 21 78 94 138 246 119 230 93 217 161 126 210 103 225 139 162 209 112 189 153 244 147 175 144 99 149 151 245 178 26 60 134 123 131 158 195 232 150 216 39 188 187 206 243 250 72 247 84 190 57 148 124 249 184 76 154 142 252 96 10 238 213 113
11 196 3 22 17 114 97 29 15 221 166 24 129 137 122 253 5 28 204 0 168 2 201 231 130 214 1 176 4 52 172 13 173 125 107 25 8 224 37 182 32 226 47 20 193 65 59 6 63 140 203 205 85 14 19 58 177 159 38 102 41 191 108 42 56 36 202 127 133 71 179 197 207 95 255 199 248 30 251 73 31 115 27 109 44 223 185 220 18 35 43 164 183 227 118 128 83 55 218 80 165 49 101 68 135 143 235 116 117 40 186 228 82 89 110 208 54 181 74 180 77 198 211 33 9 239 105 237 192 23 155 16 171 156 242 64 81 86 240 90 48 75 174 34 212 46 62 146 254 53 121 67 167 234 88 61 111 169 104 79 106 141 51 69 70 91 229 236 152 233 92 215 45 222 132 100 7 194 170 200 157 50 160 98 12 87 120 145 163 66 136 219 241 21 78 94 138 246 119 230 93 217 161 126 210 103 225 139 162 209 112 189 153 244 147 175 144 99 149 151 245 178 26 60 134 123 131 158 195 232 150 216 39 188 187 206 243 250 72 247 84 190 57 148 124 249 184 76 154 142 252 96 10 238 213 113
11 196 3 22 17 114 97 29 15 221 166 24 177 137 122 253 5 28 204 0 35 2 201 231 130 214 1 176 4 52 172 13 173 125 107 25 8 224 37 78 32 226 27 20 193 65 59 6 63 182 203 205 85 14 19 58 129 159 38 102 41 191 108 42 56 36 202 127 133 71 179 197 207 95 255 199 248 30 251 73 31 115 47 109 44 123 185 220 18 10 43 164 183 225 118 128 83 55 218 80 165 49 101 68 135 143 235 116 117 40 229 228 82 89 110 208 54 181 74 180 77 198 211 33 9 239 105 152 192 23 155 16 134 156 242 64 81 86 240 87 48 75 174 34 212 46 62 146 254 53 121 67 167 234 88 61 111 169 104 79 106 141 51 69 70 91 131 236 237 233 92 215 45 222 132 100 7 194 170 200 157 50 160 98 12 90 120 145 163 66 136 219 241 21 140 94 138 246 119 230 93 217 161 126 210 103 227 139 162 209 112 189 153 244 147 175 144 99 149 151 245 178 26 60 171 223 186 158 195 232 150 216 39 188 187 206 243 250 72 247 84 190 57 148 124 249 184 76 154 142 252 96 168 238 213 113
11 196 3 22 17 114 97 29 15 221 166 24 177 137 122 253 5 28 204 0 35 2 201 231 130 214 1 176 4 52 172 13 173 125 107 25 8 224 37 78 32 226 27 20 193 65 59 6 63 182 203 205 85 14 19 58 129 159 38 102 41 191 108 42 56 240 202 127 133 71 179 197 207 95 255 199 248 30 251 73 31 115 47 109 44 123 185 220 18 10 43 164 183 225 118 128 83 55 218 80 165 49 101 68 135 143 235 116 117 40 229 228 82 89 110 208 54 181 74 180 77 198 211 33 9 239 105 152 192 23 155 16 134 156 242 64 81 86 36 87 48 75 174 34 212 46 62 146 254 53 121 67 167 234 88 61 111 169 104 79 106 141 51 69 70 91 131 236 237 233 92 215 45 222 132 100 7 194 170 200 157 50 160 98 12 90 120 145 163 66 136 219 241 21 140 94 138 246 119 230 93 217 161 126 210 103 227 139 162 209 112 189 153 244 147 175 144 99 149 151 245 178 26 60 171 223 186 158 195 232 150 216 39 188 187 206 243 250 72 247 84 190 57 148 124 249 184 76 154 142 252 96 168 238 213 113
11 196 3 22 17 114 97 29 15 221 166 24 177 137 122 253 5 28 204 0 159 2 201 231 130 214 1 176 4 52 172 13 173 125 107 25 8 224 37 78 32 226 27 20 193 65 59 6 63 182 203 205 85 14 19 58 129 168 38 102 41 191 108 42 56 36 202 127 133 71 179 197 207 95 255 199 248 30 251 73 31 115 47 109 44 123 185 220 18 35 43 164 183 227 118 128 83 55 218 80 165 49 101 68 135 143 235 116 117 40 229 228 82 89 110 208 54 181 74 180 77 198 211 33 9 239 150 152 192 23 155 16 171 156 242 64 81 86 240 87 48 75 174 34 212 46 62 146 254 53 121 67 167 234 88 61 111 169 104 79 144 141 51 69 70 91 131 236 237 233 92 215 45 222 132 100 7 194 170 200 157 50 160 98 12 238 120 145 163 66 136 219 241 21 140 94 138 246 119 230 93 217 161 126 210 103 225 139 162 209 112 189 153 244 147 175 106 99 149 151 245 178 26 60 134 223 186 158 195 232 105 216 39 188 187 206 243 250 72 247 84 190 57 148 124 249 184 76 154 142 252 96 10 90 213 113
11 196 3 22 17 114 97 29 15 221 166 24 177 137 122 253 5 28 204 0 168 2 201 231 130 214 1 143 4 52 18 13 173 125 107 25 8 80 37 182 32 226 27 20 193 65 59 6 63 78 203 205 85 14 19 58 129 159 38 102 41 191 108 42 56 36 202 127 133 71 179 197 207 95 255 199 248 30 251 73 172 115 47 109 44 123 185 220 171 35 43 164 183 227 118 128 83 55 218 224 165 49 101 68 135 81 235 116 117 40 131 228 82 89 110 208 54 181 74 180 77 198 211 33 9 239 105 152 192 23 155 16 210 156 242 64 175 86 240 87 48 75 174 34 212 46 62 146 254 53 121 67 167 234 88 61 111 169 104 79 106 141 51 69 70 91 229 236 237 233 92 215 45 222 132 100 7 194 170 200 157 50 160 98 12 90 120 145 163 66 136 219 241 21 140 94 138 246 119 230 93 217 161 126 31 103 225 139 162 209 112 189 153 244 147 176 144 99 149 151 245 178 26 60 134 223 186 158 195 232 150 216 39 188 187 206 243 250 72 247 84 190 57 148 124 249 184 76 154 142 252 96 10 238 213 113
11 196 3 22 17 114 97 29 15 221 166 24 177 137 122 253 5 28 204 0 168 2 201 231 130 214 1 143 4 52 18 13 173 125 107 25 8 80 37 182 32 226 27 20 193 65 59 6 63 78 203 205 85 14 19 58 129 159 38 102 41 191 108 42 56 36 202 127 133 71 179 197 207 95 255 199 248 30 251 73 172 115 47 109 44 123 185 220 171 35 43 164 183 227 118 128 83 55 218 224 165 49 101 68 135 175 235 116 117 40 131 228 82 89 110 208 54 181 74 180 77 198 211 33 9 239 105 152 192 23 155 16 210 156 242 64 81 86 240 87 48 75 174 34 212 46 62 146 254 53 121 67 167 234 88 61 111 169 104 79 106 141 51 69 70 91 229 236 237 233 92 215 45 222 132 100 7 194 170 200 157 50 160 98 12 90 120 145 163 66 136 219 241 21 140 94 138 246 119 230 93 217 161 126 31 103 225 139 162 209 112 189 153 244 147 176 144 99 149 151 245 178 26 60 134 223 186 158 195 232 150 216 39 188 187 206 243 250 72 247 84 190 57 148 124 249 184 76 154 142 252 96 10 238 213 113
11 196 3 22 17 114 97 29 15 221 166 24 177 137 122 253 5 28 204 0 168 2 201 231 130 214 1 176 4 52 18 13 173 125 107 25 8 224 37 182 32 226 27 20 193 65 59 6 63 41 203 205 85 14 19 58 129 159 38 102 74 191 108 42 56 36 202 127 133 71 179 197 207 95 255 199 189 30 251 73 31 115 47 225 44 123 185 220 70 35 43 164 183 227 118 128 83 55 218 80 165 49 101 68 135 143 235 116 117 40 131 228 82 89 110 208 54 181 78 180 77 161 211 33 9 239 105 152 192 23 155 16 171 156 242 64 81 86 240 87 48 75 174 34 212 46 62 146 254 248 121 67 167 234 88 61 111 169 104 79 106 141 51 69 172 91 229 236 237 233 92 215 45 222 132 100 7 194 170 200 157 50 160 98 12 90 120 145 163 66 136 109 241 21 140 94 138 246 119 230 93 217 198 126 210 103 219 139 162 209 112 53 153 244 147 175 144 99 149 151 245 178 26 60 134 223 186 158 195 232 150 216 39 188 187 206 243 250 72 247 84 190 57 148 124 249 184 76 154 142 252 96 10 238 213 113
11 196 3 22 17 114 97 29 15 221 166 24 177 137 122 253 5 28 204 0 168 2 201 231 130 214 1 176 4 52 18 13 173 125 107 25 8 224 37 182 32 226 27 20 193 65 59 6 63 41 203 205 85 14 19 58 129 159 38 102 74 191 108 42 56 36 202 127 133 71 179 197 207 95 255 199 189 30 251 73 31 115 47 225 44 123 185 220 70 35 43 164 183 227 118 128 83 55 218 80 165 49 101 68 135 143 235 116 117 40 131 228 82 89 110 208 223 181 78 180 77 161 211 33 9 239 105 152 192 23 155 16 171 156 242 64 81 86 240 87 48 75 174 34 212 46 62 146 254 248 121 67 167 234 88 61 111 169 104 79 106 141 51 69 172 91 229 236 237 233 92 215 45 222 132 100 7 194 170 200 157 50 160 98 12 90 120 145 163 66 136 109 241 21 140 94 138 246 119 230 93 217 198 126 210 103 219 139 162 209 112 53 153 244 147 175 144 99 149 151 245 178 26 60 134 54 186 158 195 232 150 216 39 188 187 206 243 250 72 247 84 190 57 148 124 249 184 76 154 142 252 96 10 238 213 113
11 196 3 22 17 114 97 29 15 221 166 24 177 137 122 253 5 28 204 0 168 2 201 231 130 214 1 176 4 52 18 13 173 125 107 25 8 224 37 182 32 226 27 20 193 67 59 6 63 158 203 205 85 14 19 58 129 159 38 102 41 191 108 42 56 36 202 127 133 134 179 197 207 95 255 199 189 30 251 73 31 115 47 109 44 123 185 220 70 35 43 164 183 227 118 128 83 55 218 80 165 49 101 68 135 143 235 116 117 40 131 228 82 89 110 208 54 181 74 180 77 198 211 33 9 239 105 152 192 23 155 16 171 156 242 64 81 86 240 87 48 75 174 65 212 46 62 146 254 53 121 34 167 234 88 61 111 169 104 79 106 141 51 69 172 91 229 236 237 233 92 215 45 222 132 100 7 194 170 200 157 50 160 98 12 90 120 145 163 66 136 219 241 21 140 94 138 246 119 230 93 217 161 126 210 103 225 139 162 209 112 248 153 244 147 175 144 99 149 151 245 178 26 60 71 223 186 78 195 232 150 216 39 188 187 206 243 250 72 247 84 190 57 148 124 249 184 76 154 142 252 96 10 238 213 113
11 196 3 22 17 114 97 29 15 221 166 24 177 137 122 253 5 28 204 0 168 2 201 231 130 214 1 176 4 52 18 13 173 125 107 25 8 224 37 182 32 226 27 20 193 67 59 6 63 158 203 205 85 14 19 58 129 159 38 102 41 191 108 42 56 36 202 127 133 134 179 197 207 95 255 199 189 30 251 73 31 115 47 109 44 123 185 220 70 35 43 164 183 227 118 128 83 55 218 80 165 49 101 68 135 143 235 116 117 40 131 228 82 89 110 208 54 181 74 180 77 198 211 33 9 239 105 152 192 23 155 16 171 156 242 64 81 86 240 87 48 75 174 65 212 46 62 146 254 53 121 34 167 234 88 61 209 169 104 79 106 141 51 69 172 91 229 236 237 233 92 215 45 222 132 100 7 194 170 200 157 50 160 98 12 90 120 145 163 66 136 219 241 21 140 94 138 246 119 230 93 217 161 126 210 103 225 139 162 111 112 248 153 244 147 175 144 99 149 151 245 178 26 60 71 223 186 78 195 232 150 216 39 188 187 206 243 250 72 247 84 190 57 148 124 249 184 76 154 142 252 96 10 238 213 113
11 196 3 22 17 114 97 29 15 221 166 24 177 137 122 253 5 28 204 0 168 2 201 231 130 214 1 176 4 52 68 13 173 125 107 25 8 224 37 182 32 226 27 20 193 65 59 6 63 245 203 205 85 14 19 58 229 159 38 102 41 191 108 42 56 36 202 127 133 71 179 197 207 95 255 199 248 30 251 73 31 115 47 109 44 123 185 220 78 35 43 164 183 18 118 128 83 55 218 80 165 84 101 172 135 143 235 116 117 40 79 228 82 89 110 208 54 181 74 180 77 198 211 33 9 239 105 152 192 23 155 16 171 156 242 64 81 86 240 87 48 75 174 34 212 46 62 146 254 53 121 67 167 234 88 61 111 169 104 129 106 103 51 69 70 227 131 236 237 233 92 215 45 222 132 100 7 194 170 200 157 50 160 98 12 90 120 145 163 66 136 219 241 21 140 94 138 246 119 230 93 217 161 126 210 91 141 139 162 209 112 189 153 244 147 175 144 99 149 49 225 178 26 60 134 223 186 158 195 232 150 216 39 188 187 206 243 250 72 247 151 190 57 148 124 249 184 76 154 142 252 96 10 238 213 113
11 196 3 22 17 114 97 29 15 221 166 24 177 137 122 253 5 28 204 0 168 2 201 231 130 214 1 176 4 52 172 13 173 125 8 25 107 224 37 182 32 226 27 20 193 65 59 6 63 89 203 205 85 14 19 58 229 159 38 102 41 191 108 42 56 36 202 127 133 71 179 197 207 95 255 199 248 30 251 73 31 115 47 109 44 123 139 220 78 35 43 164 249 225 118 128 83 55 218 80 165 49 101 68 135 143 235 116 117 40 129 228 82 245 110 208 54 181 74 180 77 198 211 33 9 239 105 152 192 23 155 16 171 156 242 64 81 195 240 87 48 75 174 92 212 46 62 146 254 53 121 67 167 234 88 61 111 169 104 79 106 18 51 69 70 91 131 236 237 233 34 215 45 222 132 100 7 194 170 200 157 50 99 98 12 90 120 145 163 66 136 219 241 21 140 94 138 246 119 230 93 217 161 126 210 103 141 185 162 209 112 189 153 244 147 175 144 160 149 151 227 178 26 60 134 223 186 158 86 232 150 216 39 188 187 113 243 250 72 247 84 190 57 148 124 183 184 76 154 142 252 96 10 238 213 206
11 196 3 22 17 114 97 29 15 221 166 24 177 137 122 253 5 28 204 0 168 2 201 231 130 214 1 176 4 52 172 13 173 125 8 25 107 224 37 182 32 226 27 20 193 65 59 6 63 89 203 205 85 14 19 58 229 159 38 102 41 191 108 42 56 36 202 127 133 71 179 197 207 95 255 199 248 30 251 73 31 115 47 109 44 123 139 220 78 236 43 164 249 225 118 128 83 55 218 80 165 49 101 68 135 143 235 116 117 40 129 228 82 245 110 208 54 181 74 180 77 198 211 33 9 239 105 152 192 23 155 16 171 156 242 64 81 195 240 87 48 75 174 92 212 46 62 146 254 53 121 67 167 234 88 61 111 169 104 79 106 18 51 69 70 91 131 35 186 233 34 215 45 222 132 100 7 194 170 200 157 50 99 98 12 90 120 145 163 66 136 219 241 21 140 94 138 246 119 230 93 217 161 126 210 103 141 185 162 209 112 189 153 244 147 175 144 160 149 151 227 178 26 60 134 223 237 158 86 232 150 216 39 188 187 113 243 250 72 247 84 190 57 148 124 183 184 76 154 142 252 96 10 238 213 206
11 196 3 22 17 114 97 29 15 221 166 24 177 137 122 253 5 28 204 0 168 2 201 231 130 214 1 176 4 52 172 13 173 125 107 25 8 224 37 78 32 226 27 20 193 65 59 6 63 182 203 205 85 14 19 58 129 159 38 102 41 191 108 42 56 36 202 127 133 71 179 197 207 95 255 199 248 30 251 73 31 115 47 109 44 123 185 220 18 35 43 164 183 225 118 128 83 55 218 80 165 49 101 68 135 143 235 116 117 40 229 228 82 89 110 208 54 181 74 180 77 198 211 33 9 239 105 152 192 23 155 16 134 156 242 64 81 86 240 87 48 75 174 34 212 46 62 146 254 53 121 67 167 234 88 61 111 169 104 79 106 141 51 69 70 91 131 236 237 233 92 215 45 222 132 100 7 194 170 200 157 50 160 98 12 90 120 145 163 66 136 219 241 21 140 94 138 246 119 230 93 217 161 126 210 103 227 139 162 209 112 189 153 244 147 175 144 99 149 151 245 178 26 60 171 223 186 158 195 232 150 216 39 188 187 206 243 250 72 247 84 190 57 148 124 249 184 76 154 142 252 96 10 238 213 113
11 196 3 22 17 114 97 29 15 221 166 24 177 137 122 253 5 28 204 0 168 2 201 231 130 214 1 176 4 52 172 13 173 125 107 25 8 224 37 78 32 226 27 20 193 65 59 6 63 182 203 205 85 14 19 58 129 159 38 102 41 191 108 42 56 36 202 127 133 71 179 197 207 95 255 199 248 30 251 73 31 115 47 109 44 123 185 220 18 35 43 164 183 225 118 128 83 121 218 80 165 49 101 68 135 143 235 116 117 40 229 228 82 89 110 208 54 181 74 180 77 198 211 33 9 239 105 152 192 23 155 16 171 156 242 64 81 86 240 87 48 75 174 34 212 46 62 146 254 53 55 67 167 234 88 61 111 169 104 79 106 141 51 69 70 91 131 236 237 233 92 215 45 222 132 100 7 194 170 200 157 50 160 98 12 90 120 145 163 66 136 219 241 21 140 94 138 246 119 230 93 217 161 126 210 103 227 139 162 209 112 189 153 244 147 175 144 99 149 151 245 178 26 60 134 223 186 158 195 232 150 216 39 188 187 206 243 250 72 247 84 190 57 148 124 249 184 76 154 142 252 96 10 238 213 113
11 196 3 22 17 114 97 29 15 221 166 24 177 137 122 253 5 28 204 0 168 2 201 231 130 214 1 176 4 52 172 13 173 125 107 25 8 224 37 78 32 226 27 20 193 65 59 6 63 182 203 205 85 14 19 58 129 159 38 102 41 191 108 42 56 36 202 127 133 71 179 197 207 95 255 199 248 30 251 73 31 115 47 109 44 123 185 220 18 35 43 164 183 227 118 128 83 55 218 80 165 49 101 68 135 143 235 116 117 40 229 228 82 89 110 208 54 181 74 180 77 198 211 33 9 239 150 152 192 23 155 16 171 156 242 64 81 86 240 87 48 75 174 34 212 46 62 146 254 53 121 67 167 234 88 61 111 169 104 79 144 141 51 69 70 91 131 236 237 233 92 215 45 222 132 100 7 194 170 200 157 50 160 98 12 90 120 145 163 66 136 219 241 21 140 94 138 246 119 230 93 217 161 126 210 103 225 139 162 209 112 189 153 244 147 175 106 99 149 151 245 178 26 60 134 223 186 158 195 232 105 216 39 188 187 206 243 250 72 247 84 190 57 148 124 249 184 76 154 142 252 96 10 238 213 113
11 196 3 22 17 114 97 29 15 221 166 24 177 137 122 253 5 28 204 0 168 2 201 231 130 214 1 176 4 52 172 13 173 125 107 25 8 224 37 182 32 226 27 20 193 65 59 6 63 78 203 205 85 14 19 58 129 159 38 102 41 191 108 42 56 36 202 127 133 71 179 197 207 95 255 199 248 30 251 73 31 115 47 113 44 123 185 220 18 35 43 164 183 227 118 128 83 55 218 80 165 49 101 68 135 143 235 116 117 40 229 228 82 89 110 208 54 181 74 180 77 198 211 33 9 239 105 152 192 23 155 16 171 156 242 64 81 86 240 87 48 75 174 34 212 46 62 146 254 53 121 67 167 234 88 61 111 169 104 79 106 141 51 69 70 91 131 236 163 233 92 215 45 222 132 100 7 194 170 200 157 50 160 98 12 90 120 145 237 66 136 219 241 21 140 94 138 246 119 230 93 217 161 126 210 103 225 139 162 209 112 189 153 244 147 175 144 99 149 151 245 178 26 60 134 223 186 158 195 232 150 216 39 188 187 206 243 250 72 247 84 190 57 148 124 249 184 76 154 142 252 96 10 238 213 109
11 196 3 22 17 114 97 29 15 221 166 24 177 137 122 253 5 28 204 0 168 2 201 231 130 214 1 176 4 52 172 13 173 125 107 25 8 224 37 182 32 226 27 20 193 65 59 6 63 78 203 205 85 14 19 58 129 159 38 102 41 191 108 42 56 36 202 127 133 134 179 197 207 95 255 199 248 30 251 73 31 115 47 109 44 123 185 220 18 35 43 164 183 227 118 128 83 55 218 80 165 49 101 68 135 143 235 116 117 40 131 228 82 89 110 208 54 181 74 180 77 198 211 33 9 239 105 229 192 23 155 16 171 156 242 64 81 86 240 87 48 75 174 34 212 46 62 146 254 53 121 67 167 234 88 61 111 169 104 79 106 141 51 69 70 91 152 236 237 233 92 215 45 222 132 100 7 194 170 200 157 50 160 98 12 90 120 145 163 66 136 219 241 21 140 94 138 246 119 230 93 217 161 126 210 103 225 139 162 209 112 189 153 244 147 175 144 99 149 151 245 178 26 60 71 223 186 158 195 232 150 216 39 188 187 206 243 250 72 247 84 190 57 148 124 249 184 76 154 142 252 96 10 238 213 113
11 196 3 22 17 114 97 29 15 221 166 24 177 137 122 253 5 28 204 0 168 2 201 231 130 214 1 176 4 52 172 13 173 125 107 25 8 224 37 182 32 226 27 20 193 65 59 6 63 158 203 205 85 14 19 58 229 159 38 102 41 191 108 42 56 36 202 127 133 71 179 197 207 95 255 199 248 30 251 73 31 115 47 109 44 123 185 220 18 35 43 164 183 227 118 128 83 55 218 80 165 49 101 68 135 143 235 116 117 40 129 228 82 89 110 208 54 181 74 180 77 198 211 33 9 239 105 152 192 23 155 16 171 219 242 64 81 86 240 87 48 75 111 34 212 46 62 146 254 53 121 67 167 234 188 61 174 169 104 79 106 141 51 69 70 91 131 236 237 233 92 215 45 222 132 100 7 194 170 200 157 50 160 98 12 90 120 145 163 66 136 156 241 21 140 94 138 246 119 230 93 217 161 126 210 103 225 139 162 209 112 189 153 244 147 175 144 99 149 151 245 178 26 60 134 223 186 78 195 232 150 216 39 88 187 206 243 250 72 247 84 190 57 148 124 249 184 76 154 142 252 96 10 238 213 113
11 196 3 22 17 114 97 29 15 221 166 24 177 137 122 253 5 28 204 0 168 2 201 231 130 214 1 176 4 52 172 13 173 125 107 25 8 224 37 182 32 226 27 20 193 65 59 6 63 158 203 205 85 14 19 58 229 159 38 102 233 191 108 42 56 36 202 127 133 71 179 197 207 95 255 199 248 30 251 73 31 115 47 109 44 123 185 220 18 35 43 164 183 227 118 128 83 55 218 80 165 49 101 68 135 143 235 116 117 40 129 228 82 239 110 208 54 181 74 180 77 198 211 33 9 89 105 152 192 23 155 16 171 156 242 64 81 86 240 87 48 75 174 34 212 46 62 146 254 53 121 67 167 234 88 61 111 169 104 79 106 141 51 69 70 91 131 236 237 41 92 215 45 222 132 100 7 194 170 200 157 50 160 98 12 90 120 145 163 66 136 219 241 21 140 94 138 246 119 230 93 217 161 126 210 103 225 139 162 209 112 189 153 244 147 175 144 99 149 151 245 178 26 60 134 223 186 78 195 232 150 216 39 188 187 206 243 250 72 247 84 190 57 148 124 249 184 76 154 142 252 96 10 238 213 113
11 196 3 22 17 114 97 29 15 221 166 24 177 137 122 253 5 28 204 0 168 2 201 231 130 214 1 176 4 52 172 13 173 125 107 25 8 224 37 182 32 226 27 20 193 65 59 6 63 245 203 205 85 14 19 58 229 159 38 102 41 191 108 42 56 36 202 127 133 101 179 197 207 95 255 199 248 30 251 73 31 115 47 109 44 123 185 220 78 35 43 164 183 225 118 128 83 55 218 80 165 49 71 68 135 143 235 116 117 40 129 228 82 89 110 208 54 181 9 180 77 198 211 33 74 239 105 152 192 16 155 23 171 156 242 64 81 195 240 87 48 75 174 92 212 46 62 146 254 53 121 67 167 234 88 61 111 169 104 79 106 18 51 69 70 91 131 236 237 233 34 215 45 222 132 100 7 194 170 200 157 50 160 98 12 90 120 145 163 66 136 219 241 21 140 94 138 246 119 230 93 217 161 126 210 103 141 139 162 209 112 189 153 244 147 175 144 99 149 151 227 178 26 60 134 223 186 158 86 232 150 216 39 188 187 206 243 250 72 247 84 190 57 148 124 249 184 76 154 142 252 96 10 238 213 113
11 196 3 22 17 114 97 29 15 221 166 24 177 137 122 253 5 28 204 0 168 2 201 231 130 214 1 176 4 52 172 13 173 125 107 25 8 224 37 182 32 226 27 20 193 65 59 6 63 245 203 205 85 14 19 58 229 159 38 102 41 191 108 42 56 36 202 127 133 101 179 197 207 95 255 199 248 30 251 73 31 115 47 109 44 123 185 220 78 35 43 164 183 225 118 128 83 55 218 80 165 49 242 68 135 143 235 116 117 40 129 228 82 89 110 208 54 181 9 180 77 198 211 33 74 239 105 152 192 16 155 23 171 156 71 64 81 195 240 87 48 75 174 92 212 46 62 146 254 53 121 67 167 234 88 61 111 169 104 79 106 18 51 69 70 91 131 236 237 233 34 215 45 222 132 100 7 194 170 200 157 50 160 98 12 90 120 145 163 66 136 219 241 21 140 94 138 246 119 230 93 217 161 126 210 103 141 139 162 209 112 189 153 244 147 175 144 99 149 151 227 178 26 60 134 223 186 158 86 232 150 216 39 188 187 206 243 250 72 247 84 190 57 148 124 249 184 76 154 142 252 96 10 238 213 113
11 196 3 22 17 114 97 29 15 221 166 24 177 137 122 253 5 28 204 0 168 2 201 231 130 214 1 176 4 52 172 13 173 125 107 25 8 224 37 182 32 226 27 20 193 65 59 6 63 245 203 242 85 14 19 58 229 159 38 102 41 191 108 42 56 36 202 127 133 101 179 197 207 95 255 199 248 30 251 73 31 115 47 109 44 123 185 220 78 35 43 164 183 225 118 128 83 55 218 80 165 49 205 68 135 143 235 116 117 40 129 228 82 89 110 208 54 181 9 180 77 198 211 33 74 239 105 152 192 16 155 23 171 156 71 64 81 195 240 87 48 75 174 92 212 46 62 146 254 53 121 67 167 234 88 61 111 169 104 79 106 18 51 69 70 91 131 236 237 233 34 215 45 222 132 100 7 194 170 200 157 50 160 98 12 90 120 145 163 66 136 219 241 21 140 94 138 246 119 230 93 217 161 126 210 103 141 139 162 209 112 189 153 244 147 175 144 99 149 151 227 178 26 60 134 223 186 158 86 232 150 216 39 188 187 206 243 250 72 247 84 190 57 148 124 249 184 76 154 142 252 96 10 238 213 113
11 196 3 22 17 114 97 29 15 221 166 24 177 137 122 253 5 28 204 0 168 2 201 231 130 214 1 176 4 52 172 13 173 125 107 25 8 224 37 182 32 226 27 20 193 65 59 6 63 245 203 242 85 14 19 58 229 159 38 102 41 191 108 42 56 36 202 127 133 101 179 197 207 95 255 199 248 30 251 73 31 115 47 109 44 123 185 220 78 35 43 164 183 225 118 128 83 55 218 80 165 49 205 68 135 143 235 116 117 40 129 228 82 89 110 208 54 181 9 180 77 198 211 33 74 239 105 152 192 16 155 23 171 156 71 64 81 195 240 87 48 75 174 92 212 46 62 146 254 53 121 67 167 234 88 61 111 169 104 79 106 90 51 69 70 91 131 236 237 233 34 215 45 222 132 100 7 194 170 200 157 50 160 98 12 18 120 145 163 66 136 219 241 21 140 94 138 246 119 230 93 217 161 126 210 103 141 139 162 209 112 189 153 244 147 175 144 99 149 151 227 178 26 60 134 223 186 158 86 232 150 216 39 188 187 206 243 250 72 247 84 190 57 148 124 249 184 76 154 142 252 96 10 238 213 113
11 196 3 22 17 114 97 29 15 221 166 24 177 137 122 253 5 28 204 0 168 2 201 231 130 214 1 176 4 52 172 13 173 125 107 25 8 224 37 182 32 226 27 20 193 65 59 6 63 245 203 242 85 14 19 58 229 159 38 102 41 191 108 42 56 36 202 127 133 101 179 197 207 95 255 199 248 30 251 73 31 115 47 109 44 123 185 220 78 35 43 164 183 225 118 128 83 55 218 80 165 49 205 68 135 143 235 116 117 40 129 228 82 89 110 208 54 181 9 180 77 198 211 33 90 239 105 152 192 16 155 23 171 156 71 64 81 195 240 87 48 75 174 92 212 46 62 146 254 53 121 67 167 234 88 61 111 169 104 79 106 74 51 69 70 91 131 236 237 233 34 215 45 222 132 100 7 194 170 200 157 50 160 98 12 18 120 145 163 66 136 219 241 21 140 94 138 246 119 230 93 217 161 126 210 103 141 139 162 209 112 189 153 244 147 175 144 99 149 151 227 178 26 60 134 223 186 158 86 232 150 216 39 188 187 206 243 250 72 247 84 190 57 148 124 249 184 76 154 142 252 96 10 238 213 113
11 196 3 22 17 114 97 29 15 221 166 24 177 137 122 253 5 28 204 0 168 2 201 231 130 214 1 176 4 52 172 13 173 125 107 25 18 224 37 78 32 226 27 20 193 65 59 6 63 182 203 205 85 14 19 58 129 159 38 102 41 191 108 42 56 36 202 127 133 71 179 197 207 95 255 199 248 30 251 73 31 115 47 109 44 123 185 220 8 35 43 164 183 225 118 128 83 121 218 80 165 49 101 68 135 143 235 116 117 40 229 228 82 89 110 208 54 181 74 180 77 198 211 33 9 239 105 152 192 23 155 16 171 156 242 64 81 86 240 87 48 75 174 34 136 46 62 146 254 53 55 67 167 234 88 61 111 169 104 79 106 141 51 69 70 91 131 236 237 233 92 215 45 222 132 100 7 194 170 200 157 50 160 98 12 90 120 145 163 66 212 219 241 21 140 94 138 246 119 230 93 217 161 126 210 103 227 139 162 209 112 189 153 244 147 175 144 99 149 151 245 178 26 60 134 223 186 158 195 232 150 216 39 188 187 206 243 250 72 247 84 190 57 148 124 249 184 76 154 142 252 96 10 238 213 113
11 196 3 22 17 114 97 29 15 221 166 24 177 137 122 253 5 28 204 0 168 2 201 231 130 214 1 176 4 52 172 13 173 125 107 25 18 224 37 78 32 226 27 20 193 65 59 6 63 182 203 205 85 14 19 58 129 159 38 102 41 191 108 42 56 36 202 127 133 71 179 197 207 95 255 199 248 30 251 73 31 115 47 109 44 123 185 220 8 35 43 164 183 225 118 128 83 121 218 80 165 49 101 68 135 143 235 116 117 40 229 228 82 89 110 208 54 181 74 180 77 198 211 33 9 239 105 152 192 23 155 16 171 156 242 64 81 86 240 87 48 75 174 34 212 46 62 146 254 53 55 67 167 234 88 61 111 169 104 79 106 141 51 69 70 91 131 236 237 233 92 215 45 222 132 100 7 194 170 200 157 50 160 98 12 90 120 145 163 66 136 219 241 21 140 94 138 246 119 230 93 217 161 126 210 103 227 139 162 209 112 189 153 244 147 175 144 99 149 151 245 178 26 60 134 223 186 158 195 232 150 216 39 188 187 206 243 250 72 247 84 190 57 148 124 249 184 76 154 142 252 96 10 238 213 113
11 196 3 22 17 114 97 29 15 221 166 24 177 137 122 253 5 28 204 0 168 2 201 231 130 214 1 176 4 52 172 13 173 125 107 25 18 224 37 182 32 226 47 20 193 65 59 6 63 254 203 205 85 14 19 58 129 159 38 102 41 191 108 42 56 36 202 127 133 71 179 197 207 95 255 199 248 30 251 73 31 115 27 109 44 123 185 220 8 35 43 164 183 227 118 128 83 55 218 80 165 49 101 68 135 143 235 116 117 40 131 228 82 89 110 208 54 181 74 180 77 198 211 33 9 239 105 152 192 23 155 16 171 156 242 64 81 86 240 87 48 75 174 34 212 46 62 146 78 53 121 67 167 234 88 61 111 169 104 79 106 141 51 69 70 91 229 236 237 233 92 215 45 222 132 100 7 194 170 200 157 50 160 98 12 90 120 145 163 66 136 219 241 21 140 94 138 246 119 230 93 217 161 126 210 103 225 139 162 209 112 189 153 244 147 175 144 99 149 151 245 178 26 60 134 223 186 158 195 232 150 216 39 188 187 206 243 250 72 247 84 190 57 148 124 249 184 76 154 142 252 96 10 238 213 113
11 196 3 22 17 114 97 29 15 221 166 24 177 137 122 253 5 28 204 0 168 2 201 231 130 214 1 176 4 52 172 13 173 125 107 65 18 224 37 182 32 226 47 20 193 25 59 6 63 254 203 205 85 14 19 58 129 159 38 102 41 191 108 42 56 36 202 127 133 71 179 197 207 95 255 199 248 30 251 73 31 115 27 109 44 123 185 220 8 35 43 164 183 227 118 128 83 55 218 80 165 49 101 68 135 143 235 116 117 40 131 228 82 89 110 208 54 181 74 180 77 198 211 33 9 239 105 152 192 23 155 16 171 156 242 64 81 86 240 87 48 75 174 34 212 46 62 146 78 53 121 67 167 234 88 61 111 169 104 79 106 141 51 69 70 91 229 236 237 233 92 215 45 222 132 100 7 194 170 200 157 50 160 98 12 90 120 145 163 66 136 219 241 21 140 94 138 246 119 230 93 217 161 126 210 103 225 139 162 209 112 189 153 244 147 175 144 99 149 151 245 178 26 60 134 223 186 158 195 232 150 216 39 188 187 206 243 250 72 247 84 190 57 148 124 249 184 76 154 142 252 96 10 238 213 113
11 196 3 22 17 114 97 29 15 221 166 24 177 137 122 253 5 28 204 0 168 2 201 231 130 214 1 176 4 52 172 13 173 125 107 180 8 224 37 182 32 226 27 20 193 65 59 6 63 78 203 205 85 14 19 58 229 159 38 102 41 191 108 42 56 36 202 127 133 71 179 35 207 95 255 199 248 30 251 73 31 115 47 109 44 132 185 220 18 197 43 164 183 227 118 128 83 55 218 80 165 49 101 68 135 143 235 116 117 40 129 228 82 89 110 208 54 181 74 25 77 198 211 33 9 239 105 152 192 23 155 16 171 156 242 64 81 86 240 87 48 75 174 34 212 46 62 146 254 53 121 67 167 234 88 61 111 169 104 79 106 141 51 69 70 91 131 236 123 233 92 215 45 222 237 100 7 194 170 200 157 50 160 98 12 90 120 145 163 66 136 219 241 21 140 94 138 246 119 230 93 217 161 126 210 103 225 139 162 209 112 189 153 244 147 175 144 99 149 151 245 178 26 60 134 223 186 158 195 232 150 216 39 188 187 206 243 250 72 247 84 190 57 148 124 249 184 76 154 142 252 96 10 238 213 113
11 196 3 22 17 114 97 29 15 221 166 24 177 137 122 253 5 28 204 0 168 2 201 231 130 214 1 176 4 52 172 86 173 125 107 25 8 224 37 182 32 226 27 20 193 65 59 6 63 158 203 205 85 14 19 58 129 159 38 102 41 191 108 42 56 36 202 127 133 71 179 197 207 95 255 199 248 30 251 73 31 115 47 109 44 123 185 220 18 35 43 164 183 227 118 128 83 55 218 80 165 49 101 68 135 143 235 116 117 40 229 228 82 89 110 208 54 181 74 180 77 198 211 33 9 239 105 152 192 23 155 16 171 156 242 64 81 13 240 87 48 75 174 34 212 46 62 146 254 53 121 67 167 234 88 61 111 169 104 79 106 141 51 69 70 91 131 236 237 233 92 215 45 222 132 100 7 194 170 200 157 50 160 98 12 90 120 145 163 66 136 219 241 21 140 94 138 246 119 230 93 217 161 126 210 103 225 139 162 209 112 189 153 244 147 175 144 99 149 151 245 178 26 60 134 223 186 78 195 232 150 216 39 188 187 206 243 250 72 247 84 190 57 148 124 249 184 76 154 142 252 96 10 238 213 113
11 196 3 22 17 114 97 29 15 221 166 24 177 137 122 253 5 28 204 0 168 2 201 231 130 214 1 176 4 52 172 86 173 125 107 25 8 224 37 182 32 226 27 20 193 65 59 6 63 158 203 205 85 14 19 58 129 159 38 102 41 191 108 42 56 36 202 127 133 71 179 197 207 95 255 199 248 30 251 73 31 115 47 109 44 123 185 220 18 35 43 164 183 227 118 128 83 55 218 80 165 49 101 68 135 143 235 116 117 40 229 228 82 89 110 208 54 181 74 180 77 198 211 33 9 239 105 152 192 23 155 16 171 156 242 64 81 194 240 87 48 75 174 34 212 46 62 146 254 53 121 67 167 234 88 61 111 169 104 79 106 141 51 69 70 91 131 236 237 233 92 215 45 222 132 100 7 13 170 200 157 50 160 98 12 90 120 145 163 66 136 219 241 21 140 94 138 246 119 230 93 217 161 126 210 103 225 139 162 209 112 189 153 244 147 175 144 99 149 151 245 178 26 60 134 223 186 78 195 232 150 216 39 188 187 206 243 250 72 247 84 190 57 148 124 249 184 76 154 142 252 96 10 238 213 113
11 196 3 22 17 114 97 29 15 221 166 24 177 137 122 253 5 28 204 0 168 2 201 231 130 214 1 176 4 52 172 98 173 125 107 25 8 224 37 182 32 226 27 20 193 65 59 6 63 78 203 205 85 14 19 58 129 159 38 102 41 191 108 42 56 36 202 127 133 71 179 197 207 95 255 199 248 30 251 73 31 115 47 113 44 123 185 220 18 35 43 164 183 227 118 128 83 55 218 80 165 49 101 68 135 143 235 116 117 40 229 228 82 89 110 208 54 181 74 180 77 198 211 33 9 239 105 152 192 23 155 16 171 156 242 64 81 86 240 87 48 75 174 34 212 46 62 146 254 53 121 67 167 234 88 61 111 169 104 79 106 141 51 69 70 91 131 236 163 233 92 215 45 222 132 100 7 194 170 200 157 50 160 13 12 90 120 145 237 66 136 219 241 21 140 94 138 246 119 230 93 217 161 126 210 103 225 139 162 209 112 189 153 244 147 175 144 99 149 151 245 178 26 60 134 223 186 158 195 232 150 216 39 188 187 206 243 250 72 247 84 190 57 148 124 249 184 76 154 142 252 96 10 238 213 109
11 196 3 22 17 114 97 29 15 221 166 24 177 137 122 253 5 28 204 0 168 2 201 231 130 214 1 176 4 52 172 228 173 125 107 25 8 224 37 182 32 226 27 20 193 65 59 131 63 67 84 205 85 14 19 58 129 159 38 102 41 191 108 42 56 36 202 127 133 71 179 197 207 95 255 199 248 30 251 73 31 115 47 109 44 123 185 220 18 35 43 164 183 227 118 128 83 55 218 80 165 49 101 68 135 6 235 116 117 40 143 13 82 89 110 208 54 181 74 180 77 198 211 33 9 239 105 152 192 23 155 16 134 156 242 64 186 86 240 87 48 75 174 34 212 46 62 230 254 53 121 78 167 234 88 61 111 169 104 79 106 141 51 69 70 91 229 236 237 233 92 215 45 222 132 100 7 194 170 200 157 50 160 98 12 90 120 145 163 66 136 219 241 21 140 94 138 246 119 146 93 217 161 126 210 103 225 171 162 175 112 189 153 244 147 209 144 99 149 151 245 178 26 60 139 223 81 158 195 232 150 216 39 188 187 206 243 250 72 247 203 190 57 148 124 249 184 76 154 142 252 96 10 238 213 113
11 196 3 22 17 114 97 29 15 221 166 24 177 137 122 253 5 28 204 0 168 2 201 231 130 214 1 176 4 52 172 228 173 125 107 25 8 224 37 182 32 226 27 120 193 65 59 131 63 67 84 205 85 14 19 58 129 159 38 102 41 191 108 42 56 36 202 127 133 71 179 197 207 95 255 199 248 30 251 73 31 115 47 109 44 123 185 220 18 35 43 164 183 227 118 128 83 55 218 80 165 49 101 68 135 6 235 116 117 40 143 13 82 89 110 208 54 181 74 180 77 198 211 33 9 239 105 152 192 23 155 16 134 156 242 64 186 86 240 87 48 75 174 34 212 46 62 230 254 53 121 78 167 234 88 61 111 169 104 79 106 141 51 69 70 91 229 236 237 233 92 215 45 222 132 100 7 194 170 200 157 50 160 98 12 90 20 145 163 66 136 219 241 21 140 94 138 246 119 146 93 217 161 126 210 103 225 171 162 175 112 189 153 244 147 209 144 99 149 151 245 178 26 60 139 223 81 158 195 232 150 216 39 188 187 206 243 250 72 247 203 190 57 148 124 249 184 76 154 142 252 96 10 238 213 113
11 196 3 22 17 114 97 29 15 221 166 24 177 137 122 253 5 28 204 0 168 2 201 231 130 214 1 176 4 144 172 98 173 125 107 25 8 224 37 182 32 226 27 20 193 65 59 6 63 78 203 205 85 14 19 58 129 159 38 102 41 191 108 42 56 36 202 127 133 71 179 197 207 95 255 199 248 30 251 73 31 115 47 113 44 123 185 220 18 35 43 164 183 227 118 128 83 55 218 80 165 49 101 68 135 143 235 116 117 40 229 228 82 89 110 208 54 181 74 180 77 198 211 33 9 239 105 152 192 23 155 16 171 156 242 64 81 86 240 87 48 75 174 34 212 46 62 146 254 53 121 67 167 234 88 61 111 169 104 79 106 141 51 69 70 91 131 236 163 233 92 215 45 222 132 100 7 194 170 200 157 50 160 13 12 90 120 145 237 66 136 219 241 21 140 94 138 246 119 230 93 217 161 126 210 103 225 139 162 209 112 189 153 244 147 175 52 99 149 151 245 178 26 60 134 223 186 158 195 232 150 216 39 188 187 206 243 250 72 247 84 190 57 148 124 249 184 76 154 142 252 96 10 238 213 109
11 196 3 22 17 114 97 29 15 221 166 24 177 137 122 253 5 28 204 0 168 2 201 231 130 214 1 176 4 144 172 98 173 125 107 25 8 224 37 182 32 226 27 20 193 65 59 6 63 78 203 205 85 14 19 58 129 159 38 102 41 191 108 42 56 36 202 127 133 71 179 197 234 95 255 199 248 30 251 73 31 115 47 113 44 123 185 220 18 35 43 164 183 227 118 128 83 55 218 80 165 49 101 68 135 143 235 116 117 40 229 228 82 89 110 208 54 181 74 180 77 198 211 33 9 239 105 152 192 23 155 16 171 156 242 64 81 86 240 87 48 75 174 34 212 46 62 146 254 53 121 67 167 207 88 61 111 169 104 79 106 141 51 69 70 91 131 236 163 233 92 215 45 222 132 100 7 194 170 200 157 50 160 13 12 90 120 145 237 66 136 219 241 21 140 94 138 246 119 230 93 217 161 126 210 103 225 139 162 209 112 189 153 244 147 175 52 99 149 151 245 178 26 60 134 223 186 158 195 232 150 216 39 188 187 206 243 250 72 247 84 190 57 148 124 249 184 76 154 142 252 96 10 238 213 109
11 196 3 22 17 114 97 29 15 221 166 24 177 137 122 253 5 28 204 0 168 2 201 231 130 214 1 176 103 52 172 190 173 125 107 25 135 224 37 117 32 226 27 20 193 65 59 6 63 78 203 205 194 14 10 58 229 159 38 102 41 191 108 42 56 36 202 127 133 71 179 197 207 95 255 199 248 30 251 73 82 115 47 109 44 123 185 220 237 35 43 164 183 111 118 128 206 55 218 80 165 49 101 68 8 143 235 116 186 40 129 228 31 89 110 208 54 181 74 180 77 198 211 33 9 81 105 152 192 23 155 16 171 156 242 64 239 86 240 87 48 75 174 34 212 46 62 146 254 53 121 67 167 234 88 61 227 169 104 79 106 141 51 69 70 91 252 236 18 233 92 215 45 222 132 100 7 85 170 200 157 50 160 98 12 90 120 145 163 66 136 219 241 21 140 94 138 246 119 230 93 217 161 126 210 4 225 139 162 209 112 189 153 244 147 175 144 99 149 151 245 178 26 60 134 223 182 158 195 232 150 216 39 188 187 83 243 250 72 247 84 13 57 148 124 249 184 76 154 142 131 96 19 238 213 113
11 196 3 22 17 114 97 29 15 221 166 24 177 137 122 253 5 28 204 0 168 2 201 231 130 214 1 176 103 52 172 190 173 125 107 25 135 224 37 117 32 226 27 20 193 65 59 6 63 78 203 205 194 14 10 58 229 159 38 102 41 191 136 42 56 36 202 127 133 71 179 197 207 95 255 199 248 30 251 73 82 115 47 109 44 123 185 220 237 35 43 164 183 111 118 128 206 55 218 80 165 49 101 68 8 143 235 116 186 40 129 228 31 89 110 208 54 181 74 180 77 198 211 33 9 81 105 152 192 23 155 16 171 156 242 64 239 86 240 87 48 75 174 34 212 46 62 146 254 53 121 67 167 234 88 61 227 169 104 79 106 141 51 69 70 91 252 236 18 233 92 215 45 222 132 100 7 85 170 200 157 50 160 98 12 90 120 145 163 66 108 219 241 21 140 94 138 246 119 230 93 217 161 126 210 4 225 139 162 209 112 189 153 244 147 175 144 99 149 151 245 178 26 60 134 223 182 158 195 232 150 216 39 188 187 83 243 250 72 247 84 13 57 148 124 249 184 76 154 142 131 96 19 238 213 113
11 196 3 22 17 114 97 29 15 221 166 24 177 137 122 253 5 28 204 0 168 2 201 231 130 228 1 176 4 52 172 13 173 125 107 25 8 224 37 182 32 226 27 20 193 65 59 6 63 158 203 205 85 14 19 58 129 159 38 102 41 191 108 42 56 36 202 127 133 71 179 197 207 95 255 199 248 30 251 73 31 115 47 109 44 123 185 220 18 35 43 164 86 227 118 128 83 55 218 80 165 49 101 68 135 143 235 116 117 40 229 214 82 89 110 208 54 181 74 180 77 198 211 33 9 239 105 152 192 23 155 16 171 156 242 64 81 183 240 87 48 75 174 34 212 46 62 146 254 53 121 67 167 234 88 61 111 169 104 79 106 141 51 69 70 91 131 236 237 233 92 215 45 222 132 100 7 194 170 200 157 50 160 98 12 90 120 145 163 66 136 219 241 21 140 94 138 246 119 230 93 217 161 126 210 103 225 139 162 209 112 189 153 244 147 175 144 99 149 151 245 178 26 60 134 223 186 78 195 232 150 216 39 188 187 206 243 250 72 247 84 190 57 148 124 249 184 76 154 142 252 96 10 238 213 113
11 196 3 22 17 114 97 29 15 221 166 24 177 137 122 253 5 28 204 0 168 6 201 231 130 214 1 176 4 52 18 13 173 125 107 25 8 224 37 182 32 226 27 20 193 65 59 2 63 78 203 205 85 14 19 58 129 159 38 102 41 93 108 42 56 36 202 127 133 71 179 197 207 95 255 246 248 30 251 73 31 115 47 109 44 123 185 220 171 35 43 164 183 227 118 128 83 55 218 80 165 49 101 68 135 143 235 116 117 40 131 252 82 89 110 208 54 181 74 180 77 198 145 33 9 239 150 152 192 23 155 16 210 156 242 64 81 86 240 87 48 75 174 34 212 46 62 146 254 53 121 67 167 234 88 61 111 169 104 79 106 141 51 69 70 91 229 236 237 233 92 215 45 222 132 100 7 194 170 200 157 50 160 98 12 90 120 211 163 66 136 219 241 21 140 94 138 199 119 230 191 217 161 126 190 103 225 139 162 209 112 189 153 244 147 175 144 99 149 151 245 178 26 60 134 223 186 158 195 232 105 216 39 188 187 206 243 250 72 247 84 172 57 148 124 249 184 76 154 142 228 96 10 238 213 113
11 196 3 22 17 114 97 29 15 221 166 24 177 137 122 253 5 28 204 0 168 6 201 231 130 214 1 176 4 52 68 155 173 125 107 25 8 224 37 182 32 226 27 20 193 65 59 2 63 245 203 205 85 14 19 58 229 159 38 102 41 191 108 42 56 36 202 127 133 71 179 197 207 95 39 199 248 30 251 73 31 115 47 109 44 123 185 139 78 35 43 164 183 18 118 128 83 55 218 80 165 49 101 172 135 143 235 116 117 40 79 228 82 89 110 208 54 181 74 180 77 198 211 33 9 239 105 152 192 23 13 16 113 156 242 64 81 86 240 87 48 75 174 34 212 46 62 146 254 53 121 67 167 234 88 61 111 169 104 129 106 103 51 69 70 91 131 236 237 233 92 215 45 222 132 100 7 194 170 200 157 50 160 98 12 90 120 145 163 66 136 219 241 21 140 94 138 246 119 230 93 217 161 126 210 84 141 220 162 209 112 189 153 244 147 175 144 99 149 151 225 178 26 60 134 223 186 158 195 232 150 216 255 188 187 206 243 250 72 247 171 190 57 148 124 249 184 76 154 142 252 96 10 238 227 213
11 196 3 22 17 114 97 29 15 221 166 24 177 137 122 253 5 28 204 70 168 2 201 231 130 214 1 176 4 52 172 13 173 125 107 25 8 224 37 182 32 226 27 20 193 65 59 6 63 245 203 205 85 14 19 58 229 159 38 102 41 191 108 42 56 36 202 127 133 45 179 197 207 95 255 199 248 30 251 73 31 115 47 109 44 123 185 220 78 35 43 164 183 225 118 128 83 55 218 80 165 49 101 219 135 143 235 116 117 40 129 228 82 89 110 208 54 181 74 180 77 198 211 33 9 239 105 152 192 23 155 16 171 156 242 64 81 86 240 87 48 75 174 92 212 46 62 146 254 53 121 67 167 234 88 61 111 169 104 79 106 18 51 69 0 91 131 236 237 233 34 215 71 222 132 100 7 194 170 200 157 50 160 98 12 90 120 145 163 66 136 68 241 21 140 94 138 246 119 230 93 217 161 126 210 103 141 139 162 209 112 189 153 244 147 175 144 99 149 151 227 178 26 60 134 223 186 158 195 232 150 216 39 188 187 206 243 250 72 247 84 190 57 148 124 249 184 76 154 142 252 96 10 238 213 113
11 196 3 22 17 114 97 29 15 221 166 24 177 137 122 253 5 28 204 70 168 2 201 231 130 214 1 176 4 52 172 13 173 125 107 25 8 224 37 182 32 226 27 20 193 65 59 6 63 245 203 205 85 14 19 58 229 159 38 102 41 191 108 42 56 36 202 127 133 71 179 197 207 95 255 199 248 30 251 73 31 115 47 109 44 123 185 220 78 35 43 164 183 225 118 128 83 55 218 80 165 49 101 68 135 143 235 116 117 40 129 228 82 89 110 208 54 181 74 180 77 198 211 33 9 239 105 152 192 23 155 16 171 156 242 64 81 86 240 87 48 75 174 92 212 46 62 146 254 53 121 67 167 234 88 61 111 169 104 79 106 18 51 69 0 91 131 236 237 233 34 215 45 222 132 100 7 194 170 200 157 50 160 98 12 90 120 145 163 66 136 219 241 21 140 94 138 246 119 230 93 217 161 126 210 103 141 139 162 209 112 189 153 244 147 175 144 99 149 151 227 178 26 60 134 223 186 158 195 232 150 216 39 188 187 206 243 250 72 247 84 190 57 148 124 249 184 76 154 142 252 96 10 238 213 113
11 196 3 22 17 114 97 29 15 221 166 24 177 137 122 253 5 28 204 70 168 2 201 231 130 214 1 176 4 52 172 13 173 125 107 25 8 224 37 182 32 226 27 20 193 65 59 6 63 245 203 205 85 14 19 58 229 159 38 102 41 191 108 42 56 36 202 127 133 71 179 197 207 95 255 199 248 30 251 73 31 115 47 109 44 123 185 220 78 35 43 164 183 225 118 128 83 55 218 80 165 49 101 79 135 143 235 116 117 40 129 228 82 89 110 208 54 181 74 180 77 198 211 33 9 239 105 152 192 23 155 16 171 156 242 64 81 86 240 87 48 75 174 92 212 46 62 146 254 53 121 67 167 234 88 61 111 169 104 18 106 68 51 69 0 91 131 236 237 233 34 215 45 222 132 100 7 194 170 200 157 50 160 98 12 90 120 145 163 66 136 219 241 21 140 94 138 246 119 230 93 217 161 126 210 103 141 139 162 209 112 189 153 244 147 175 144 99 149 151 227 178 26 60 134 223 186 158 195 232 150 216 39 188 187 206 243 250 72 247 84 190 57 148 124 249 184 76 154 142 252 96 10 238 213 113
11 196 3 22 17 114 97 29 15 221 166 24 177 137 122 253 5 28 204 70 168 2 201 231 130 214 254 176 4 52 172 13 173 125 107 25 8 224 37 182 32 226 27 20 193 65 59 6 63 245 203 205 85 14 19 58 229 159 38 102 41 191 108 42 56 36 202 127 133 45 179 197 207 95 255 199 248 30 251 73 31 115 47 109 44 123 185 220 78 35 43 164 183 225 118 128 83 55 218 80 165 49 101 68 135 143 235 116 117 40 129 228 82 89 110 208 54 181 74 180 77 198 211 33 9 239 105 152 192 23 155 16 171 156 242 64 81 86 240 87 48 75 174 92 212 46 62 146 1 53 121 67 167 234 88 61 111 169 104 79 106 18 51 69 0 91 131 236 237 233 34 215 71 222 132 100 7 194 170 200 157 50 160 98 12 90 120 145 163 66 136 219 241 21 140 94 138 246 119 230 93 217 161 126 210 103 141 139 162 209 112 189 153 244 147 175 144 99 149 151 227 178 26 60 134 223 186 158 195 232 150 216 39 188 187 206 243 250 72 247 84 190 57 148 124 249 184 76 154 142 252 96 10 238 213 113
11 196 3 22 17 114 97 29 15 221 166 24 177 137 122 253 5 28 204 70 168 2 201 231 130 214 254 176 4 52 193 13 173 125 107 25 8 224 37 182 32 226 27 20 172 65 59 6 63 245 203 205 85 14 19 58 229 159 38 102 41 191 108 42 56 36 202 127 133 45 179 197 207 95 255 199 248 30 251 73 31 115 47 109 44 123 185 220 78 35 43 164 183 225 118 128 83 55 218 80 165 49 101 68 135 143 235 116 117 40 129 228 82 89 110 208 54 181 74 180 77 198 211 33 9 239 105 152 192 23 155 16 171 156 242 64 81 86 240 87 48 75 174 92 212 46 62 146 1 53 121 67 167 234 88 61 111 169 104 79 106 18 51 69 0 91 131 236 237 233 34 215 71 222 132 100 7 194 170 200 157 50 160 98 12 90 120 145 163 66 136 219 241 21 140 94 138 246 119 230 93 217 161 126 210 103 141 139 162 209 112 189 153 244 147 175 144 99 149 151 227 178 26 60 134 223 186 158 195 232 150 216 39 188 187 206 243 250 72 247 84 190 57 148 124 249 184 76 154 142 252 96 10 238 213 113
11 196 3 22 17 114 97 29 15 221 166 24 177 137 122 253 5 28 204 150 168 2 201 231 130 214 1 176 4 52 172 13 173 125 107 25 8 224 37 182 32 226 27 20 193 65 59 6 63 245 203 205 85 14 19 58 229 159 38 102 41 191 108 42 56 36 202 127 133 71 179 197 207 95 255 199 248 30 251 73 31 115 47 109 44 123 185 175 78 35 43 164 183 225 118 128 83 55 218 80 165 49 101 79 135 143 235 116 117 40 129 228 82 89 110 208 54 181 74 180 77 198 211 33 9 239 105 152 192 23 155 16 171 156 242 64 81 86 240 87 48 75 174 92 212 46 62 146 254 53 121 67 167 234 88 61 111 169 104 18 106 68 51 69 0 91 131 236 237 233 34 215 45 222 132 100 7 194 170 200 157 50 160 98 12 90 120 145 163 66 136 219 241 21 140 94 138 246 119 230 93 217 161 126 210 103 141 139 162 209 112 189 153 244 147 220 144 99 149 151 227 178 26 60 134 223 186 158 195 232 70 216 39 188 187 206 243 250 72 247 84 190 57 148 124 249 184 76 154 142 252 96 10 238 213 113
11 196 3 22 17 114 97 29 15 221 166 24 177 137 122 253 5 28 204 150 168 2 201 231 130 214 1 176 4 52 172 13 173 125 107 25 8 224 37 182 32 226 27 20 193 65 59 6 63 245 203 205 85 14 19 58 229 159 38 102 41 191 108 42 56 36 202 127 133 71 179 197 207 95 255 199 248 30 251 73 31 115 47 109 44 123 185 220 78 35 43 164 183 225 118 128 83 55 218 80 165 49 101 79 135 143 235 116 117 40 129 228 82 89 110 208 54 181 74 180 77 198 211 33 9 239 105 152 192 23 155 16 171 156 242 64 81 86 240 87 48 75 174 92 212 46 62 146 254 53 121 67 167 234 88 61 111 169 104 18 106 68 51 69 0 91 131 236 237 233 34 215 45 222 132 100 7 194 170 200 157 50 160 98 12 90 120 145 163 66 136 219 241 21 140 94 138 246 119 230 93 217 161 126 210 103 141 139 162 209 112 189 153 244 147 175 144 99 149 151 227 178 26 60 134 223 186 158 195 232 70 216 39 188 187 206 243 250 72 247 84 190 57 148 124 249 184 76 154 142 252 96 10 238 213 113
11 196 3 22 17 114 97 29 15 221 166 24 177 137 122 253 5 28 237 0 168 2 201 204 130 214 1 176 4 52 172 13 173 146 107 25 8 224 37 182 32 226 27 20 193 65 59 6 63 78 203 205 85 14 19 58 129 159 38 102 41 191 108 42 56 36 202 127 133 71 179 197 207 95 255 199 231 30 251 73 35 115 47 109 44 123 185 220 18 31 183 164 43 227 118 128 83 55 218 80 165 49 101 68 135 131 235 116 117 40 143 228 82 89 110 208 54 181 74 180 77 198 211 33 9 239 105 152 192 23 155 16 171 156 242 64 81 86 240 87 48 75 174 34 212 46 62 125 254 53 98 67 167 234 88 61 111 169 104 79 106 141 51 69 70 91 229 236 248 233 92 215 45 222 132 100 7 194 170 200 157 50 160 121 12 90 120 145 163 66 136 219 241 21 140 94 138 246 119 230 93 217 161 126 210 103 225 139 162 209 112 189 153 244 147 175 144 99 149 151 245 178 26 60 134 223 186 158 195 232 150 216 39 188 187 206 243 250 72 247 84 190 57 148 124 249 184 76 154 142 252 96 10 238 213 113
11 196 3 22 17 114 97 29 15 221 166 24 177 137 122 253 5 78 204 0 168 2 201 231 130 214 229 176 4 52 18 13 173 125 107 25 8 224 37 182 32 226 27 20 193 65 59 6 63 28 203 205 85 14 19 58 129 159 38 102 41 191 108 42 56 36 202 127 133 71 179 197 207 95 255 199 248 30 251 73 31 115 47 109 44 228 185 220 70 35 43 164 183 227 118 128 83 55 218 80 165 49 101 68 135 143 235 116 117 40 131 252 82 89 110 208 54 181 74 180 77 198 211 33 9 239 105 152 192 23 155 16 171 156 242 64 81 86 240 87 48 75 174 34 212 46 62 146 254 53 121 67 167 234 88 61 111 169 104 79 106 189 51 69 172 91 1 236 237 233 92 215 45 222 132 100 124 194 170 200 157 50 160 98 12 90 120 145 163 66 136 219 241 21 140 94 138 246 119 230 93 217 161 126 210 103 225 139 162 209 112 141 153 244 147 175 144 99 149 151 245 178 26 60 134 223 186 158 195 232 150 216 39 188 187 206 243 250 72 247 84 190 57 148 7 249 184 76 154 142 123 96 10 238 213 113
11 196 3 22 17 114 97 29 15 221 166 24 177 137 122 253 5 78 204 0 168 2 201 231 130 214 229 176 4 52 18 13 173 125 107 25 8 224 37 182 32 226 27 20 193 65 59 6 63 28 203 205 85 14 19 58 129 159 38 102 41 191 108 42 142 36 202 127 133 71 179 197 207 95 255 199 248 30 251 73 31 115 47 109 44 228 185 220 70 35 43 164 183 227 118 128 83 55 218 80 165 49 101 68 135 143 235 116 117 40 131 252 82 89 110 208 54 181 74 180 77 198 211 33 9 239 105 152 192 23 155 16 171 156 242 64 81 86 240 87 48 75 174 34 212 46 62 146 254 53 121 67 167 234 88 61 111 169 104 79 106 189 51 69 172 91 1 236 237 233 92 215 45 222 132 100 124 194 170 200 157 50 160 98 12 90 120 145 163 66 136 219 241 21 140 94 138 246 119 230 93 217 161 126 210 103 225 139 162 209 112 141 153 244 147 175 144 99 149 151 245 178 26 60 134 223 186 158 195 232 150 216 39 188 96 206 243 250 72 247 84 190 57 148 7 249 184 76 154 56 123 187 10 238 213 113
11 196 3 22 17 114 97 29 15 221 166 24 177 137 122 253 5 78 204 0 168 2 201 231 130 214 229 176 4 52 18 13 173 125 107 25 8 224 37 182 32 226 27 20 193 65 59 6 63 28 203 205 85 14 19 58 129 159 38 102 41 191 108 42 142 36 202 127 133 71 179 197 207 95 255 199 248 30 251 73 31 115 47 109 44 228 185 220 70 35 43 164 183 227 118 128 83 55 218 80 165 49 101 68 135 143 235 116 117 40 131 252 82 89 110 208 54 181 74 180 77 198 211 33 9 239 105 152 192 23 155 16 171 156 242 64 81 86 240 87 48 75 174 34 212 46 62 146 254 53 121 67 167 234 88 61 111 169 104 79 106 189 51 69 172 91 249 236 237 233 92 215 45 222 132 100 124 194 170 200 157 50 160 98 12 90 120 145 163 66 136 219 241 21 140 94 138 246 119 230 93 217 161 126 210 103 225 139 162 209 112 141 153 244 147 175 144 99 149 151 245 178 26 60 134 223 186 158 195 232 150 216 39 188 96 206 243 250 72 247 84 190 57 148 7 1 184 76 154 56 123 187 10 238 213 113
11 196 3 22 17 114 97 29 15 221 166 24 177 137 122 253 52 28 204 0 168 2 201 231 130 214 1 176 4 5 172 13 173 125 107 25 8 224 37 182 32 226 27 20 193 65 59 6 63 78 203 205 85 14 19 58 129 159 38 102 41 191 108 42 56 36 202 127 133 71 179 197 207 95 255 199 189 30 251 73 31 115 47 113 44 123 185 220 18 35 43 164 183 227 118 128 83 55 218 80 165 49 101 68 135 143 235 116 117 40 131 228 82 89 110 208 54 181 74 180 77 198 211 33 9 239 105 152 192 23 155 16 171 156 242 64 81 86 240 87 48 75 174 34 212 46 62 146 254 53 121 67 167 234 88 61 111 169 104 79 106 141 51 69 70 91 229 236 237 233 92 215 45 222 132 100 7 194 170 200 157 50 160 98 12 90 120 145 163 66 136 219 241 21 140 94 138 246 119 230 93 217 161 126 210 103 225 139 162 209 112 248 153 244 147 175 144 99 149 151 245 178 26 60 134 223 186 158 195 232 150 216 39 188 187 206 243 250 72 247 84 190 57 148 124 249 184 76 154 142 252 96 10 238 213 109
11 196 3 22 17 114 97 29 15 221 176 24 177 137 122 253 5 28 204 0 168 2 201 231 130 214 52 164 4 129 68 13 173 36 107 25 8 224 37 182 32 226 27 20 193 65 59 6 63 245 203 205 85 14 19 58 229 159 81 102 41 191 108 42 56 125 202 181 133 71 179 197 207 95 255 199 248 30 251 73 31 115 47 109 44 123 185 220 78 35 43 227 183 1 118 128 83 55 218 80 165 49 101 18 135 148 235 116 117 40 186 228 82 89 110 208 54 127 74 180 77 198 211 33 9 239 105 152 192 23 155 16 171 156 242 64 38 86 240 87 48 75 174 34 212 46 62 146 254 53 121 67 167 234 88 61 111 169 104 79 106 172 51 69 70 91 158 236 237 233 178 215 45 222 132 100 7 194 170 200 157 50 160 98 12 90 120 145 163 66 136 219 209 21 140 94 138 246 119 241 93 217 161 126 210 76 141 139 162 103 112 189 153 244 147 175 144 99 149 151 225 92 26 60 134 223 131 166 195 232 150 216 39 188 187 206 243 250 72 247 84 190 57 143 230 249 184 124 154 142 252 96 10 238 213 113
11 196 3 22 17 114 97 29 15 221 176 24 177 137 122 253 5 28 204 0 168 2 201 231 130 214 52 227 4 129 68 13 173 36 107 25 8 224 37 182 32 226 27 20 193 65 59 6 63 245 203 205 85 14 19 58 229 159 81 102 41 191 108 42 56 125 202 181 133 71 179 197 207 95 255 199 248 30 251 73 31 115 47 109 44 123 185 220 78 35 43 164 183 1 118 128 83 55 218 80 165 49 101 18 135 148 235 116 117 40 186 228 82 89 110 208 54 127 74 180 77 198 211 33 9 239 105 152 192 23 155 16 171 156 242 64 38 86 240 87 48 75 174 34 212 46 62 146 254 53 121 67 167 234 88 61 111 169 104 79 106 172 51 69 70 91 158 236 237 233 178 215 45 222 132 100 7 194 170 200 157 50 160 98 12 90 120 145 163 66 136 219 209 21 140 94 138 246 119 241 93 217 161 126 210 76 141 139 162 103 112 189 153 244 147 175 144 99 149 151 225 92 26 60 134 223 131 166 195 232 150 216 39 188 187 206 243 250 72 247 84 190 57 143 230 249 184 124 154 142 252 96 10 238 213 113
11 196 3 22 17 114 97 29 15 221 214 24 177 137 122 253 5 28 75 0 168 2 151 231 130 41 78 176 4 52 68 13 173 209 107 25 8 224 37 182 32 226 27 20 193 65 59 6 63 245 203 205 85 14 19 58 229 159 38 102 34 191 108 42 56 36 202 127 133 71 179 197 207 95 255 199 248 30 251 73 64 115 47 109 44 123 185 220 129 35 43 164 183 1 118 128 83 55 218 80 165 49 101 18 135 143 235 116 117 40 186 228 82 89 110 208 54 181 74 180 77 198 211 33 9 239 105 152 192 23 155 16 171 156 242 31 81 86 240 87 48 204 174 227 212 46 62 146 254 53 121 67 167 234 88 61 111 169 104 79 106 172 51 69 70 91 158 236 237 233 92 215 45 222 132 100 7 194 170 200 157 50 160 98 12 90 120 145 163 66 136 219 241 21 140 94 138 246 119 230 93 217 161 126 210 103 141 139 162 76 112 189 153 244 147 175 144 99 149 201 225 178 26 60 134 223 131 166 195 232 150 216 39 188 187 206 243 250 72 247 84 190 57 148 125 249 184 124 154 142 252 96 10 238 213 113
11 196 3 22 17 114 97 29 15 221 214 24 177 137 122 253 5 28 75 0 168 2 151 231 130 41 78 176 4 52 68 13 173 209 107 25 8 224 37 182 32 226 27 20 193 65 59 6 63 245 203 205 85 14 19 58 229 159 38 102 147 191 108 42 56 36 202 127 133 71 179 197 207 95 255 199 248 30 251 73 64 115 47 109 44 123 185 220 129 35 43 164 183 1 118 128 83 55 218 80 165 49 101 18 135 143 235 116 117 40 186 228 82 89 110 208 54 181 74 180 77 198 211 33 9 239 105 152 192 23 155 16 171 156 242 31 81 86 240 87 48 204 174 227 212 46 62 146 254 53 121 67 167 234 88 61 111 169 104 79 106 172 51 69 70 91 158 236 237 233 92 215 45 222 132 100 7 194 170 200 157 50 160 98 12 90 120 145 163 66 136 219 241 21 140 94 138 246 119 230 93 217 161 126 210 103 141 139 162 76 112 189 153 244 34 175 144 99 149 201 225 178 26 60 134 223 131 166 195 232 150 216 39 188 187 206 243 250 72 247 84 190 57 148 125 249 184 124 154 142 252 96 10 238 213 113
11 196 3 22 17 114 97 29 15 221 214 24 177 137 122 253 5 28 75 53 25 2 151 231 130 34 1 176 4 52 68 13 173 209 107 168 8 224 37 182 32 226 27 20 193 65 59 6 63 245 203 205 85 14 19 58 229 159 38 102 41 191 108 42 56 36 202 127 133 71 179 197 207 95 255 199 248 30 251 73 31 115 47 109 44 123 185 220 78 35 43 164 183 129 118 128 83 55 218 80 165 49 101 18 135 143 235 116 117 40 186 228 82 89 110 208 54 181 74 180 77 198 211 33 9 239 105 152 192 23 155 16 171 156 242 64 81 86 240 87 48 204 174 227 212 46 62 146 254 0 121 67 167 234 88 61 111 169 104 79 106 172 51 69 70 91 158 236 237 233 92 215 45 222 132 100 7 194 170 200 157 50 160 98 12 90 120 145 163 66 136 219 241 21 140 94 138 246 119 230 93 217 161 126 210 103 141 139 162 76 112 189 153 244 147 175 144 99 149 201 225 178 26 60 134 223 131 166 195 232 150 216 39 188 187 206 243 250 72 247 84 190 57 148 125 249 184 124 154 142 252 96 10 238 213 113
11 196 3 22 17 114 97 29 15 221 214 24 177 137 122 253 5 28 75 53 25 2 151 231 147 34 1 176 4 52 68 13 173 209 107 168 8 224 37 182 32 226 27 20 193 65 59 6 63 245 203 205 85 14 19 58 229 159 38 102 41 191 108 42 56 36 202 127 133 71 179 197 207 95 255 199 248 30 251 73 31 115 47 109 44 123 185 220 78 35 43 164 183 129 118 128 83 55 218 80 165 49 101 18 135 143 235 116 117 40 186 228 82 89 110 208 54 181 74 180 77 198 211 33 9 239 105 152 192 23 155 16 171 156 242 64 81 86 240 87 48 134 174 227 212 46 62 146 254 0 121 67 167 234 88 61 111 169 104 79 106 172 51 69 70 91 158 236 237 233 92 215 45 222 132 100 7 194 170 200 157 50 160 98 12 90 120 145 163 66 136 219 241 21 140 94 138 246 119 230 93 217 161 126 210 103 141 139 162 76 112 189 153 244 130 175 144 99 149 201 225 178 26 60 204 223 131 166 195 232 150 216 39 188 187 206 243 250 72 247 84 190 57 148 125 249 184 124 154 142 252 96 10 238 213 113
11 196 3 22 17 114 97 29 15 221 214 24 177 137 122 253 5 28 75 53 25 2 151 231 147 34 1 176 4 52 68 13 173 209 107 168 8 224 37 182 32 226 27 20 193 65 59 6 63 245 203 205 85 14 19 58 229 159 38 102 41 191 108 42 56 36 202 127 133 71 179 197 207 95 255 199 248 30 251 73 31 115 47 109 44 123 185 220 78 35 43 164 183 129 118 128 83 55 218 80 165 49 101 18 135 143 235 116 117 40 186 228 82 89 110 208 54 181 74 180 77 198 211 33 9 239 105 152 192 23 155 16 171 156 242 64 81 86 240 87 48 204 174 227 212 46 62 146 254 0 121 67 167 234 88 61 111 169 104 79 106 172 51 69 70 91 158 236 237 233 92 215 45 222 132 100 7 194 170 200 157 50 160 98 12 90 120 145 163 66 136 219 241 21 140 94 138 246 119 230 93 217 161 126 210 103 141 139 162 76 112 189 153 244 130 175 144 99 149 201 225 178 26 60 134 223 131 166 195 232 150 216 39 188 187 206 243 250 72 247 84 190 57 148 125 249 184 124 154 142 252 96 10 238 213 113
11 196 3 22 17 114 97 29 15 221 214 24 177 137 122 253 5 28 204 0 25 2 151 231 130 159 1 176 245 52 68 13 188 209 107 168 8 224 37 182 32 226 27 20 193 65 59 6 63 4 203 205 85 14 19 58 229 34 38 102 41 191 108 42 56 36 202 26 133 71 179 197 207 95 255 199 248 30 251 73 31 115 47 109 44 123 185 220 78 35 43 164 183 129 118 128 83 55 218 80 165 49 101 18 135 143 235 116 117 40 186 228 82 106 110 208 54 181 74 180 76 198 211 33 9 239 105 152 192 23 155 16 171 156 242 64 81 86 240 87 48 75 174 227 212 46 62 146 254 53 121 67 167 234 88 61 111 169 7 79 89 172 51 69 70 91 158 236 237 233 92 215 45 222 132 100 104 194 170 200 157 50 160 98 12 90 120 145 163 66 136 219 241 21 140 94 138 246 119 230 93 217 161 126 210 103 141 139 162 178 112 189 153 244 147 175 144 99 149 201 225 77 127 60 134 223 131 166 195 232 150 216 39 173 187 206 243 250 72 247 84 190 57 148 125 249 184 124 154 142 252 96 10 238 213 113
11 196 3 22 17 114 97 29 15 221 214 24 177 137 122 253 5 28 204 0 168 2 151 131 130 166 1 176 4 111 68 13 173 209 107 25 8 224 37 182 32 226 27 20 193 65 59 6 63 245 203 205 85 14 19 58 229 159 38 102 41 191 108 42 56 36 202 127 133 71 186 197 207 95 255 199 248 30 251 73 31 115 47 109 44 123 185 220 78 35 43 164 183 129 118 128 83 55 218 80 165 49 101 18 135 143 235 116 117 40 179 228 82 89 110 208 54 181 74 180 77 198 211 33 9 239 105 152 192 23 155 16 171 156 242 64 81 86 240 87 48 75 174 227 212 46 62 146 254 53 121 157 167 234 88 61 52 169 104 79 106 172 51 69 70 91 158 236 237 233 92 215 45 222 132 100 7 194 170 200 67 50 160 98 12 90 120 145 163 66 136 219 241 21 140 94 138 246 119 230 93 217 161 126 210 103 141 139 162 213 112 189 153 244 147 175 144 99 149 201 225 178 26 60 134 223 76 34 195 232 150 216 39 188 187 206 243 250 72 247 84 190 57 148 125 249 184 124 154 142 252 96 10 238 231 113
11 196 3 22 17 114 97 29 15 221 214 24 177 137 122 253 5 28 204 0 168 2 151 231 25 34 1 176 4 52 68 13 173 209 107 130 8 224 37 182 32 226 27 20 193 65 59 6 63 245 203 205 85 14 19 58 229 159 38 102 41 191 108 42 56 115 202 127 133 71 179 197 207 95 255 199 248 30 251 73 31 36 47 109 44 123 185 220 78 35 43 164 183 129 118 128 83 55 218 80 165 49 101 18 135 143 235 116 117 40 186 228 82 89 110 208 54 181 74 180 76 198 211 33 9 239 105 152 192 23 155 16 171 156 242 64 77 86 240 87 48 75 174 227 212 46 62 146 254 53 121 67 167 234 88 61 111 169 104 79 106 172 51 69 70 91 158 236 237 233 92 215 45 222 132 100 7 194 170 200 157 50 160 98 12 90 120 145 163 66 136 219 241 21 140 94 138 246 119 230 93 217 161 126 210 103 141 139 162 81 112 189 153 244 147 175 144 99 149 201 225 178 26 60 134 223 131 166 195 232 150 216 39 188 187 206 243 250 72 247 84 190 57 148 125 249 184 124 154 142 252 96 10 238 213 113
11 196 3 22 17 114 97 29 15 221 214 24 177 137 122 253 5 28 204 0 168 2 151 231 130 34 1 176 4 52 68 13 173 209 107 25 8 224 37 182 32 226 27 20 193 65 12 6 63 245 203 205 85 14 19 58 229 159 38 102 41 237 108 42 56 36 202 127 133 71 179 197 207 95 255 199 248 126 251 73 31 115 47 109 44 123 185 220 78 35 43 164 183 129 118 128 83 55 218 80 165 49 101 18 135 143 235 116 117 40 186 228 82 89 110 208 54 181 74 180 77 198 211 33 9 239 105 152 192 23 155 16 171 156 242 64 81 86 240 87 48 75 174 227 212 46 62 146 254 53 121 241 167 234 88 61 111 169 104 79 106 172 51 69 70 76 158 236 184 233 92 215 45 222 132 100 7 194 170 200 157 50 160 98 59 90 120 145 163 66 136 219 67 21 140 94 138 246 119 230 93 217 161 30 210 103 141 139 162 91 112 189 153 244 147 175 144 99 149 201 225 178 26 60 134 223 131 166 195 232 150 216 39 188 187 206 243 250 72 247 84 190 57 148 125 249 191 124 154 142 252 96 10 238 213 113
11 196 3 22 17 114 97 29 15 221 214 24 177 137 122 253 5 28 204 0 168 2 151 231 130 34 1 176 4 52 68 13 173 209 107 25 8 224 37 182 32 226 27 20 193 65 59 6 63 245 203 205 85 14 19 58 229 159 38 102 41 191 108 42 56 36 202 127 133 71 179 197 207 95 255 199 248 30 251 73 31 115 47 109 44 123 185 220 78 35 43 164 183 129 118 128 83 55 218 80 165 49 101 18 135 143 235 116 117 40 186 228 82 89 110 208 54 181 74 180 76 198 211 33 9 239 105 152 192 23 155 16 171 156 242 64 81 86 240 87 48 75 174 227 212 46 62 146 254 53 121 67 167 234 88 61 111 169 104 79 106 172 51 69 70 91 158 236 237 233 92 215 45 222 132 100 7 194 170 200 157 50 160 98 12 90 120 145 163 66 136 219 241 21 140 94 138 246 119 230 93 217 161 126 210 103 141 139 162 178 112 189 153 244 147 175 144 99 149 201 225 77 26 60 134 223 131 166 195 232 150 216 39 188 187 206 243 250 72 247 84 190 57 148 125 249 184 124 154 142 252 96 10 238 213 113
11 196 3 22 17 114 97 29 15 221 214 24 177 137 122 253 5 28 204 0 168 2 151 231 130 34 1 176 4 52 68 13 173 209 107 25 8 224 37 182 32 226 27 20 193 65 59 6 63 245 203 205 85 14 19 58 229 159 38 102 41 191 108 42 56 36 202 127 133 71 179 197 207 95 255 199 248 30 251 73 31 115 47 109 44 123 185 220 90 35 43 164 183 129 118 128 83 55 218 80 165 49 101 18 135 143 235 106 117 40 186 228 82 89 110 208 54 181 74 180 77 198 211 33 9 239 105 152 192 23 155 16 171 156 66 64 81 86 240 87 48 75 174 227 212 46 62 146 254 53 121 241 167 234 88 213 111 169 104 79 116 172 51 69 70 91 158 124 237 233 92 215 45 222 132 100 7 194 170 200 157 50 160 98 12 78 120 145 163 242 136 219 67 21 140 94 138 246 119 230 93 217 161 126 210 103 141 139 162 61 112 189 153 244 147 175 144 99 149 201 225 178 26 60 134 223 131 166 195 232 150 216 39 188 187 206 243 250 72 247 84 190 57 148 125 249 184 236 154 142 252 96 10 238 76 113
11 196 3 22 17 114 97 29 15 221 214 24 177 137 122 253 5 28 204 0 168 2 151 231 130 34 1 176 4 52 68 13 173 209 107 25 8 224 37 182 32 226 27 20 193 65 59 6 63 245 203 205 85 14 19 58 229 159 38 102 41 191 108 42 56 115 202 127 133 71 179 197 207 95 255 199 236 30 251 73 31 36 47 109 44 123 185 220 78 35 43 164 183 129 118 128 83 55 218 80 165 49 101 18 135 143 235 116 117 40 186 228 82 89 110 208 54 213 74 180 76 198 211 33 9 239 105 152 192 23 155 16 171 156 242 64 77 86 240 87 48 75 174 227 212 46 62 146 254 53 121 67 167 234 88 61 111 169 104 79 106 172 51 69 70 91 158 124 237 233 92 215 45 222 132 250 7 194 170 200 157 50 160 98 12 90 120 145 163 66 136 219 241 248 140 94 138 246 119 230 93 217 161 126 210 103 141 139 162 81 112 189 153 244 147 175 144 99 149 201 225 178 26 60 134 223 131 166 195 232 150 216 39 188 187 206 243 100 72 247 84 190 57 148 125 249 184 21 154 142 252 96 10 238 181 113
11 196 3 22 17 114 97 29 15 221 214 24 177 137 122 253 5 28 204 0 168 2 151 231 130 34 1 176 4 52 68 13 173 209 107 25 8 224 37 182 32 226 27 20 193 65 59 6 63 245 203 205 85 14 19 58 229 159 38 102 41 191 108 42 56 115 202 127 133 71 179 197 207 95 255 199 248 30 251 73 31 36 47 109 44 123 185 220 78 35 43 164 183 129 118 128 83 55 218 80 165 49 101 18 135 143 235 116 117 40 186 228 82 89 110 208 54 181 74 180 76 198 211 33 9 239 105 152 192 23 155 16 171 156 242 64 77 86 240 87 48 75 174 227 212 46 62 146 254 53 121 67 167 234 88 61 111 169 104 79 106 172 51 69 70 91 158 236 237 233 92 215 45 222 132 100 7 194 170 200 157 50 160 98 12 90 120 145 163 66 136 219 241 21 140 94 138 246 119 230 93 217 161 126 210 103 141 139 162 81 112 189 153 244 147 175 144 99 149 201 225 178 26 60 134 223 131 166 195 232 150 216 39 188 187 206 243 250 72 247 84 190 57 148 125 249 184 124 154 142 252 96 10 238 213 113
11 196 3 22 17 114 97 29 15 221 214 24 177 137 122 253 5 28 204 0 168 2 151 231 130 34 1 176 4 52 68 13 173 209 107 25 78 224 37 182 32 226 27 20 193 65 59 6 63 245 203 205 85 14 19 58 229 159 38 102 41 191 108 42 56 36 202 127 133 71 47 197 67 95 255 199 248 30 251 194 31 115 179 109 44 123 185 220 8 35 43 164 183 129 118 128 83 55 218 80 165 49 101 18 135 143 235 116 117 40 186 228 82 89 110 208 54 181 74 180 77 198 211 223 9 239 66 152 192 23 187 16 171 156 242 64 81 86 240 87 48 75 174 227 212 46 62 146 254 53 121 207 167 234 88 61 111 169 104 79 106 172 51 69 70 91 158 236 237 233 92 215 45 222 132 100 7 154 170 200 157 50 160 98 12 90 120 145 163 105 136 219 241 21 140 94 138 246 119 230 93 217 161 126 210 103 141 139 162 76 112 189 153 244 147 175 144 99 149 201 225 178 26 60 134 33 131 166 195 232 150 216 39 188 155 206 243 250 72 247 84 190 57 148 125 249 184 124 73 142 252 96 10 238 213 113
11 196 3 22 17 114 97 29 15 221 214 24 177 137 122 253 5 28 204 0 168 2 151 231 130 34 66 176 124 52 68 13 173 30 107 25 8 224 37 182 32 226 27 20 193 65 59 6 63 245 203 205 85 14 19 58 229 159 38 102 41 191 108 42 56 36 202 127 133 71 179 197 207 95 255 199 248 209 251 73 31 115 47 109 44 123 185 220 78 35 43 164 183 129 118 128 167 55 218 80 165 49 252 18 135 143 235 116 117 40 186 228 82 89 110 208 54 181 74 180 77 198 211 33 9 239 105 152 192 23 155 16 171 156 242 64 81 86 240 87 48 75 174 227 212 46 62 146 254 53 121 67 83 234 88 61 111 169 104 79 106 172 51 69 70 91 158 236 237 233 92 215 45 222 132 100 7 194 170 200 157 50 160 98 12 90 120 145 163 1 136 219 241 21 140 94 138 246 119 230 93 217 161 126 238 103 141 139 162 213 112 189 153 244 147 175 144 99 149 201 225 178 26 60 134 223 76 166 195 232 150 216 39 188 187 206 243 250 72 247 84 190 57 148 125 249 184 4 154 142 101 96 10 210 131 113
11 196 3 22 17 114 97 29 15 221 214 24 177 137 122 253 5 28 204 0 168 2 151 231 130 34 66 176 124 52 68 13 173 209 107 25 8 224 37 182 32 226 27 20 193 65 59 6 63 245 203 205 85 14 19 58 229 159 38 102 41 191 108 42 56 36 202 127 133 71 179 197 207 95 255 199 248 30 251 73 31 115 47 109 44 123 185 220 78 35 43 164 183 129 118 128 167 55 218 80 165 49 252 18 135 143 235 116 117 40 186 228 82 89 110 208 54 181 74 180 77 198 211 33 9 239 105 152 192 23 155 16 171 156 242 64 81 86 240 87 48 75 174 227 212 46 62 146 254 53 121 67 83 234 88 61 111 169 104 79 106 172 51 69 70 91 158 236 237 233 92 215 45 222 132 100 7 194 170 200 157 50 160 98 12 90 120 145 163 1 136 219 241 21 140 94 138 246 119 230 93 217 161 126 238 103 141 139 162 213 112 189 153 244 147 175 144 99 149 201 225 178 26 60 134 223 76 166 195 232 150 216 39 188 187 206 243 250 72 247 84 190 57 148 125 249 184 4 154 142 101 96 10 210 131 113
11 196 3 22 17 114 97 29 15 221 214 24 177 137 122 253 5 28 204 53 91 2 151 67 130 166 1 176 4 52 68 13 173 209 107 25 8 224 37 182 32 226 27 20 193 65 59 6 63 245 203 205 85 14 19 58 229 159 23 102 41 191 108 42 56 36 202 127 133 71 179 197 207 95 255 199 248 30 251 73 31 115 162 109 44 123 185 220 78 35 43 164 183 129 118 128 83 55 218 80 165 49 101 18 135 143 235 116 117 144 186 228 82 89 110 208 54 181 74 180 77 198 211 33 9 239 105 152 192 38 155 16 171 156 242 64 81 86 240 87 48 75 174 227 212 46 62 146 254 0 121 231 167 234 88 61 111 169 104 79 106 172 51 69 70 168 158 236 237 233 92 215 45 222 132 100 7 194 170 200 157 50 160 98 12 90 120 145 163 66 136 219 241 21 140 94 138 246 119 230 93 217 161 126 210 103 141 139 47 76 112 189 153 244 147 175 40 99 149 201 225 178 26 60 134 223 131 34 195 232 150 216 39 188 187 206 243 250 72 247 84 190 57 148 125 249 184 124 154 142 252 96 10 238 213 113
11 196 3 22 17 114 97 29 15 221 214 24 177 137 122 253 5 28 204 53 91 2 151 67 130 166 1 176 4 52 68 13 173 209 107 25 8 224 37 182 32 226 27 20 193 65 59 6 63 245 203 205 85 14 19 58 229 159 23 102 41 191 108 42 56 36 202 127 133 71 179 197 207 95 255 199 248 30 251 73 31 115 162 109 44 123 185 220 78 35 43 164 183 129 187 128 83 55 218 80 165 49 101 18 135 143 235 116 117 144 186 228 82 89 110 208 54 181 74 180 77 198 211 33 9 239 105 152 192 38 155 16 171 156 242 64 81 86 240 87 48 75 174 227 212 46 62 146 254 0 121 231 167 234 88 61 111 169 104 79 106 172 51 69 70 168 158 236 237 233 92 215 45 222 132 100 7 194 170 200 157 50 160 98 12 90 120 145 163 66 136 219 241 21 140 94 138 246 119 230 93 217 161 126 210 103 141 139 47 76 112 189 153 244 147 175 40 99 149 201 225 178 26 60 134 223 131 34 195 232 150 216 39 188 118 206 243 250 72 247 84 190 57 148 125 249 184 124 154 142 252 96 10 238 213 113
11 196 3 22 17 114 97 29 15 221 214 24 177 154 122 253 5 28 204 0 168 2 151 231 130 166 1 176 4 52 68 13 173 209 107 25 8 224 37 182 32 226 27 20 193 65 12 6 63 245 203 205 85 14 19 58 229 159 38 102 41 191 108 42 56 35 202 127 133 71 179 197 207 95 255 199 248 30 251 73 31 115 47 109 44 123 185 220 78 36 43 164 183 129 118 128 83 55 218 80 165 49 101 18 135 143 235 116 117 40 186 228 82 89 110 208 54 181 74 180 77 198 211 33 9 239 105 152 192 23 155 16 171 156 242 64 81 86 240 87 48 75 174 227 76 46 125 146 254 53 121 67 167 234 88 61 111 169 104 79 106 172 51 69 70 91 158 236 237 233 178 215 45 222 132 100 7 194 170 200 157 50 160 98 59 90 120 145 163 66 136 219 241 21 140 94 138 246 119 230 93 217 161 126 210 103 141 139 162 213 112 189 153 244 147 175 144 99 149 201 225 92 26 60 134 223 212 34 195 232 150 216 39 188 187 206 243 250 72 247 84 190 57 148 62 249 184 124 137 142 252 96 10 238 131 113
11 196 3 22 17 114 97 29 15 221 214 24 177 186 122 253 5 28 204 0 168 2 151 231 130 206 1 176 4 52 68 13 173 209 107 25 8 224 37 182 32 116 27 20 193 65 59 6 63 245 203 205 85 14 19 58 91 159 38 102 34 191 108 42 56 36 202 127 133 71 179 197 207 95 255 199 248 30 251 73 31 115 47 109 44 123 185 220 78 35 43 164 183 129 118 128 83 55 218 80 137 49 101 18 135 143 235 226 117 40 165 228 82 89 110 208 54 181 74 180 233 198 211 33 9 239 105 152 192 23 155 16 171 156 242 64 194 174 240 87 48 75 178 227 212 46 62 146 254 53 121 67 167 234 88 61 111 169 104 79 106 172 51 69 70 229 158 236 237 77 92 215 45 222 96 100 7 81 170 200 157 50 160 98 12 90 120 145 163 66 136 219 241 21 140 94 138 246 119 230 93 217 161 126 210 76 141 139 162 103 112 189 153 244 147 175 144 99 149 201 225 86 26 60 134 223 131 166 195 232 150 216 39 188 187 41 243 250 72 247 84 190 57 148 125 249 184 132 154 142 252 124 10 238 213 113
11 196 3 22 17 114 97 29 15 221 225 24 177 137 122 253 5 28 204 0 168 2 151 231 130 214 1 176 4 52 68 13 173 125 107 25 8 224 37 182 32 226 27 20 193 65 59 6 63 245 203 205 85 14 19 58 229 159 38 102 41 191 108 42 56 36 202 127 133 71 179 197 207 95 255 199 248 30 251 212 31 115 47 109 44 123 185 220 78 35 43 164 183 129 118 128 83 55 218 80 165 49 101 18 135 143 235 116 117 40 186 228 82 89 110 208 54 181 74 180 77 198 211 33 9 239 105 158 192 23 155 16 171 156 242 64 81 86 240 87 48 75 174 34 154 46 62 146 254 53 121 67 167 234 88 61 111 169 104 79 76 172 51 69 70 91 152 236 237 233 92 215 45 222 132 100 7 194 170 200 157 50 160 98 12 90 120 145 163 66 136 219 241 21 140 94 138 246 119 230 93 217 161 126 210 103 141 139 162 106 112 189 153 244 147 175 144 99 149 201 227 178 26 60 134 223 131 166 195 232 150 216 39 188 187 206 243 250 72 247 84 190 57 148 209 249 184 124 73 142 252 96 10 238 213 113
11 196 3 22 17 114 97 29 15 221 225 24 177 137 122 253 5 28 204 0 168 2 201 231 130 214 1 176 4 52 68 13 173 125 107 25 8 224 37 182 32 226 27 20 193 65 59 6 63 245 203 205 85 14 19 58 229 159 38 102 41 191 108 42 56 36 202 127 133 71 179 197 207 95 255 199 248 30 251 73 31 115 47 109 44 123 185 139 78 35 43 164 183 18 118 128 83 55 218 80 165 49 101 151 135 143 235 116 117 40 129 228 82 89 110 208 54 181 74 180 77 198 211 33 9 239 105 152 34 23 155 16 171 156 242 64 81 86 240 87 48 75 174 192 186 46 62 146 254 53 121 67 167 234 88 61 111 169 104 79 106 172 51 69 70 91 158 236 237 233 92 215 45 222 132 100 7 194 170 200 157 50 160 98 12 90 120 145 163 66 136 219 241 21 140 94 138 246 119 230 93 217 161 126 210 103 141 220 162 76 112 189 153 244 147 175 144 99 149 212 227 178 26 60 134 223 131 166 195 232 150 216 39 188 187 206 243 250 72 247 84 190 57 148 209 249 184 124 154 142 252 96 10 238 213 113
11 196 3 22 17 114 97 29 15 221 225 24 177 137 122 253 5 28 204 0 168 2 245 231 130 214 1 176 4 52 68 81 173 125 107 25 8 224 37 182 32 226 27 20 193 65 59 6 63 201 203 205 85 14 19 58 229 159 38 102 41 191 108 42 56 36 202 127 133 71 179 197 207 95 255 199 248 30 251 73 31 115 47 109 44 123 185 220 78 35 43 164 183 129 118 128 83 55 218 80 165 49 101 18 135 143 235 116 117 40 186 228 82 89 110 208 54 181 74 180 77 198 211 33 9 239 105 152 240 23 155 16 171 156 242 64 13 86 192 87 48 75 237 34 212 46 62 146 254 53 121 67 167 234 88 61 111 169 104 79 106 172 51 69 70 91 158 236 174 233 92 215 45 222 132 100 7 194 170 200 157 50 160 98 21 90 120 145 163 66 136 219 241 12 140 94 138 246 119 230 93 217 161 126 210 103 141 139 162 124 112 189 153 244 147 175 144 99 149 151 227 178 26 60 134 223 131 166 195 232 150 216 39 188 187 206 243 250 72 247 84 190 57 148 209 249 184 76 154 142 252 96 10 238 213 113
11 196 3 22 17 114 97 29 15 221 225 24 177 137 122 253 5 28 204 0 168 2 245 231 130 214 1 176 4 52 68 81 173 125 107 25 8 224 37 182 32 226 27 20 193 65 59 6 63 201 203 205 85 14 19 58 229 159 38 102 41 191 108 42 56 36 202 127 133 71 179 197 207 95 255 199 248 30 251 73 31 115 47 109 44 123 185 220 78 35 43 164 183 129 118 128 83 55 218 80 165 49 101 18 135 143 235 116 117 40 186 228 82 89 110 208 54 181 74 180 77 198 211 33 9 239 105 152 240 23 155 16 171 156 242 64 13 86 192 87 48 75 237 34 212 46 62 146 254 53 121 67 167 234 88 61 111 169 104 79 106 172 51 157 70 91 158 236 174 233 92 215 45 222 132 100 7 194 170 200 69 50 160 98 21 90 120 145 163 66 136 219 241 12 140 94 138 246 119 230 93 217 161 126 210 103 141 139 162 124 112 189 153 244 147 175 144 99 149 151 227 178 26 60 134 223 131 166 195 232 150 216 39 188 187 206 243 250 72 247 84 190 57 148 209 249 184 76 154 142 252 96 10 238 213 113
11 196 3 22 17 114 97 29 15 221 225 24 177 137 122 253 5 28 204 0 168 2 245 231 130 214 1 176 4 52 68 81 173 125 107 25 8 224 37 182 32 226 27 20 193 65 59 6 63 201 203 205 85 14 19 58 229 159 38 102 41 191 108 42 56 36 202 127 133 71 179 197 207 95 255 199 248 30 251 73 31 115 47 109 44 123 185 220 78 35 43 164 183 129 118 128 83 55 218 80 165 49 101 18 135 143 235 116 117 40 186 228 82 89 110 208 54 181 74 180 77 198 211 33 9 239 105 152 240 23 155 16 171 156 242 64 13 86 192 87 48 75 237 34 212 46 62 146 254 53 121 67 167 234 88 61 111 169 104 79 106 172 51 157 70 91 158 236 174 233 92 215 45 222 132 100 7 194 170 200 151 50 160 98 21 90 120 145 163 66 136 219 241 12 140 94 138 246 119 230 93 217 161 126 210 103 141 139 162 124 112 189 153 244 147 175 144 99 149 69 227 178 26 60 134 223 131 166 195 232 150 216 39 188 187 206 243 250 72 247 84 190 57 148 209 249 184 76 154 142 252 96 10 238 213 113
11 196 3 22 17 114 97 29 15 221 225 113 177 137 122 253 5 28 204 0 168 2 201 231 130 214 1 176 4 52 68 13 173 125 107 79 8 224 37 182 32 226 27 20 193 65 59 6 63 245 203 205 85 14 19 58 229 159 38 102 41 191 108 42 56 36 202 127 133 71 179 197 207 95 255 199 248 30 251 73 31 115 47 109 44 123 185 139 78 188 43 164 183 18 118 128 83 166 218 80 165 49 101 151 135 143 235 116 117 40 129 228 82 89 110 208 54 181 74 180 77 198 211 33 9 239 105 152 192 23 155 16 171 156 242 64 81 86 240 87 48 75 174 34 186 46 62 146 254 53 121 67 167 234 88 61 111 169 104 25 106 172 51 69 70 91 158 236 237 233 92 215 45 222 132 100 7 194 170 200 157 50 160 98 12 90 120 145 163 66 136 219 241 21 140 94 138 246 119 230 93 217 161 126 210 103 141 220 162 76 112 189 153 244 147 175 144 99 149 212 227 178 26 60 134 223 131 55 195 232 150 216 39 35 187 206 243 250 72 247 84 190 57 148 209 249 184 124 154 142 252 96 10 238 213 24
11 196 3 22 17 114 97 29 15 221 225 153 177 76 122 253 5 28 204 0 168 2 151 231 130 214 24 176 4 52 68 13 173 209 107 25 8 224 37 182 32 226 27 20 193 65 59 6 63 245 203 205 85 14 19 58 229 159 38 102 41 191 108 42 56 103 202 127 133 71 179 197 207 95 255 199 248 30 251 73 31 115 155 109 44 123 79 220 78 35 43 164 183 129 118 128 83 55 218 80 165 49 101 18 135 143 235 116 117 40 186 228 82 89 110 208 54 181 74 180 77 198 211 33 9 239 105 152 192 23 36 16 171 156 242 64 81 86 240 87 48 75 174 34 212 46 62 146 254 53 121 67 167 234 88 61 111 169 104 185 106 172 51 69 70 91 125 236 237 233 92 215 45 222 132 100 7 194 170 200 157 50 160 98 12 90 120 145 163 66 136 219 241 21 140 94 138 246 119 230 93 217 161 126 210 47 141 139 162 137 112 189 1 244 147 175 144 99 149 201 227 178 26 60 134 223 131 166 195 232 150 216 39 188 187 206 243 250 72 247 84 190 57 148 158 249 184 124 154 142 252 96 10 238 213 113
11 196 3 22 17 114 97 29 15 221 225 153 177 76 122 253 5 28 204 0 168 2 151 231 130 214 24 176 4 52 68 13 173 209 107 226 8 224 37 182 32 25 27 20 193 65 59 6 63 245 203 205 85 14 19 58 229 159 38 102 41 191 108 42 56 103 202 127 133 71 179 197 207 95 255 199 248 30 251 73 31 115 155 109 44 123 79 220 78 35 43 164 183 129 118 128 83 55 218 80 165 49 101 18 135 143 235 116 117 40 186 228 82 89 110 208 54 181 74 180 77 198 211 33 9 239 105 152 192 23 36 16 171 156 242 64 81 86 240 87 48 75 174 34 212 46 62 146 254 53 121 67 167 234 88 61 111 169 104 185 106 172 51 69 70 91 125 236 237 233 92 215 45 222 132 100 7 194 170 200 157 50 160 98 12 90 120 145 163 66 136 219 241 21 140 94 138 246 119 230 93 217 161 126 210 47 141 139 162 137 112 189 1 244 147 175 144 99 149 201 227 178 26 60 134 223 131 166 195 232 150 216 39 188 187 206 243 250 72 247 84 190 57 148 158 249 184 124 154 142 252 96 10 238 213 113
11 196 3 22 17 114 97 29 15 221 227 24 23 137 122 253 5 77 204 0 168 2 151 231 130 214 1 176 4 52 68 13 173 209 107 25 8 224 37 182 32 226 27 20 193 65 59 6 63 245 203 205 85 14 19 58 229 159 38 102 41 191 108 91 56 36 202 127 133 71 179 197 248 95 255 199 207 30 251 212 31 115 155 109 44 123 185 220 78 35 43 75 183 129 118 128 83 55 218 80 165 49 101 18 135 187 235 81 117 40 186 228 82 89 110 208 54 181 74 180 28 198 211 33 9 239 105 152 192 177 47 16 171 156 242 64 116 86 240 87 48 164 174 34 73 46 62 146 254 53 121 144 167 234 88 61 111 169 104 79 106 172 51 69 70 42 125 236 237 233 92 215 45 222 132 100 7 194 170 200 157 50 160 98 12 90 120 145 163 66 136 219 241 21 140 94 138 246 119 230 93 217 161 126 210 103 141 139 162 76 112 189 153 244 147 175 67 99 149 201 225 178 26 60 134 223 131 166 195 232 150 216 39 188 143 206 243 250 72 247 84 190 57 148 158 249 184 124 154 142 252 96 10 238 213 113
11 196 3 22 17 114 97 29 15 221 227 24 129 137 122 253 5 28 204 0 168 2 201 231 130 214 52 176 4 177 68 13 173 125 107 254 8 224 37 182 32 226 27 20 193 65 59 6 63 245 203 205 85 14 19 58 229 159 38 102 41 191 108 42 90 36 202 127 133 71 179 197 207 95 255 199 248 30 251 73 31 115 47 109 44 123 185 220 78 35 43 164 183 1 118 128 83 55 218 80 165 49 101 18 135 131 235 116 219 40 143 228 82 89 110 208 54 181 74 180 77 198 211 33 9 239 105 152 192 23 155 16 171 156 242 64 81 86 240 87 48 75 174 34 212 46 62 146 25 53 121 67 151 234 88 61 111 169 104 79 106 172 51 69 70 91 158 236 237 233 92 215 45 222 132 100 7 194 170 200 157 50 160 98 12 56 120 145 163 66 136 117 241 21 140 94 138 246 119 230 93 217 161 126 210 76 141 139 162 103 112 189 153 244 147 175 144 99 149 167 225 178 26 60 134 223 186 166 195 232 150 216 39 188 187 206 243 250 72 247 84 190 57 148 209 249 184 124 154 142 252 96 10 238 213 113
11 196 3 22 17 114 97 29 15 221 227 24 129 137 122 253 5 28 204 0 168 2 201 231 130 214 52 176 4 177 68 13 173 125 107 254 8 224 37 182 32 226 27 20 193 65 59 6 63 245 203 205 85 14 19 58 229 159 38 102 41 191 108 42 90 36 202 127 133 71 179 197 207 95 255 199 248 30 251 73 31 115 47 109 44 123 185 220 78 35 43 164 183 1 118 128 83 55 218 80 165 49 101 18 135 131 235 116 219 40 143 228 82 89 110 208 54 181 74 180 77 198 211 33 9 239 105 152 192 23 155 16 171 156 242 64 81 86 240 87 48 75 174 34 212 46 62 146 25 53 121 67 151 234 88 61 111 169 104 79 106 190 51 69 70 91 158 236 237 233 92 215 45 222 132 100 7 194 170 200 157 50 160 98 12 56 120 145 163 66 136 117 241 21 140 94 138 246 119 230 93 217 161 126 210 76 141 139 162 103 112 189 153 244 147 175 144 99 149 167 225 178 26 60 134 223 186 166 195 232 150 216 39 188 187 206 243 250 72 247 84 172 57 148 209 249 184 124 154 142 252 96 10 238 213 113
11 196 3 22 17 114 97 29 15 221 227 24 129 137 122 253 5 28 204 0 168 2 201 231 130 214 52 176 118 177 68 13 173 125 107 25 8 224 37 182 32 226 27 20 193 65 59 6 63 245 203 205 85 14 19 58 229 159 38 102 41 191 108 42 56 36 202 127 133 71 179 197 207 95 255 199 248 30 251 73 31 115 47 109 44 123 185 220 78 35 43 164 183 1 4 128 83 55 218 80 165 49 101 18 135 131 235 116 117 40 143 228 82 89 110 208 54 181 74 180 77 198 211 33 9 239 105 152 192 23 155 16 171 156 242 64 81 86 240 87 48 75 174 34 212 46 62 146 254 53 121 67 151 234 88 61 111 169 104 79 106 172 51 69 70 91 158 236 237 170 92 215 45 222 132 100 7 194 233 200 157 50 160 98 12 90 120 145 163 66 136 219 241 21 140 94 138 246 119 230 93 217 161 126 210 76 141 139 162 103 112 189 153 244 147 175 144 99 149 167 225 178 26 60 134 223 186 166 195 232 150 216 39 188 187 206 243 250 72 247 84 190 57 148 209 249 184 124 154 142 252 96 10 238 213 113
11 196 3 22 17 114 97 29 15 221 227 24 129 137 122 253 5 28 204 0 168 10 201 231 130 214 52 176 118 177 68 13 173 125 107 25 8 224 37 182 32 226 27 20 193 65 59 6 63 245 203 205 85 14 19 58 229 159 38 102 41 191 108 42 56 36 202 127 133 71 179 197 207 95 255 199 248 30 251 73 31 115 47 109 44 123 185 220 78 35 43 164 183 1 4 128 83 55 218 80 165 49 101 18 135 131 235 116 117 40 143 228 82 89 110 208 54 181 74 180 77 198 211 33 9 239 105 152 192 23 155 16 171 156 242 64 81 86 240 87 48 75 174 34 212 46 62 146 254 53 121 67 151 234 88 61 111 169 104 79 106 172 51 69 70 91 158 236 237 170 92 215 45 222 132 100 7 194 233 200 157 50 160 98 12 90 120 145 163 66 136 219 241 21 140 94 138 246 119 230 93 217 161 126 210 76 141 139 162 103 112 189 153 244 147 175 144 99 149 167 225 178 26 60 134 223 186 166 195 232 150 216 39 188 187 206 243 250 72 247 84 190 57 148 209 249 184 124 154 142 252 96 2 238 213 113
11 196 3 22 17 114 97 29 15 221 227 24 177 38 122 253 5 28 204 0 168 2 201 231 130 214 1 176 4 52 14 13 173 125 107 25 8 224 37 182 32 226 27 20 193 65 59 6 63 245 203 205 85 68 19 240 229 159 137 102 41 191 108 42 56 36 202 127 133 71 179 197 207 95 255 199 248 30 251 73 31 115 247 109 44 123 185 220 78 35 43 164 183 129 118 128 83 55 218 80 165 49 101 18 135 143 235 116 117 40 186 228 82 89 110 208 54 181 74 180 77 198 211 33 9 136 105 152 192 23 155 16 171 156 242 64 103 86 58 87 48 75 174 34 212 46 62 146 254 53 121 67 167 234 88 61 111 169 104 79 106 172 51 69 70 91 158 236 237 233 92 215 45 222 132 100 7 194 170 200 157 50 160 98 12 90 120 145 163 66 239 219 241 21 140 94 138 246 119 230 93 217 161 126 210 76 141 139 162 81 112 189 153 244 147 175 144 99 149 151 225 178 26 60 134 223 131 166 195 232 150 216 39 188 187 206 243 250 72 47 84 190 57 148 209 249 184 124 154 142 252 96 10 238 213 113
11 196 3 22 17 114 97 29 15 221 227 24 177 38 122 253 5 28 204 0 168 2 201 231 130 214 1 176 4 52 68 13 173 125 107 25 8 224 37 182 32 226 27 20 193 65 59 6 63 245 203 205 85 14 19 240 229 159 137 102 41 191 108 42 56 36 202 127 133 71 179 197 207 95 255 199 248 30 251 73 31 115 247 109 44 123 185 220 78 35 43 164 183 129 118 128 83 55 218 80 165 49 101 18 135 143 235 116 117 40 186 228 82 89 110 208 54 181 74 180 77 198 211 33 9 136 105 152 192 23 155 16 171 156 242 64 103 86 58 87 48 75 174 34 212 46 62 146 254 53 121 67 167 234 88 61 111 169 104 79 106 172 51 69 70 91 158 236 237 233 92 215 45 222 132 100 7 194 170 200 157 50 160 98 12 90 120 145 163 66 239 219 241 21 140 94 138 246 119 230 93 217 161 126 210 76 141 139 162 81 112 189 153 244 147 175 144 99 149 151 225 178 26 60 134 223 131 166 195 232 150 216 39 188 187 206 243 250 72 47 84 190 57 148 209 249 184 124 154 142 252 96 10 238 213 113
11 196 3 22 17 114 97 29 15 221 227 24 177 52 122 253 5 28 204 0 168 2 151 231 130 214 1 176 4 137 68 13 173 178 107 25 8 224 37 182 32 226 27 20 193 65 59 6 63 245 203 205 85 14 19 58 229 159 38 102 41 191 108 42 56 36 202 127 133 71 179 197 207 95 255 199 248 30 251 73 31 115 47 109 44 123 185 220 78 35 43 164 183 129 118 128 83 55 218 80 165 49 101 18 135 143 235 116 117 40 186 228 82 89 110 208 54 181 74 180 77 198 211 33 9 239 105 152 192 23 155 16 171 156 242 64 81 86 240 87 48 75 174 34 212 46 62 146 254 53 121 67 167 234 88 61 111 169 104 79 106 172 51 69 70 91 158 236 237 233 92 215 45 222 132 100 7 194 170 200 157 50 160 98 12 90 120 145 163 66 136 219 241 21 140 94 138 246 119 230 93 217 161 126 210 76 141 139 162 103 112 189 153 244 147 175 144 99 149 201 225 154 26 60 134 223 131 166 195 232 150 216 39 188 187 206 243 250 72 247 84 190 57 148 209 249 184 124 125 142 252 96 10 238 213 113
11 196 3 22 17 114 97 29 15 221 227 24 177 76 122 253 5 28 204 0 168 2 151 231 130 214 1 176 4 52 33 13 173 209 107 25 244 224 37 142 32 226 27 20 193 65 59 6 63 245 203 205 85 14 19 58 229 159 137 102 41 191 108 42 56 36 202 127 133 71 179 197 207 95 255 199 248 30 251 73 31 115 155 109 44 123 185 8 90 35 43 164 183 129 118 128 83 55 218 80 165 49 101 18 135 143 235 116 117 40 186 228 82 89 110 208 54 181 74 180 77 198 211 68 9 239 105 152 192 23 47 16 171 156 242 64 81 86 240 87 48 75 174 34 212 46 62 146 254 53 121 67 167 234 88 61 111 169 104 79 106 172 51 69 70 91 125 236 237 220 92 215 45 222 132 100 7 194 170 200 157 50 160 98 12 78 120 233 163 66 136 219 241 21 140 94 138 246 119 230 93 217 161 126 210 103 141 139 162 38 112 189 153 145 147 175 144 99 149 201 225 178 26 60 134 223 131 166 195 232 150 216 39 188 187 206 243 250 72 247 84 190 57 148 158 249 184 124 154 182 252 96 10 238 213 113
11 196 3 22 17 114 97 29 15 221 227 24 177 76 122 253 5 28 204 0 168 2 151 231 130 214 1 176 4 52 33 13 173 209 107 25 244 224 37 182 32 226 27 20 193 65 59 6 63 245 203 205 85 14 19 58 229 159 137 102 41 191 108 42 56 36 202 127 133 71 179 197 207 95 255 199 248 30 251 73 31 115 155 109 44 123 185 8 90 35 43 164 183 129 118 128 83 55 218 80 165 49 101 18 135 143 235 116 117 40 186 228 82 89 110 208 54 181 74 180 77 198 211 68 9 239 105 152 192 23 47 16 171 156 242 64 81 86 240 87 48 75 174 34 212 46 62 146 254 53 121 67 167 234 88 61 111 169 104 79 106 172 51 69 70 91 125 236 237 220 92 215 45 222 132 100 7 194 170 200 157 50 160 98 12 78 120 233 163 66 136 219 241 21 140 94 138 246 119 230 93 217 161 126 210 103 141 139 162 38 112 189 153 145 147 175 144 99 149 201 225 178 26 60 134 223 131 166 195 232 150 216 39 188 187 206 243 250 72 247 84 190 57 148 158 249 184 124 154 142 252 96 10 238 213 113
11 196 3 22 17 114 97 29 15 221 227 24 177 76 122 253 5 28 204 0 168 2 243 231 130 214 1 176 4 52 68 13 173 209 107 25 8 224 37 182 32 226 27 20 245 65 59 6 63 193 203 205 85 14 19 58 229 159 38 102 41 191 108 42 56 36 202 127 133 71 179 197 207 95 255 199 248 30 251 73 31 81 155 109 44 123 185 220 78 35 43 164 183 129 118 128 83 55 218 80 165 49 101 18 135 137 235 116 117 40 186 228 82 89 110 208 54 181 74 180 77 198 211 33 9 239 105 152 192 23 47 16 171 156 242 64 103 86 240 87 48 75 174 34 212 46 62 146 254 53 121 67 167 234 88 61 111 169 104 79 106 172 51 69 70 91 125 236 237 233 92 215 45 222 132 100 7 194 170 200 157 50 160 98 12 90 120 145 163 66 136 219 241 21 140 94 138 246 119 230 93 217 161 126 210 115 141 139 162 143 112 189 153 244 147 175 144 99 149 201 225 178 26 60 134 223 131 166 195 232 150 216 39 188 187 206 151 250 72 247 84 190 57 148 158 249 184 124 154 142 252 96 10 238 213 113
11 196 3 22 17 114 97 29 15 221 227 24 177 76 122 253 5 28 204 0 168 2 243 231 130 214 1 176 4 52 68 13 173 209 107 25 8 224 37 182 32 226 27 20 245 65 59 6 63 193 203 205 85 14 19 58 229 159 38 102 41 191 108 42 56 36 202 127 133 71 179 197 207 95 255 199 248 30 251 73 31 115 155 109 44 123 185 220 78 35 43 164 183 129 118 128 83 55 218 80 165 49 101 18 135 137 235 116 117 40 186 228 82 89 110 208 54 181 74 180 77 198 211 33 9 239 105 152 192 23 47 16 171 156 242 64 103 86 240 87 48 75 174 34 212 46 62 146 254 53 121 67 167 234 88 61 111 169 104 79 106 172 51 69 70 91 125 236 237 233 92 215 45 222 132 100 7 194 170 200 157 50 160 98 12 90 120 145 163 66 136 219 241 21 140 94 138 246 119 230 93 217 161 126 210 81 141 139 162 143 112 189 153 244 147 175 144 99 149 201 225 178 26 60 134 223 131 166 195 232 150 216 39 188 187 206 151 250 72 247 84 190 57 148 158 249 184 124 154 142 252 96 10 238 213 113
11 196 3 22 17 114 97 29 15 221 227 24 177 79 122 253 5 28 204 0 168 2 201 231 130 214 186 176 4 52 68 13 173 125 107 25 8 224 37 182 32 226 27 20 193 65 59 6 63 245 209 205 85 14 19 58 229 159 38 102 41 191 108 42 56 96 202 127 133 71 179 197 207 95 255 199 248 30 251 73 31 115 47 109 44 123 185 220 78 35 43 164 183 1 118 128 83 55 218 80 165 49 101 18 135 143 235 116 117 40 223 228 82 89 110 208 54 181 74 180 77 198 211 33 9 239 105 152 192 23 155 16 171 156 242 64 81 86 240 87 48 75 174 34 212 46 62 146 254 53 121 67 167 234 88 61 111 169 104 137 106 172 51 69 70 91 158 236 237 233 92 215 45 222 132 100 7 194 170 200 157 50 160 98 12 90 120 145 163 66 136 219 241 21 140 94 138 246 119 230 93 217 161 126 210 76 141 139 162 103 112 189 153 244 147 175 144 99 149 151 225 178 26 60 134 129 131 166 195 232 150 216 39 188 187 206 243 250 72 247 84 190 57 148 203 249 184 124 154 142 252 36 10 238 213 113
11 196 3 22 17 114 97 29 15 221 227 24 177 124 122 253 5 28 204 0 168 2 201 231 130 214 186 176 4 52 68 13 173 125 107 25 8 224 37 182 32 226 27 20 193 65 59 6 63 245 203 205 85 14 19 58 229 159 38 102 41 191 108 42 56 36 202 127 133 71 179 197 207 95 255 199 248 30 251 73 31 115 47 109 44 123 185 137 78 35 43 164 183 1 118 128 83 55 218 80 165 49 101 18 135 143 235 116 117 40 129 228 82 89 110 208 54 181 74 180 77 198 211 33 9 239 105 152 192 23 155 16 171 156 242 64 81 86 240 87 48 75 174 34 212 46 62 146 254 53 121 67 167 234 88 61 111 169 104 79 106 172 51 69 70 91 158 236 237 233 92 215 45 222 132 100 7 194 170 200 157 50 160 98 12 90 120 145 163 66 136 219 241 21 140 94 138 246 119 230 93 217 161 126 210 76 141 139 162 103 112 189 153 244 147 175 144 99 149 151 225 178 26 60 134 223 131 166 195 232 150 216 39 188 187 206 243 250 72 247 84 190 57 148 209 249 184 220 154 142 252 96 10 238 213 113
11 196 3 22 17 114 97 29 15 221 227 24 177 129 122 253 5 28 204 0 168 2 201 231 130 214 1 176 4 52 68 13 173 125 107 25 78 224 37 182 32 226 27 20 193 65 59 6 63 245 203 205 85 14 19 58 229 159 38 102 41 191 108 42 56 36 202 127 133 71 179 197 207 95 255 199 248 30 251 73 31 115 47 109 44 123 185 220 8 35 43 164 183 137 118 128 83 55 218 80 165 49 101 18 135 143 235 116 117 40 186 228 82 89 110 208 54 181 74 180 77 26 211 33 9 239 105 152 192 23 155 16 171 156 242 64 81 86 240 87 48 75 174 34 212 46 62 146 254 53 121 88 167 234 67 61 111 169 104 79 106 172 51 69 70 91 158 236 237 233 92 215 45 222 132 100 7 194 170 200 157 50 160 98 12 90 120 145 163 66 136 219 241 21 140 94 138 246 119 230 93 217 161 126 210 76 141 139 162 103 112 189 153 244 147 175 144 99 149 151 225 178 198 60 134 223 131 166 195 232 150 216 39 188 187 206 243 250 72 247 209 190 57 148 84 249 184 124 154 142 252 96 10 238 213 113
11 196 3 22 17 114 97 29 15 221 227 24 177 129 122 253 5 28 204 0 168 2 201 231 130 214 1 176 4 52 68 13 173 125 107 25 78 224 37 182 32 226 27 20 193 65 59 6 63 245 203 205 85 14 19 58 229 159 38 102 41 191 108 42 56 36 202 127 133 71 179 197 207 95 255 199 248 30 251 73 31 115 47 109 44 123 185 220 8 35 242 164 183 137 118 128 83 55 218 80 165 49 101 18 135 143 235 116 117 40 186 228 82 89 110 208 54 181 74 180 77 26 211 33 9 239 105 152 192 23 155 16 171 156 43 64 81 86 240 87 48 75 174 34 212 46 62 146 254 53 121 88 167 234 67 61 111 169 104 79 106 172 51 69 70 91 158 236 237 233 92 215 45 222 132 100 7 194 170 200 157 50 160 98 12 90 120 145 163 66 136 219 241 21 140 94 138 246 119 230 93 217 161 126 210 76 141 139 162 103 112 189 153 244 147 175 144 99 149 151 225 178 198 60 134 223 131 166 195 232 150 216 39 188 187 206 243 250 72 247 209 190 57 148 84 249 184 124 154 142 252 96 10 238 213 113
11 196 3 22 17 114 97 29 15 221 227 24 177 137 110 253 5 28 204 0 168 2 201 231 130 214 1 176 4 52 172 13 173 125 107 25 8 224 245 182 32 226 27 20 193 65 59 6 63 37 203 205 85 14 19 58 229 159 38 102 41 191 108 42 56 36 202 127 133 71 179 222 207 95 255 199 248 30 251 73 31 115 47 109 44 123 185 220 78 152 43 164 183 18 118 128 83 55 218 80 165 49 101 68 135 143 235 116 117 40 129 228 82 89 122 208 54 181 74 180 77 198 211 33 9 239 105 35 192 23 155 16 171 156 242 64 103 86 240 87 48 75 174 34 212 46 67 146 254 53 121 62 167 234 88 61 111 169 104 79 106 166 51 69 70 91 10 236 237 233 92 215 45 26 132 100 7 194 170 200 157 50 160 98 12 90 120 145 163 66 136 219 241 21 140 94 138 246 119 230 93 217 161 126 210 81 141 139 162 209 112 189 153 244 147 175 144 99 149 151 225 178 197 60 134 223 186 158 195 232 150 216 39 188 187 206 243 250 72 247 84 190 57 148 124 249 184 76 154 142 252 96 131 238 213 113
11 196 3 22 17 114 97 29 15 221 227 24 177 137 110 253 5 28 204 0 168 2 201 231 130 214 1 176 4 52 172 13 173 125 107 25 8 224 245 182 32 226 27 20 193 65 59 6 63 37 203 205 85 14 19 58 229 159 38 102 41 191 108 42 56 36 202 127 133 71 179 222 207 95 255 199 248 30 251 73 31 115 47 109 44 123 185 220 78 152 43 164 183 18 118 128 83 55 218 80 165 49 101 68 135 143 235 116 117 40 129 228 82 89 122 208 54 181 74 180 77 198 211 33 9 239 105 35 192 23 155 16 171 156 242 64 103 86 240 87 48 75 174 34 212 46 67 146 254 53 121 62 167 234 88 61 111 169 104 79 106 166 51 69 70 91 232 236 237 233 92 215 45 26 132 100 7 194 170 200 157 50 160 98 12 90 120 145 163 66 136 219 241 21 140 94 138 246 119 230 93 217 161 126 210 81 141 139 162 209 112 189 153 244 147 175 144 99 149 151 225 178 197 60 134 223 186 158 195 10 150 216 39 188 187 206 243 250 72 247 84 190 57 148 124 249 184 76 154 142 252 96 131 238 213 113
11 196 3 22 17 114 97 29 15 221 227 24 177 137 110 253 5 28 204 0 168 2 201 231 130 214 1 176 4 52 172 13 173 125 107 25 8 224 245 182 32 226 27 20 193 65 59 6 63 37 203 205 85 14 19 58 229 159 38 102 41 191 108 42 56 36 202 127 133 71 179 222 207 95 255 199 248 30 251 73 31 115 47 109 44 123 185 220 78 152 43 164 183 18 118 128 83 55 218 80 165 49 101 68 135 143 235 116 117 40 129 228 82 89 122 208 54 181 74 180 77 198 211 33 9 239 105 35 192 23 155 16 171 156 242 64 103 86 240 87 48 75 174 34 212 46 67 146 254 53 121 62 167 234 88 61 111 169 104 79 106 166 51 69 70 91 232 236 237 233 92 215 45 26 132 100 7 194 170 200 157 50 160 98 12 90 120 145 163 66 136 219 241 21 140 94 138 246 119 230 93 217 161 188 210 81 141 139 162 209 112 189 153 244 147 175 144 99 149 151 225 178 197 60 134 223 186 158 195 10 150 216 39 126 187 206 243 250 72 247 84 190 57 148 124 249 184 76 154 142 252 96 131 238 213 113
11 196 3 22 17 114 97 29 15 221 227 24 177 137 122 253 5 28 34 0 168 2 201 231 130 214 1 176 4 52 172 13 173 125 107 25 8 224 37 182 32 226 27 20 193 65 59 6 63 245 203 205 85 14 19 58 229 159 38 102 41 191 108 42 56 36 202 127 133 71 179 197 207 95 255 199 248 30 251 73 31 115 47 109 44 123 185 220 78 35 43 164 183 225 118 128 83 55 218 80 165 49 101 119 135 143 235 116 117 40 129 228 82 89 110 208 54 181 74 180 77 198 211 33 9 239 105 152 192 23 155 166 171 156 242 64 103 86 132 87 48 75 174 204 212 46 62 146 254 53 121 67 167 234 88 61 111 169 104 79 106 18 51 69 70 91 131 236 237 233 92 215 45 222 240 100 7 194 170 200 157 50 160 98 12 90 120 145 163 66 136 219 241 21 140 94 138 246 68 230 93 217 161 126 210 81 141 139 162 209 112 189 153 244 147 175 144 99 149 151 16 178 26 60 134 223 186 158 195 232 150 216 39 188 187 206 243 250 72 247 84 190 57 148 124 249 184 76 154 142 252 96 10 238 213 113
11 196 3 22 17 114 97 29 15 221 227 24 177 137 122 253 5 28 34 0 168 2 201 231 130 214 1 176 4 52 172 13 173 125 107 25 8 224 37 182 32 226 27 20 193 68 59 6 63 245 203 205 85 14 19 58 229 159 38 102 41 191 108 42 56 36 202 127 133 71 179 197 207 95 255 199 248 30 251 73 31 115 47 109 44 123 185 220 78 35 43 164 183 225 118 128 83 55 218 80 165 49 101 119 135 143 235 116 117 40 129 228 82 89 110 208 54 181 74 180 77 198 211 33 9 239 105 152 192 23 155 166 171 156 242 64 103 86 132 87 48 75 174 204 212 46 62 146 254 53 121 67 167 234 88 61 111 169 104 79 106 18 51 69 70 91 131 236 237 233 92 215 45 222 240 100 7 194 170 200 157 50 160 98 12 90 120 145 163 66 136 219 241 21 140 94 138 246 65 230 93 217 161 126 210 81 141 139 162 209 112 189 153 244 147 175 144 99 149 151 16 178 26 60 134 223 186 158 195 232 150 216 39 188 187 206 243 250 72 247 84 190 57 148 124 249 184 76 154 142 252 96 10 238 213 113
11 196 3 22 17 114 97 29 15 221 227 24 177 137 122 253 5 28 204 0 105 2 151 231 130 214 1 176 4 52 68 13 173 209 107 25 8 224 37 182 32 132 27 20 64 65 59 6 63 245 203 205 34 194 19 58 229 159 38 102 124 191 108 42 16 36 202 127 133 71 179 197 207 95 255 199 248 30 251 73 31 115 45 109 44 123 185 220 78 35 43 164 186 129 118 128 83 55 218 80 165 49 101 18 135 143 235 82 117 40 172 228 116 89 110 208 54 181 74 180 77 198 211 33 9 239 168 152 192 23 155 56 171 156 242 167 81 86 240 87 48 75 174 85 212 46 62 146 14 53 121 67 193 234 88 61 111 169 104 79 106 103 51 69 70 91 158 236 183 254 92 215 47 222 226 100 7 233 170 200 157 50 160 98 12 90 120 145 163 66 136 219 241 21 140 94 138 246 119 230 93 217 161 126 210 76 141 139 162 237 112 189 153 244 147 175 144 99 149 201 225 178 26 60 134 223 131 166 195 232 150 216 39 188 187 206 243 250 72 247 84 184 57 148 154 249 190 41 125 142 252 96 10 238 213 113
11 196 3 22 17 114 97 29 15 221 227 24 177 137 122 253 5 28 204 0 130 2 201 231 168 214 1 176 4 52 172 13 173 125 107 25 8 224 37 182 32 226 27 20 193 65 59 6 63 245 222 205 85 14 19 58 229 159 38 102 41 191 108 42 56 36 202 127 133 71 179 197 207 95 255 199 248 30 251 73 31 115 47 109 44 123 185 220 78 35 43 164 183 67 118 128 83 55 218 80 165 49 101 68 135 143 235 116 117 40 129 228 82 89 110 208 54 181 74 180 77 198 211 33 9 239 105 152 192 23 155 16 171 156 242 64 81 86 240 87 48 75 174 92 212 46 62 146 254 53 121 18 167 234 88 61 111 169 104 79 106 166 51 69 70 91 131 236 237 233 34 215 45 203 132 100 7 194 170 200 157 50 160 98 12 90 120 145 163 66 136 219 241 21 140 94 138 246 119 230 93 217 161 126 210 103 141 139 162 209 112 189 153 244 147 175 144 99 149 148 225 178 26 60 134 223 186 158 195 232 150 216 39 188 187 206 243 250 72 247 84 190 57 151 124 249 184 76 154 142 252 96 10 238 213 113
11 196 3 22 17 114 97 29 15 221 227 24 177 137 122 253 5 28 204 0 168 2 124 231 130 214 129 176 4 52 68 13 173 125 107 25 8 224 37 182 32 226 27 20 193 65 59 6 63 245 203 205 85 14 19 58 229 159 38 102 41 191 108 42 56 35 202 127 133 71 179 197 207 95 255 199 248 30 251 73 31 115 47 109 44 123 185 220 78 36 43 164 183 1 118 128 83 55 218 80 165 49 101 18 135 143 235 116 117 40 186 228 82 89 110 208 54 181 74 180 77 198 211 33 9 239 105 152 192 23 155 16 171 156 242 64 81 86 240 87 48 75 174 34 212 46 62 146 254 53 121 67 167 234 88 61 111 169 104 79 106 172 51 69 70 91 158 236 237 233 92 215 45 222 132 100 7 194 170 200 157 50 160 98 12 90 120 145 163 66 136 219 241 21 140 94 138 246 119 230 93 217 161 126 210 76 141 139 162 103 112 189 153 244 147 175 144 99 149 201 225 178 26 60 134 223 131 166 195 232 150 216 39 188 187 206 243 250 72 247 84 190 57 148 209 249 184 151 154 142 252 96 10 238 213 113
11 196 3 22 17 114 97 29 15 221 227 24 177 137 122 253 5 28 204 0 168 2 124 231 130 214 129 176 4 52 68 13 173 125 107 25 8 224 37 182 32 226 27 20 193 65 59 6 63 245 203 205 85 14 19 58 229 159 38 102 41 191 108 42 56 35 202 127 133 71 179 197 207 95 255 199 248 30 251 73 31 115 47 109 44 123 185 220 78 36 43 164 183 1 118 128 83 55 218 80 165 49 101 18 135 143 235 116 117 40 186 228 82 89 110 208 201 181 74 180 77 198 211 33 9 239 105 152 192 23 155 16 171 156 242 64 81 86 240 87 48 75 174 34 212 46 62 146 254 53 121 67 167 234 88 61 111 169 104 79 106 172 51 69 70 91 158 236 237 233 92 215 45 222 132 100 7 194 170 200 157 50 160 98 12 90 120 145 163 66 136 219 241 21 140 94 138 246 119 230 93 217 161 126 210 76 141 139 162 103 112 189 153 244 147 175 144 99 149 54 225 178 26 60 134 223 131 166 195 232 150 216 39 188 187 206 243 250 72 247 84 190 57 148 209 249 184 151 154 142 252 96 10 238 213 113
11 196 3 22 17 114 97 29 15 221 227 24 177 137 122 253 5 28 204 0 168 2 124 231 130 214 129 176 4 52 68 13 173 125 107 25 8 224 37 182 32 241 27 20 193 65 59 6 63 245 203 205 85 14 19 58 229 159 38 102 41 191 108 42 56 35 202 127 133 71 179 197 207 95 255 199 248 30 251 73 31 115 47 109 44 123 185 220 78 36 43 164 183 1 118 128 83 55 218 80 165 49 101 18 135 143 235 116 117 40 186 228 82 89 110 208 54 181 74 180 77 198 211 33 9 239 105 152 192 23 155 16 171 156 242 64 81 86 240 87 48 75 174 34 212 46 62 146 254 53 121 67 167 234 88 61 111 169 104 79 106 172 51 69 70 91 158 236 237 233 92 215 45 222 132 100 7 194 170 200 157 50 160 98 12 90 120 145 163 66 136 219 226 21 140 94 138 246 119 230 93 217 161 126 210 76 141 139 162 103 112 189 153 244 147 175 144 99 149 201 225 178 26 60 134 223 131 166 195 232 150 216 39 188 187 206 243 250 72 247 84 190 57 148 209 249 184 151 154 142 252 96 10 238 213 113
11 196 3 22 17 114 97 29 15 221 227 24 177 137 122 253 5 28 204 0 168 2 151 140 130 214 1 176 4 52 68 13 173 125 107 25 8 224 37 182 32 226 27 20 193 65 59 6 63 245 203 205 85 14 19 58 229 159 38 102 41 191 108 42 56 36 202 127 133 71 179 197 207 95 255 199 248 30 251 73 31 115 47 109 44 123 185 220 78 35 43 164 183 129 118 128 83 55 218 80 165 49 101 18 135 143 235 116 117 40 186 228 82 89 110 208 54 181 74 180 77 198 211 33 9 239 105 152 192 23 155 16 171 156 242 64 81 86 240 87 48 75 174 34 212 46 62 146 254 53 121 67 167 234 88 61 111 169 104 79 106 172 51 69 70 91 158 236 237 233 92 215 45 222 132 100 7 194 170 200 157 50 160 98 12 90 120 145 163 66 136 219 241 21 231 94 138 246 119 230 93 217 161 126 210 103 141 139 162 76 112 189 153 244 147 175 144 99 149 201 225 178 26 60 134 223 131 166 195 232 150 216 39 188 187 206 243 250 72 247 84 190 57 148 209 249 184 124 154 142 252 96 10 238 213 113
11 196 3 22 17 114 97 29 15 221 227 24 177 137 122 253 5 28 204 0 168 2 151 140 130 214 1 176 4 52 68 13 173 209 107 25 8 224 37 182 32 226 27 20 193 65 59 6 63 245 203 205 85 14 19 212 229 159 38 102 41 191 108 42 56 36 202 127 133 71 179 197 207 95 255 199 248 30 251 73 31 115 155 109 44 123 185 220 78 35 43 164 183 129 118 128 83 55 218 80 165 49 101 18 135 143 235 116 117 40 186 228 82 89 110 208 54 181 74 180 77 198 211 33 9 239 105 152 192 23 47 16 171 156 242 64 81 86 240 87 48 75 174 34 58 46 62 146 254 53 121 67 167 234 88 61 111 169 104 79 106 172 51 69 70 91 125 236 237 233 92 215 45 222 132 100 7 194 170 200 157 50 160 98 12 90 120 145 163 66 136 219 241 21 231 94 138 246 119 230 93 217 161 126 210 103 141 139 162 76 112 189 153 244 147 175 144 99 149 201 225 178 26 60 134 223 131 166 195 232 150 216 39 188 187 206 243 250 72 247 84 190 57 148 158 249 184 124 154 142 252 96 10 238 213 113
11 196 3 22 17 114 97 29 15 221 227 24 177 137 122 253 5 28 204 0 168 2 151 140 130 214 1 176 4 52 68 13 173 209 107 25 8 224 37 182 32 226 27 20 193 65 59 6 63 245 203 205 85 14 19 212 229 159 38 102 41 191 108 42 56 36 202 127 133 71 179 197 207 95 255 199 248 30 251 73 31 115 155 109 44 123 185 220 78 35 43 164 183 129 118 128 83 55 218 80 165 49 101 18 135 143 235 116 117 40 186 228 82 89 110 208 54 181 74 180 77 198 211 33 9 239 105 152 192 23 47 16 233 156 242 64 81 86 240 87 48 75 174 34 58 46 62 146 254 53 121 67 167 234 88 61 111 169 104 79 106 172 51 69 70 91 125 236 237 171 92 215 45 222 132 100 7 194 170 200 157 50 160 98 12 90 120 145 163 66 136 219 241 21 231 94 138 246 119 230 93 217 161 126 210 103 141 139 162 76 112 189 153 244 147 175 144 99 149 201 225 178 26 60 134 223 131 166 195 232 150 216 39 188 187 206 243 250 72 247 84 190 57 148 158 249 184 124 154 142 252 96 10 238 213 113
11 196 3 22 17 114 97 29 15 221 227 24 177 137 122 253 5 28 204 0 168 2 151 231 36 214 1 176 4 52 68 13 173 209 107 67 8 224 37 182 32 226 27 20 193 65 59 6 63 245 203 205 85 14 19 58 229 159 38 102 166 191 108 42 56 130 202 127 133 71 179 197 207 95 255 199 248 30 251 131 31 115 155 109 44 123 185 220 147 35 43 164 183 129 118 128 83 55 218 80 165 78 101 18 135 143 235 116 117 40 186 228 82 89 110 208 54 181 74 180 77 198 211 33 9 239 105 152 192 23 47 16 171 156 242 64 81 86 240 87 48 75 174 34 212 46 62 146 254 53 121 25 167 234 88 61 111 169 104 79 106 172 51 69 70 91 158 236 237 233 92 215 45 222 132 100 7 194 170 200 157 50 160 98 12 90 120 145 163 66 136 219 241 21 140 94 138 246 119 230 93 217 161 126 210 103 141 139 162 76 112 189 153 244 49 175 144 99 149 201 225 178 26 60 134 223 73 41 195 232 150 216 39 188 187 206 243 250 72 247 84 190 57 148 125 249 184 124 154 142 252 96 10 238 213 113
11 196 3 22 17 114 97 29 15 221 227 24 177 137 122 253 5 28 204 0 168 2 151 231 130 214 1 176 4 52 68 13 173 125 107 25 8 224 37 182 32 226 27 20 193 65 59 6 63 128 203 205 85 14 19 58 229 159 38 102 41 191 108 42 56 103 212 127 133 71 179 197 207 95 255 199 248 30 251 73 31 115 45 109 44 123 185 220 78 35 43 164 183 129 118 187 83 55 218 80 165 49 101 18 135 143 235 116 117 40 186 228 82 89 110 208 54 181 74 180 77 198 211 33 9 239 105 152 192 23 155 16 171 156 242 64 81 86 240 87 48 75 174 34 202 46 62 146 254 53 121 67 167 234 88 61 111 169 104 79 106 172 51 69 70 91 158 236 237 233 92 215 47 222 132 100 7 194 170 200 157 50 160 98 12 90 120 145 163 66 136 219 241 21 140 94 138 246 119 230 93 217 161 126 210 245 141 139 162 76 112 189 153 244 147 175 144 99 149 201 225 178 26 60 134 223 131 166 195 232 150 216 39 188 36 206 243 250 72 247 84 190 57 148 209 249 184 124 154 142 252 96 10 238 213 113
11 196 3 22 17 114 97 29 15 221 227 24 177 137 122 253 5 28 204 0 168 2 151 231 130 214 1 176 4 52 68 13 173 125 107 25 8 224 37 182 32 226 27 20 193 65 59 6 63 245 203 205 85 14 19 58 229 159 38 102 41 191 108 42 56 36 202 127 133 71 179 197 207 95 255 199 248 30 251 73 31 115 45 109 44 123 185 220 78 35 43 164 183 129 118 128 83 55 218 80 165 49 101 18 135 143 235 116 117 40 186 228 82 89 110 208 54 181 74 180 77 198 211 33 9 239 105 152 192 23 48 16 171 156 242 64 81 86 240 87 155 75 174 34 212 46 62 146 254 53 121 67 167 234 88 61 111 169 104 79 106 172 51 69 70 91 158 236 237 233 92 215 47 222 132 100 7 194 170 200 157 50 160 98 12 90 120 145 163 66 136 219 241 21 140 94 138 246 119 230 93 217 161 126 210 103 141 139 162 76 112 189 153 244 147 175 144 99 149 201 225 178 26 60 134 223 131 166 195 232 150 216 39 188 187 206 250 243 72 247 84 190 57 148 209 249 184 124 154 142 252 96 10 238 213 113
11 196 3 22 17 114 97 29 15 221 227 24 177 137 122 253 5 28 204 0 168 2 151 231 130 214 1 176 4 52 68 13 173 125 107 25 8 224 37 182 32 226 27 20 193 65 59 6 63 245 203 205 85 14 19 58 229 159 38 102 41 191 108 42 56 36 202 127 133 71 179 197 207 95 255 199 248 30 251 73 31 115 45 109 44 123 185 220 78 35 43 164 183 129 118 128 83 55 218 80 165 49 101 18 135 143 235 116 117 40 186 228 82 89 110 208 54 181 74 180 77 198 211 33 9 239 105 152 192 23 155 16 171 156 242 64 81 86 240 87 48 75 174 34 212 46 62 146 254 53 121 67 167 234 88 61 111 169 104 79 106 172 51 69 70 91 158 236 237 233 92 215 47 222 132 100 7 194 170 200 157 50 160 98 12 90 120 145 163 66 136 219 241 21 140 94 138 246 119 230 93 217 161 126 210 103 141 139 162 76 112 189 153 244 147 175 144 99 149 201 225 178 26 60 134 223 131 166 195 232 150 216 39 188 187 206 243 250 72 247 84 190 57 148 209 249 184 124 154 142 252 96 10 238 213 113
11 196 3 22 17 114 97 29 15 221 227 24 177 137 122 253 5 28 204 0 168 2 151 231 130 214 1 176 4 52 68 13 173 125 107 25 8 224 37 182 32 226 27 20 193 65 59 6 63 245 203 205 85 14 19 58 229 159 38 102 41 191 108 42 56 36 202 127 133 71 179 197 207 95 255 199 248 30 251 73 31 115 45 109 44 123 185 220 78 35 43 164 183 129 118 128 83 55 218 80 165 49 101 18 135 143 235 116 117 40 186 228 82 89 110 208 54 181 74 180 77 198 211 33 9 239 105 152 192 23 155 16 171 156 242 64 81 86 240 87 48 75 174 34 212 46 62 146 254 53 121 67 167 234 88 61 111 169 104 79 106 172 51 69 70 91 158 236 237 233 92 215 47 222 132 100 7 194 170 200 157 50 160 98 12 90 120 145 163 66 136 219 241 21 140 94 138 246 119 230 93 217 161 126 210 103 141 139 162 76 112 189 153 244 147 175 144 99 149 201 225 178 26 60 134 223 131 166 195 232 150 216 39 188 187 206 250 243 72 247 84 190 57 148 209 249 184 124 154 142 252 96 10 238 213 113
11 196 3 22 17 114 97 29 15 221 227 24 177 137 122 253 5 28 204 0 168 2 151 231 130 214 1 176 4 52 68 13 173 125 107 25 8 224 37 182 32 226 27 20 193 65 59 6 63 245 203 205 85 14 19 58 229 159 38 102 41 191 108 42 56 36 202 127 133 71 179 197 207 95 255 199 248 30 251 73 31 115 47 109 44 123 185 220 78 35 43 164 183 129 118 128 83 55 218 80 165 49 101 18 135 143 235 116 117 40 186 228 82 89 110 208 54 181 74 180 77 198 211 33 9 239 105 152 192 23 155 16 171 156 242 64 81 86 240 87 48 75 174 34 212 46 62 146 254 53 121 67 167 234 88 61 111 169 104 79 106 172 51 69 70 91 158 236 237 233 92 215 45 222 132 100 7 194 170 200 157 50 160 98 12 90 120 145 163 66 136 219 241 21 140 94 138 246 119 230 93 217 161 126 210 103 141 139 162 76 112 189 153 244 147 175 144 99 149 201 225 178 26 60 134 223 131 166 195 232 150 216 39 188 187 206 250 243 72 247 84 190 57 148 209 249 184 124 154 142 252 96 10 238 213 113
11 196 3 22 17 114 97 29 15 221 227 24 177 137 122 253 5 28 204 0 168 2 151 231 130 214 1 176 4 52 68 13 173 125 107 25 8 224 37 182 32 226 27 20 193 65 59 6 63 245 203 205 85 14 19 58 229 159 38 102 41 191 108 42 56 36 202 127 133 71 179 197 207 95 255 199 248 30 251 73 31 115 47 109 44 123 185 220 78 35 43 164 183 129 118 128 83 55 218 80 165 49 101 18 135 143 235 116 117 40 186 228 82 89 110 208 54 237 74 180 77 198 211 33 9 239 105 152 192 23 155 16 171 156 242 64 81 195 240 87 48 75 174 34 212 46 62 146 254 53 121 67 167 234 88 61 111 169 104 79 106 172 51 69 70 91 158 236 181 233 92 215 45 222 132 100 7 194 170 200 157 50 160 98 12 90 120 145 163 66 136 219 241 21 140 94 138 246 119 230 93 217 161 126 210 103 141 139 162 76 112 189 153 244 147 175 144 99 149 201 225 178 26 60 134 223 131 166 86 232 150 216 39 188 187 206 243 250 72 247 84 190 57 148 209 249 184 124 154 142 252 96 10 238 213 113
11 196 3 22 17 114 97 29 15 221 227 24 177 137 122 253 5 28 204 0 168 2 151 231 130 214 1 176 4 52 68 13 173 125 107 25 8 224 37 182 32 226 27 20 193 65 59 6 63 245 203 205 85 14 19 58 229 159 38 102 41 191 108 42 56 36 202 127 133 71 179 197 207 95 255 199 248 30 251 212 31 115 47 109 44 123 185 220 78 35 43 164 183 129 118 128 83 55 218 80 165 49 101 18 135 143 235 116 117 40 186 228 82 89 110 208 54 181 74 180 77 198 211 33 9 239 105 152 192 23 155 16 171 156 242 64 81 86 240 87 48 75 174 34 154 46 62 146 254 53 121 67 167 234 88 61 111 169 104 79 106 172 51 69 70 91 158 236 237 233 92 215 45 222 132 100 7 194 170 200 157 50 160 98 12 90 120 145 163 66 136 219 241 21 140 94 138 246 119 230 93 217 161 126 210 103 141 139 162 76 112 189 153 244 147 175 144 99 149 201 225 178 26 60 134 223 131 166 195 232 150 216 39 188 187 206 243 250 72 247 84 190 57 148 209 249 184 124 73 142 252 96 10 238 213 113
11 196 3 22 17 114 97 29 15 221 227 24 177 137 122 253 5 28 204 0 168 2 151 231 130 214 1 176 4 52 68 13 173 125 107 25 8 224 37 182 32 226 27 20 193 65 59 6 63 245 203 205 85 14 19 58 229 159 38 102 41 191 108 42 56 36 202 127 133 71 179 197 207 95 255 199 248 30 251 212 31 115 47 109 44 123 185 220 78 35 43 164 183 129 118 128 83 55 218 80 165 49 101 18 135 143 235 116 117 40 186 228 82 89 110 208 54 181 74 180 77 198 211 33 9 239 105 158 192 23 155 16 171 156 242 64 81 86 240 87 48 75 174 34 154 46 62 146 254 53 121 67 167 234 88 61 111 169 104 79 106 172 51 69 70 91 152 236 237 233 92 215 45 222 132 100 7 194 170 200 157 50 160 98 12 90 120 145 163 66 136 219 241 21 140 94 138 246 119 230 93 217 161 126 210 103 141 139 162 76 112 189 153 244 147 175 144 99 149 201 225 178 26 60 134 223 131 166 195 232 150 216 39 188 187 206 243 250 72 247 84 190 57 148 209 249 184 124 73 142 252 96 10 238 213 113
11 196 3 22 17 114 97 29 15 221 227 24 177 137 122 253 5 28 204 0 168 2 151 231 130 214 1 176 4 52 68 13 173 125 107 25 8 224 201 182 32 226 27 20 193 65 59 6 63 245 203 205 85 14 69 58 229 159 38 102 41 191 108 42 56 36 202 127 133 71 76 197 207 95 255 199 248 30 251 73 31 115 45 109 44 123 185 220 78 35 43 164 183 129 118 128 83 55 218 80 165 49 101 18 135 143 235 116 117 40 186 228 82 89 110 208 54 181 74 180 77 198 211 33 9 239 105 152 192 23 155 16 171 156 242 64 81 86 240 87 48 75 174 34 212 46 62 146 254 53 121 67 167 234 88 61 111 169 104 79 106 172 51 179 70 91 158 236 237 233 209 215 47 222 132 100 7 194 170 200 157 50 160 98 12 90 120 145 163 66 136 219 241 21 140 94 138 246 119 230 93 217 161 126 210 103 141 139 162 19 112 189 153 244 147 175 144 99 149 37 225 178 26 60 134 223 131 166 195 232 150 216 39 188 187 206 243 250 72 247 84 190 57 148 92 249 184 124 154 142 252 96 10 238 213 113
11 196 3 22 17 114 97 29 15 221 227 24 177 137 122 253 5 28 204 0 168 2 151 231 130 214 1 176 4 52 68 13 173 125 107 25 8 224 201 182 32 226 27 20 193 65 59 6 63 245 203 205 85 14 76 58 229 159 38 102 41 191 108 42 56 36 202 127 133 71 69 197 207 95 255 199 248 30 251 73 31 115 45 109 44 123 185 220 78 35 43 164 183 129 118 128 83 55 218 80 165 49 101 18 135 143 235 116 117 40 186 228 82 89 110 208 54 181 74 180 77 198 211 33 9 239 105 152 192 23 155 16 171 156 242 64 81 86 240 87 48 75 174 34 212 46 62 146 254 53 121 67 167 234 88 61 111 169 104 79 106 172 51 179 70 91 158 236 237 233 209 215 47 222 132 100 7 194 170 200 157 50 160 98 12 90 120 145 163 66 136 219 241 21 140 94 138 246 119 230 93 217 161 126 210 103 141 139 162 19 112 189 153 244 147 175 144 99 149 37 225 178 26 60 134 223 131 166 195 232 150 216 39 188 187 206 243 250 72 247 84 190 57 148 92 249 184 124 154 142 252 96 10 238 213 113
11 196 3 22 17 114 97 29 15 221 227 24 177 137 122 253 5 28 204 0 168 2 151 231 130 214 1 176 4 52 68 13 173 209 107 25 8 224 37 182 32 226 27 20 193 65 59 6 63 187 203 205 85 14 19 58 229 159 38 102 41 191 108 42 56 36 202 127 133 71 179 197 207 95 255 199 248 30 251 73 31 115 47 109 44 123 185 220 78 35 43 164 183 129 118 128 83 55 218 80 145 49 101 18 135 143 235 116 117 40 186 228 82 89 110 208 54 181 74 180 77 198 211 33 9 239 105 152 192 23 155 16 171 156 242 64 81 86 240 87 48 75 174 34 212 46 62 146 254 53 121 67 167 234 88 61 111 169 104 79 106 172 51 69 70 91 158 236 237 233 92 215 45 222 132 100 7 194 170 200 157 50 160 98 12 90 120 165 163 66 136 219 241 21 140 94 138 246 119 230 93 217 161 126 210 103 141 139 162 76 112 189 153 244 147 175 144 99 149 201 225 178 26 60 134 223 131 166 195 232 150 216 39 188 245 206 243 250 72 247 84 190 57 148 125 249 184 124 154 142 252 96 10 238 213 113
11 196 3 22 17 114 97 29 15 221 227 24 177 137 122 253 5 28 204 0 168 2 151 231 130 214 1 176 4 52 68 13 173 209 107 25 8 224 37 182 32 226 27 20 193 65 59 6 63 245 203 205 34 233 19 58 229 159 38 102 124 191 108 42 56 36 202 127 133 71 179 197 207 95 255 199 248 30 251 73 31 115 45 109 44 123 185 220 78 35 43 164 183 129 118 128 83 55 218 80 165 49 101 18 135 143 235 116 117 40 186 228 82 89 110 208 54 181 74 180 77 198 211 33 9 239 105 152 192 23 155 16 171 156 242 64 81 86 240 87 48 75 174 85 212 46 62 146 14 53 121 67 167 234 88 61 111 169 104 79 106 172 51 69 70 91 158 236 237 254 92 215 47 222 132 100 7 194 170 200 157 50 160 98 12 90 120 145 163 66 136 219 241 21 140 94 138 246 119 230 93 217 161 126 210 76 141 139 162 103 112 189 153 244 147 175 144 99 149 201 225 178 26 60 134 223 131 166 195 232 150 216 39 188 187 206 243 250 72 247 84 190 57 148 154 249 184 41 125 142 252 96 10 238 213 113
11 196 3 22 17 114 97 29 15 221 227 24 177 137 122 253 5 28 204 0 168 2 151 231 130 214 1 176 4 52 68 13 173 209 107 25 8 224 37 182 32 226 27 20 193 65 59 6 63 245 203 205 34 233 19 58 229 159 38 102 124 191 108 42 56 36 202 127 133 71 179 197 207 95 255 199 248 30 251 73 31 115 45 109 44 123 185 220 78 35 43 164 183 129 118 128 83 55 218 80 165 49 101 18 135 143 235 116 117 40 186 228 82 89 110 208 54 181 74 180 77 198 211 33 9 239 105 152 192 72 155 16 171 156 242 64 81 86 240 87 48 75 174 85 212 46 62 146 14 53 121 67 167 234 88 61 111 169 104 79 106 172 51 69 70 91 158 236 237 254 92 215 47 222 132 100 7 194 170 200 157 50 160 98 12 90 120 145 163 66 136 219 241 21 140 94 138 246 119 230 93 217 161 126 210 76 141 139 162 103 112 189 153 244 147 175 144 99 149 201 225 178 26 60 134 223 131 166 195 232 150 216 39 188 187 206 243 250 23 247 84 190 57 148 154 249 184 41 125 142 252 96 10 238 213 113
11 196 3 22 17 114 97 29 15 221 227 24 177 137 122 253 5 28 204 0 168 2 151 231 130 214 1 176 4 52 68 13 173 209 107 25 8 224 37 182 32 226 27 20 193 65 59 6 63 245 203 205 85 14 19 58 229 104 38 102 41 191 108 42 56 36 202 127 133 71 179 197 207 95 255 199 248 30 251 73 31 115 47 109 44 123 185 220 78 35 43 164 183 129 118 128 83 55 218 80 165 49 101 18 135 143 235 116 117 40 186 228 82 89 110 208 54 181 74 180 77 198 211 33 9 239 105 152 192 23 155 16 171 156 242 64 81 86 240 87 48 75 174 34 212 46 62 146 254 53 121 67 167 234 88 61 111 169 159 79 106 172 51 69 70 91 158 236 237 233 92 215 45 222 132 100 7 194 170 200 157 50 160 98 12 90 120 145 163 66 136 219 241 21 140 94 138 246 119 230 93 217 161 126 210 103 141 139 162 76 112 189 153 244 147 175 144 99 149 201 225 178 26 60 134 223 131 166 195 232 150 216 39 188 187 206 250 243 72 247 84 190 57 148 125 249 184 124 154 142 252 96 10 238 213 113
11 196 3 22 17 114 97 29 15 221 227 24 177 137 122 253 5 28 204 0 168 2 151 231 130 214 1 176 4 52 68 13 173 209 107 25 8 224 37 182 32 226 27 20 193 65 59 6 63 245 203 205 85 14 19 58 229 159 38 102 41 191 108 42 56 36 202 127 133 71 179 197 207 95 255 199 248 30 251 73 31 115 47 109 44 123 185 220 78 35 43 164 183 129 118 128 83 55 218 80 165 49 101 18 135 143 235 116 117 40 186 228 82 89 110 208 54 181 74 180 77 198 211 33 9 239 105 152 192 23 155 16 171 156 242 64 81 86 240 87 48 75 174 34 212 46 62 146 254 53 121 67 167 234 88 61 111 169 104 79 106 172 51 69 70 91 158 236 237 233 92 215 45 222 132 100 7 194 170 200 157 50 160 98 12 90 120 145 163 66 136 219 241 21 140 94 138 246 119 230 93 217 161 126 210 103 141 139 162 76 112 189 153 244 147 175 144 99 149 201 225 178 26 60 134 223 131 166 195 232 150 216 39 188 187 206 250 243 72 247 84 190 57 148 125 249 184 124 154 142 252 96 10 238 213 113
11 196 3 22 17 114 97 29 15 221 227 24 177 137 122 253 5 28 204 0 168 2 151 231 130 214 1 176 4 52 68 13 173 209 107 25 8 224 37 182 32 226 27 20 193 65 59 6 63 245 203 205 85 14 19 58 229 159 38 102 41 191 108 42 56 36 202 127 133 71 179 197 207 95 255 199 248 30 251 73 31 115 47 109 44 123 185 220 78 35 43 164 183 129 118 128 83 55 218 80 165 49 101 18 135 143 235 116 117 40 186 228 82 89 110 208 54 181 74 180 77 198 211 33 9 239 105 152 192 23 155 16 171 156 242 64 81 86 240 87 48 75 174 34 212 46 62 146 254 53 121 67 167 234 88 61 111 169 104 79 106 172 184 69 70 91 158 236 237 233 92 215 45 222 132 100 7 194 170 200 157 50 160 98 12 90 120 145 163 66 136 219 241 21 140 94 138 246 119 230 93 217 161 126 210 103 141 139 162 76 112 189 153 244 147 175 144 99 149 201 225 178 26 60 134 223 131 166 195 232 150 216 39 188 187 206 243 250 72 247 84 190 57 148 125 249 51 124 154 142 252 96 10 238 213 113
11 196 3 22 17 114 97 29 15 221 227 24 177 137 122 253 5 28 204 0 168 2 151 231 130 214 1 176 4 52 68 13 173 209 107 25 8 224 37 182 32 226 27 20 193 65 59 6 63 245 203 205 85 14 19 58 229 159 38 102 166 191 108 42 56 47 202 127 133 71 179 197 207 95 255 199 248 30 251 73 31 115 155 109 44 123 185 220 78 35 43 164 183 129 118 128 83 55 218 80 165 49 101 18 135 143 235 116 117 40 186 228 82 89 110 208 54 181 74 180 77 198 211 33 9 239 105 152 192 23 41 16 171 156 242 64 81 86 240 87 48 75 174 34 212 46 62 146 254 53 121 67 167 234 88 61 111 169 104 79 106 172 51 69 70 91 125 236 237 233 92 215 45 222 132 100 7 194 170 200 157 50 160 98 12 90 120 145 163 66 136 219 241 21 140 94 138 246 119 230 93 217 161 126 210 103 141 139 162 76 112 189 153 244 147 175 144 99 149 201 225 178 26 60 134 223 131 36 195 232 150 216 39 188 187 206 243 250 72 247 84 190 57 148 158 249 184 124 154 142 252 96 10 238 213 113
11 196 3 22 17 114 97 29 15 221 227 24 177 137 122 253 5 28 204 0 168 2 151 231 130 214 1 176 4 52 68 13 173 209 107 25 8 224 37 182 32 226 27 20 193 65 59 6 63 245 203 205 85 14 19 212 229 159 38 102 41 191 108 42 56 36 202 127 133 71 179 197 207 95 255 199 248 30 251 73 31 115 155 109 44 123 185 220 78 35 43 164 183 129 118 128 83 55 218 80 165 49 101 18 135 143 235 116 117 40 186 228 82 89 110 208 54 181 74 180 77 198 211 33 9 239 105 152 192 23 47 16 171 156 242 64 81 86 240 87 48 75 174 34 58 46 62 146 254 53 121 67 167 234 88 61 111 169 104 79 106 172 51 69 70 91 125 236 237 233 92 215 45 222 132 100 7 194 170 200 157 50 160 98 12 90 120 145 163 66 136 219 241 21 140 94 138 246 119 230 93 217 161 126 210 103 141 139 162 76 112 189 153 244 147 175 144 99 149 201 225 178 26 60 134 223 131 166 195 232 150 216 39 188 187 206 243 250 72 247 84 190 57 148 158 249 184 124 154 142 252 96 10 238 213 113
11 196 3 22 17 114 97 29 15 221 227 24 177 137 122 253 5 28 204 0 168 2 151 231 130 214 1 176 4 52 68 13 173 209 107 25 8 224 37 182 32 226 27 20 193 65 59 6 63 245 203 205 85 14 19 212 229 159 38 102 41 191 108 42 56 36 202 127 133 71 179 197 207 95 255 199 248 30 251 73 31 115 155 109 44 123 185 220 78 35 43 164 183 129 118 128 83 55 218 80 165 49 101 18 135 143 235 116 117 40 186 228 82 89 110 208 54 181 74 180 77 198 211 33 9 239 105 152 192 23 47 16 233 156 242 64 81 86 240 87 48 75 174 34 58 46 62 146 254 53 121 67 167 234 88 61 111 169 104 79 106 172 51 69 70 91 125 236 237 171 92 215 45 222 132 100 7 194 170 200 157 50 160 98 12 90 120 145 163 66 136 219 241 21 140 94 138 246 119 230 93 217 161 126 210 103 141 139 162 76 112 189 153 244 147 175 144 99 149 201 225 178 26 60 134 223 131 166 195 232 150 216 39 188 187 206 243 250 72 247 84 190 57 148 158 249 184 124 154 142 252 96 10 238 213 113
11 196 3 22 17 114 97 29 15 221 227 24 177 137 122 253 5 28 204 0 168 2 151 231 130 214 129 176 4 52 68 13 173 209 107 25 8 224 37 182 32 226 27 20 193 65 59 6 63 245 203 205 85 14 19 58 229 159 38 102 41 191 108 42 56 36 202 127 133 71 179 197 207 95 255 199 248 30 251 73 31 115 47 109 44 123 185 220 78 35 43 164 183 1 118 128 83 55 218 80 165 49 101 18 135 143 235 116 117 40 186 228 82 89 110 208 54 181 74 180 77 198 211 33 9 239 105 152 192 23 155 16 171 156 242 64 81 86 240 87 48 75 174 34 212 46 62 146 254 53 121 67 167 234 88 61 111 169 104 79 106 172 184 69 70 91 158 236 237 233 92 215 45 222 132 100 7 194 170 200 157 50 160 98 12 90 120 145 163 66 136 219 241 21 140 94 138 246 119 230 93 217 161 126 210 103 141 139 162 76 112 189 153 244 147 175 144 99 149 201 225 178 26 60 134 223 131 166 195 232 150 216 39 188 187 206 243 250 72 247 84 190 57 148 125 249 51 124 154 142 252 96 10 238 213 113
11 196 3 22 17 114 97 29 15 221 227 24 177 137 122 253 5 28 204 0 168 2 151 231 130 214 129 176 4 52 68 13 173 209 107 25 8 224 37 182 32 226 27 20 193 65 59 6 63 245 203 205 85 14 19 190 229 159 38 102 41 191 108 42 56 36 202 127 133 71 179 197 207 95 255 199 248 30 251 73 31 115 47 109 44 123 185 220 78 35 43 164 183 1 118 128 83 55 218 80 165 49 101 18 135 143 235 116 117 40 186 228 82 89 110 208 54 181 74 180 77 198 211 33 9 239 105 152 192 23 155 16 171 156 242 64 81 86 240 87 48 75 174 34 212 46 62 146 254 53 121 67 167 234 88 61 111 169 104 79 106 172 184 69 70 91 158 236 237 233 92 215 45 222 132 100 7 194 170 200 157 50 160 98 12 90 120 145 163 66 136 219 241 21 140 94 138 246 119 230 93 217 161 126 210 103 141 139 162 76 112 189 153 244 147 175 144 99 149 201 225 178 26 60 134 223 131 166 195 232 150 216 39 188 187 206 243 250 72 247 84 58 57 148 125 249 51 124 154 142 252 96 10 238 213 113
11 196 3 22 17 114 97 29 15 221 227 24 177 137 122 253 5 28 204 0 168 2 151 231 130 214 129 176 4 52 68 13 173 209 107 25 8 224 37 182 32 226 27 36 193 65 59 6 63 245 203 205 85 14 19 58 229 159 38 102 41 191 108 42 56 20 202 127 133 71 179 197 207 95 255 199 248 30 251 73 31 115 155 109 44 166 185 220 78 35 43 164 183 1 118 128 83 55 218 80 165 49 101 18 135 143 235 116 117 40 186 228 82 89 110 208 54 181 74 180 77 198 211 33 9 239 105 152 192 23 47 16 171 156 242 64 81 86 240 87 48 75 174 34 212 46 62 146 254 53 121 67 167 234 88 61 111 169 104 79 106 172 51 69 70 91 158 236 237 233 92 215 45 222 132 100 7 194 170 200 157 50 160 98 12 90 120 145 163 66 136 219 241 21 140 94 138 246 119 230 93 217 161 126 210 103 141 139 162 76 112 189 153 244 147 175 144 99 149 201 225 178 26 60 134 223 131 123 195 232 150 216 39 188 187 206 243 250 72 247 84 190 57 148 125 249 184 124 154 142 252 96 10 238 213 113
11 196 3 22 17 114 97 29 15 221 227 24 177 137 122 253 5 28 204 0 168 2 151 231 130 214 131 176 4 52 68 13 173 125 107 180 8 224 37 182 32 226 27 20 193 65 59 6 63 245 203 205 85 14 19 58 229 159 38 102 41 191 108 42 56 36 202 127 133 71 179 197 207 95 255 199 248 30 251 73 31 115 47 109 44 123 185 220 78 35 43 164 183 1 118 128 83 55 160 80 165 49 101 18 135 143 235 116 117 40 129 228 82 89 110 208 54 181 74 25 77 198 211 33 9 239 105 152 192 23 155 16 171 156 242 64 81 86 240 87 48 75 174 34 212 46 62 146 254 53 121 67 167 234 88 61 111 169 104 79 106 172 51 69 70 91 158 236 237 233 92 215 45 222 132 100 7 194 170 200 157 50 218 98 12 90 120 145 163 66 136 219 241 21 140 94 138 246 119 230 93 217 161 126 210 76 141 139 162 103 112 189 153 244 147 175 144 99 149 201 225 178 26 60 134 223 186 166 195 232 150 216 39 188 187 206 243 250 72 247 84 190 57 148 209 249 184 124 154 142 252 96 10 238 213 113
11 196 3 22 17 114 97 29 15 221 227 24 177 137 122 253 5 28 204 0 168 2 151 231 130 214 131 176 4 52 68 13 173 125 107 180 8 224 37 182 32 226 27 20 193 65 59 6 63 245 203 205 85 14 19 58 229 159 38 102 41 191 108 42 56 36 202 127 133 71 179 197 207 95 255 199 248 30 251 73 31 115 47 109 44 123 185 220 78 35 43 164 183 1 118 128 83 55 218 80 165 49 101 18 135 143 235 116 117 40 129 228 82 89 110 208 54 181 74 25 77 198 211 33 9 239 105 152 192 23 155 16 171 156 242 64 81 86 240 87 48 75 174 34 212 46 62 146 254 53 121 67 167 234 88 61 111 169 104 79 106 172 51 69 70 91 158 236 237 233 92 215 45 222 132 100 7 194 170 200 157 50 160 98 12 90 120 145 163 66 136 219 241 21 140 94 138 246 119 230 93 217 161 126 210 76 141 139 162 103 112 189 153 244 147 175 144 99 149 201 225 178 26 60 134 223 186 166 195 232 150 216 39 188 187 206 243 250 72 247 84 190 57 148 209 249 184 124 154 142 252 96 10 238 213 113
11 196 3 22 17 114 97 29 15 221 227 24 177 137 122 253 5 28 204 0 168 2 151 231 130 214 153 176 4 215 68 13 173 209 107 25 8 224 37 182 32 226 27 20 193 65 59 6 63 245 203 205 85 14 19 207 229 159 38 102 41 191 36 42 56 108 202 127 133 71 179 197 58 95 255 199 248 30 251 73 31 115 45 109 44 123 172 220 78 35 43 164 183 129 118 128 83 55 218 80 165 49 101 18 135 143 235 116 117 40 186 228 82 89 110 208 54 181 74 180 77 198 211 33 171 239 105 152 192 23 155 16 9 156 242 64 81 86 240 87 48 75 174 34 212 46 62 146 254 53 121 67 167 234 88 61 111 162 104 79 106 185 51 69 70 91 158 236 237 233 92 52 47 222 132 100 238 194 170 200 157 50 160 98 12 90 120 103 163 66 136 219 241 21 140 94 138 246 119 230 93 217 161 126 210 76 141 139 169 145 112 189 1 244 147 175 144 99 149 201 225 178 26 60 134 223 131 166 195 232 150 216 39 188 187 206 243 250 72 247 84 190 57 148 154 249 184 124 125 142 252 96 10 7 213 113
11 196 3 22 17 114 97 29 15 221 227 24 177 137 122 253 5 28 204 0 168 2 151 231 130 214 186 176 4 52 68 13 173 125 107 25 8 224 37 182 32 226 27 20 193 65 59 6 63 245 203 205 85 14 19 58 229 159 38 102 41 191 108 42 56 36 202 127 133 71 179 197 207 95 255 199 248 30 251 73 31 115 47 109 44 123 185 220 78 35 43 164 183 1 118 128 83 55 218 80 165 49 101 18 135 143 235 116 117 40 129 228 82 89 110 208 54 181 74 180 77 198 211 33 9 239 105 152 192 23 155 16 171 156 242 64 81 86 240 87 48 75 174 34 212 46 62 146 254 53 121 67 167 234 88 61 111 169 104 79 106 172 51 69 70 91 158 236 184 233 92 215 45 222 132 100 7 194 170 200 157 50 160 98 12 90 120 145 163 66 136 219 241 21 140 94 138 246 119 230 93 217 161 126 210 76 141 139 162 103 112 189 153 244 147 175 144 99 149 201 225 178 26 60 134 223 131 166 195 232 150 216 39 188 187 206 243 250 72 247 84 190 57 148 209 249 237 124 154 142 252 96 10 238 213 113
11 196 3 22 17 114 97 29 15 221 227 24 177 137 122 253 5 28 204 0 168 2 151 231 130 214 186 176 4 52 68 13 173 125 107 25 8 224 37 182 32 226 27 20 193 65 59 6 63 245 203 205 85 14 19 58 229 159 38 102 41 191 108 42 56 36 202 127 133 71 179 197 207 95 255 199 248 30 251 73 31 115 47 109 44 123 185 220 78 35 43 164 183 1 118 128 83 55 218 80 165 49 101 18 135 143 235 116 117 40 129 228 82 89 110 208 54 181 74 180 77 198 211 33 9 239 105 152 192 23 155 16 171 156 242 64 81 86 240 87 48 75 174 34 212 46 62 146 254 53 121 67 167 234 88 61 111 169 104 79 106 172 51 69 70 91 158 236 237 233 92 215 45 222 132 100 7 194 170 200 157 50 160 98 12 90 120 145 163 66 136 219 241 21 140 94 138 246 119 230 93 217 161 126 210 76 141 139 162 103 112 189 153 244 147 175 144 99 149 201 225 178 26 60 134 223 131 166 195 232 150 216 39 188 187 206 243 250 72 247 84 190 57 148 209 249 184 124 154 142 252 96 10 238 213 113
11 196 3 22 17 114 97 29 15 221 227 24 177 137 122 253 5 28 204 0 168 2 151 231 130 214 186 176 4 52 68 13 173 125 107 25 8 224 37 182 32 226 27 20 193 65 59 6 63 245 203 205 85 14 19 58 229 159 38 102 41 191 108 42 56 36 202 127 133 71 179 197 207 95 255 199 248 30 251 73 31 115 247 109 16 123 185 220 78 35 43 164 183 1 118 128 83 55 218 80 165 49 101 18 135 143 235 116 117 40 129 228 82 89 110 208 54 181 74 180 77 198 211 33 9 239 105 152 192 23 155 44 171 156 242 64 81 86 240 87 48 75 174 34 212 46 62 146 254 53 121 67 167 234 88 61 111 169 104 79 106 172 51 69 70 91 238 236 237 233 92 215 45 222 132 100 7 194 170 200 157 50 160 98 12 90 120 145 163 66 136 219 241 21 140 94 138 246 119 230 93 217 161 126 210 76 141 139 162 103 112 189 153 244 147 175 144 99 149 201 225 178 26 60 134 223 131 166 195 232 150 216 39 188 187 206 243 250 72 47 84 190 57 148 209 249 184 124 154 142 252 96 10 158 213 113
11 196 3 22 17 114 97 29 15 221 227 24 177 137 122 253 5 28 204 0 168 2 151 231 130 214 186 176 4 52 68 13 173 125 107 25 8 224 37 182 32 226 27 20 193 65 59 6 63 245 203 205 85 14 19 58 229 159 38 102 41 191 108 42 56 36 202 127 133 71 179 197 207 95 255 199 248 30 251 73 31 115 247 109 44 123 185 220 78 35 43 164 183 1 118 128 83 55 218 80 165 49 101 18 135 143 235 116 117 40 129 228 82 89 110 208 54 181 74 180 77 198 211 33 9 239 105 152 192 23 155 16 171 156 242 64 81 86 240 87 48 75 174 34 212 46 62 146 254 53 121 67 167 234 88 61 111 169 104 79 106 172 51 69 70 91 158 236 237 233 92 215 45 222 132 100 7 194 170 200 157 50 160 98 12 90 120 145 163 66 136 219 241 21 140 94 138 246 119 230 93 217 161 126 210 76 141 139 162 103 112 189 153 244 147 175 144 99 149 201 225 178 26 60 134 223 131 166 195 232 150 216 39 188 187 206 243 250 72 47 84 190 57 148 209 249 184 124 154 142 252 96 10 238 213 113
11 196 3 22 17 114 97 29 15 221 227 24 177 137 122 253 5 28 204 0 168 2 151 231 130 214 186 176 4 52 68 13 173 125 107 25 8 224 37 182 32 226 27 20 193 65 59 6 63 245 203 205 85 14 19 58 229 159 38 102 41 191 108 42 56 36 202 127 133 71 179 197 207 95 255 199 248 30 251 73 31 115 247 109 44 123 185 220 78 35 43 164 183 1 118 128 83 55 218 80 165 49 101 18 135 143 235 116 117 40 129 228 82 89 110 208 54 181 74 180 77 198 211 33 9 239 105 152 192 23 155 16 171 156 242 64 81 86 240 87 48 75 174 34 212 46 62 146 254 53 121 67 167 234 88 61 111 169 104 79 106 172 51 69 70 91 238 236 237 233 92 215 45 222 132 100 7 194 170 200 157 50 160 98 12 90 120 145 163 66 136 219 241 21 140 94 138 246 119 230 93 217 161 126 210 76 141 139 162 103 112 189 153 244 147 175 144 99 149 201 225 178 26 60 134 223 131 166 195 232 150 216 39 188 187 206 243 250 72 47 84 190 57 148 209 249 184 124 154 142 252 96 10 158 213 113
11 196 3 22 17 114 97 29 15 221 227 24 177 137 122 253 5 28 204 0 168 2 165 231 130 214 1 176 4 52 172 13 173 125 107 25 8 199 37 182 32 226 27 20 193 65 59 6 63 201 203 205 85 14 19 58 127 159 38 102 41 191 108 42 56 36 202 229 133 71 179 197 207 95 255 224 248 30 251 73 31 115 47 109 44 123 185 220 78 35 43 164 183 18 118 128 83 55 218 80 166 49 101 68 135 143 235 116 117 40 129 228 82 89 110 208 54 181 74 180 77 198 139 33 9 239 105 152 192 23 155 16 171 156 242 64 81 86 240 87 48 75 174 34 212 46 62 146 254 53 121 67 167 234 88 61 111 169 104 79 106 141 51 69 70 91 131 236 92 233 237 215 45 222 132 100 7 194 170 200 157 50 160 98 12 90 120 145 163 66 136 219 241 21 140 94 138 246 119 230 93 217 161 126 210 103 225 211 162 209 112 189 153 244 147 175 144 99 149 151 245 178 26 60 134 223 186 158 195 232 150 216 39 188 187 206 243 250 72 247 84 190 57 148 124 249 184 76 154 142 252 96 10 238 213 113
11 196 3 22 17 114 97 29 15 221 227 24 177 137 122 253 5 28 204 0 168 2 165 231 130 214 1 176 4 52 172 13 173 125 107 25 8 199 37 182 32 226 27 20 193 65 59 6 63 201 203 205 85 14 19 58 229 159 38 102 41 191 108 42 56 36 202 127 133 71 179 197 207 95 255 224 248 30 251 73 31 115 47 109 44 123 185 220 78 35 43 164 183 18 118 128 83 55 218 80 166 49 101 68 135 143 235 116 117 40 129 228 82 89 110 208 54 181 74 180 77 198 139 33 9 239 105 152 192 23 155 16 171 156 242 64 81 86 240 87 48 75 174 34 212 46 62 146 254 53 121 67 167 234 88 61 111 169 104 79 106 141 51 69 70 91 131 236 92 233 237 215 45 222 132 100 7 194 170 200 157 50 160 98 12 90 120 145 163 66 136 219 241 21 140 94 138 246 119 230 93 217 161 126 210 103 225 211 162 209 112 189 153 244 147 175 144 99 149 151 245 178 26 60 134 223 186 158 195 232 150 216 39 188 187 206 243 250 72 247 84 190 57 148 124 249 184 76 154 142 252 96 10 238 213 113
11 196 3 22 17 114 97 29 15 221 227 24 177 137 122 253 5 28 204 0 168 2 201 231 130 214 1 71 4 52 172 13 173 125 107 25 8 224 37 182 32 226 27 20 193 65 59 6 63 245 203 205 85 14 19 58 229 159 38 102 41 191 108 42 56 36 202 127 133 176 179 197 207 95 255 199 248 30 251 73 31 115 47 109 44 123 185 220 78 35 43 164 183 18 118 128 83 55 218 80 165 49 101 68 135 143 235 116 117 40 129 228 82 89 110 208 54 181 74 180 77 198 211 33 9 239 105 152 192 23 155 16 171 156 242 64 103 86 240 87 48 75 174 34 212 46 67 146 254 53 121 62 167 234 88 61 111 169 104 79 106 166 51 69 70 91 131 236 237 233 92 215 45 222 132 100 7 238 170 200 157 50 160 98 12 90 120 145 163 66 136 219 241 21 140 94 138 246 119 230 93 217 161 126 210 81 141 139 162 209 112 189 153 244 147 175 144 99 149 151 225 178 26 60 134 223 186 158 195 232 150 216 39 188 187 206 243 250 72 247 84 190 57 148 124 249 184 76 154 142 252 96 10 194 213 113
11 196 3 22 17 114 97 29 15 221 227 24 177 137 122 253 5 28 204 0 168 2 201 231 130 214 1 143 4 52 172 13 173 125 107 25 8 224 37 182 32 226 27 20 193 65 59 6 63 245 203 205 85 14 19 58 229 159 38 102 41 191 108 42 56 18 202 127 133 71 179 197 207 95 255 199 248 30 251 73 31 115 47 109 44 123 147 220 78 35 43 164 183 36 129 128 83 55 218 80 165 49 101 68 135 92 235 116 117 40 118 228 82 89 110 208 54 181 74 180 77 198 211 33 81 239 105 152 192 23 155 16 171 156 242 64 103 195 240 87 48 75 174 34 212 46 178 146 254 53 121 62 167 234 88 61 111 169 104 79 106 166 66 69 70 91 131 236 237 233 176 215 45 222 132 100 7 194 170 200 157 50 160 98 12 90 120 145 163 51 136 219 241 21 140 94 138 246 119 230 93 217 161 126 210 9 141 139 162 209 112 189 153 244 185 175 144 99 149 151 225 67 26 60 134 223 186 158 86 232 150 216 39 188 187 206 243 250 72 247 84 190 57 148 124 249 184 76 154 142 252 96 10 238 213 113
11 196 3 22 17 114 97 29 15 221 227 24 177 137 122 253 5 28 204 0 168 2 201 231 130 214 1 176 4 52 68 13 173 125 107 25 8 224 37 182 32 226 27 20 193 65 59 6 63 245 203 205 85 14 19 58 76 159 38 102 41 191 108 42 56 36 202 127 133 71 179 197 207 95 255 199 248 30 251 73 31 115 47 109 44 123 185 220 78 35 43 164 183 18 118 128 83 55 218 80 165 49 101 172 135 143 235 116 117 40 129 228 229 89 110 208 54 181 74 180 77 198 211 33 9 239 105 152 192 23 155 16 171 156 242 64 81 86 240 87 48 75 174 34 212 46 62 146 254 53 121 67 167 234 88 61 111 169 104 79 106 166 51 69 70 91 131 236 237 233 92 215 45 222 132 100 7 194 170 200 157 50 160 98 12 90 120 145 163 66 136 219 241 21 140 94 138 246 119 230 93 217 161 126 210 103 141 139 162 209 112 189 153 244 147 175 144 99 149 151 225 178 26 60 134 223 186 158 195 232 150 216 39 188 187 206 243 250 72 247 84 190 57 148 124 249 184 82 154 142 252 96 10 238 213 113
11 196 3 22 17 114 97 29 15 221 227 24 177 137 122 253 5 28 204 0 168 2 201 231 130 214 1 176 4 52 68 13 173 125 107 25 8 224 37 182 32 226 27 20 193 65 59 6 63 245 203 205 85 14 19 58 229 159 38 102 41 191 108 42 56 36 202 127 133 71 179 197 207 95 255 199 248 30 251 73 31 115 47 109 44 123 185 220 78 35 43 164 183 18 118 128 83 55 218 80 165 84 101 172 135 143 235 116 117 40 79 228 82 89 110 208 54 181 74 180 77 198 211 33 9 239 105 152 192 23 155 16 171 156 242 64 81 86 240 87 48 75 174 34 212 46 62 146 254 53 121 67 167 234 88 61 111 169 104 129 106 103 51 69 70 166 131 236 237 233 92 215 45 222 132 100 7 194 170 200 157 50 160 98 12 90 120 145 163 66 136 219 241 21 140 94 138 246 119 230 93 217 161 126 210 91 141 139 162 209 112 189 153 244 147 175 144 99 149 49 225 178 26 60 134 223 186 158 195 232 150 216 39 188 187 206 243 250 72 247 151 190 57 148 124 249 184 76 154 142 252 96 10 238 213 113
11 196 3 22 17 114 97 29 15 221 227 24 177 137 122 253 5 28 204 0 168 2 201 231 130 214 1 176 4 52 68 13 173 125 107 25 8 224 37 182 32 226 27 20 193 65 59 6 63 245 203 205 85 14 19 58 229 159 38 102 41 191 108 42 56 36 202 127 133 71 179 197 207 95 255 199 248 30 251 73 31 115 47 109 44 123 185 220 78 35 43 164 183 129 118 128 83 55 218 80 165 49 101 18 135 143 235 116 117 40 186 228 82 89 110 208 54 181 74 180 254 198 211 33 9 239 105 152 192 23 155 16 171 156 242 64 81 86 240 87 48 75 174 34 212 46 62 146 77 53 121 151 167 234 88 61 111 169 104 79 106 172 51 69 70 91 158 236 237 233 92 215 45 222 132 100 7 194 170 200 243 50 160 98 12 90 120 145 163 66 136 219 241 21 140 94 138 246 119 230 93 217 161 126 210 103 141 139 162 76 112 189 153 244 147 175 144 99 149 67 225 178 26 60 134 223 131 166 195 232 150 216 39 188 187 206 157 250 72 247 84 190 57 148 209 249 184 124 154 142 252 96 10 238 213 113
11 196 3 22 17 114 97 29 15 221 227 24 177 137 122 253 5 28 204 0 168 2 201 231 130 214 1 176 4 52 68 13 173 125 107 25 8 224 37 182 32 226 27 20 193 65 59 6 63 245 203 205 85 14 19 58 229 159 38 102 41 191 108 42 56 36 202 127 133 71 179 197 207 95 255 199 248 30 251 73 31 115 47 109 44 123 185 220 78 35 43 164 183 129 118 128 83 55 218 80 165 49 101 18 135 143 235 116 117 40 186 228 82 89 110 208 54 181 74 180 254 198 211 33 9 239 105 152 192 23 155 16 171 156 242 64 81 86 240 87 48 75 174 34 212 46 62 146 77 53 121 151 167 234 88 61 111 169 104 79 106 172 166 69 70 91 158 236 237 233 92 215 45 222 132 100 7 194 170 200 243 50 160 98 12 90 120 145 163 66 136 219 241 21 140 94 138 246 119 230 93 217 161 126 210 103 141 139 162 76 112 189 153 244 147 175 144 99 149 67 225 178 26 60 134 223 131 51 195 232 150 216 39 188 187 206 157 250 72 247 84 190 57 148 209 249 184 124 154 142 252 96 10 238 213 113
11 196 3 22 17 114 97 29 15 221 227 24 177 137 122 253 5 28 204 0 168 2 201 231 130 214 1 176 4 52 68 13 173 125 107 25 8 224 37 182 32 226 27 20 193 65 59 6 63 245 203 205 85 14 19 58 229 159 38 102 41 191 108 42 56 36 202 127 133 71 179 197 207 95 255 199 248 30 251 73 31 115 105 109 44 166 185 220 78 35 43 164 183 129 118 128 83 55 218 80 165 49 101 18 135 143 235 116 117 40 186 228 82 89 110 208 54 181 74 180 77 198 211 33 9 239 47 152 192 23 155 16 171 156 242 64 81 86 240 87 48 75 174 34 212 46 62 146 254 53 121 67 167 234 88 61 111 169 104 79 106 172 51 69 70 91 158 236 237 233 92 215 45 222 132 100 7 194 170 200 157 50 160 98 12 90 120 145 123 66 136 219 241 21 140 94 138 246 119 230 93 217 161 126 210 76 141 139 162 103 112 189 153 244 147 175 144 99 149 151 225 178 26 60 134 223 131 163 195 232 150 216 39 188 187 206 243 250 72 247 84 190 57 148 209 249 184 124 154 142 252 96 10 238 213 113
11 196 3 22 17 114 97 29 15 221 227 24 177 137 122 253 5 28 204 0 168 2 201 231 130 214 1 176 4 52 68 13 173 125 107 25 8 224 37 182 32 226 27 20 193 65 59 16 63 245 203 205 85 14 19 58 229 159 38 102 41 191 108 42 56 36 202 127 133 71 179 197 207 95 255 199 248 30 251 73 31 115 47 109 44 123 185 220 78 35 43 164 183 18 118 128 83 55 218 80 165 49 101 172 135 143 235 116 117 40 79 228 82 89 110 208 54 181 74 180 77 198 211 33 9 239 105 152 192 23 155 84 171 156 242 64 81 86 240 87 48 75 174 34 212 46 62 146 254 53 121 67 167 234 88 61 111 169 104 129 106 103 51 69 70 166 131 236 237 233 92 215 45 222 132 100 7 194 170 200 157 50 160 98 12 90 120 145 163 66 136 219 241 21 140 94 138 246 119 230 93 217 161 126 210 91 141 139 162 209 112 189 153 244 147 175 144 99 149 151 225 178 26 60 134 223 186 158 195 232 150 216 39 188 187 206 243 250 72 247 6 190 57 148 124 249 184 76 154 142 252 96 10 238 213 113
11 196 3 22 17 114 97 29 15 221 227 24 177 137 122 253 5 28 204 0 168 2 201 231 130 214 1 176 4 52 68 13 173 125 107 25 8 224 37 182 32 226 27 20 193 65 59 16 63 245 203 205 85 14 19 58 229 159 38 102 41 191 108 42 56 36 202 127 133 71 179 197 207 95 255 199 248 30 251 73 31 115 47 109 44 123 185 220 78 35 43 164 183 18 118 128 83 55 218 80 165 49 101 172 135 143 235 116 117 40 79 228 82 89 110 208 54 181 74 180 77 198 211 33 9 239 105 152 192 23 155 84 171 156 242 64 81 86 240 87 48 75 174 34 212 46 62 146 254 53 121 67 167 234 88 61 111 169 104 129 106 103 51 213 70 166 131 236 237 233 92 215 45 222 132 100 7 194 170 200 157 50 160 98 12 90 120 145 163 66 136 219 241 21 140 94 138 151 119 230 93 217 161 126 210 91 141 139 162 209 112 189 153 244 147 175 144 99 149 246 225 178 26 60 134 223 186 158 195 232 150 216 39 188 187 206 243 250 72 247 6 190 57 148 124 249 184 76 154 142 252 96 10 238 69 113
11 196 3 22 17 114 97 29 15 221 227 24 177 137 122 253 5 28 204 0 168 2 201 231 130 214 1 176 4 52 68 13 173 125 107 25 8 224 37 182 32 226 27 20 199 65 59 6 63 245 203 205 85 14 19 240 229 159 38 102 41 191 108 42 56 36 202 147 133 71 179 197 207 95 255 193 248 30 251 73 31 115 247 109 44 123 185 220 78 35 43 164 183 129 118 128 83 55 218 80 165 49 101 18 174 143 235 116 117 40 186 228 82 89 110 208 54 181 74 180 77 198 211 33 9 136 105 152 192 23 155 16 171 156 242 64 81 86 153 87 48 75 135 34 212 46 62 146 254 53 121 67 167 234 88 61 111 169 104 79 106 172 51 69 70 91 158 236 237 233 92 215 45 222 132 100 7 194 170 200 157 50 160 98 12 90 120 145 163 66 239 219 241 21 140 94 138 246 119 230 93 217 161 126 210 76 141 139 162 103 112 189 58 244 127 175 144 99 149 151 225 178 26 60 134 223 131 166 195 232 150 216 39 188 187 206 243 250 72 47 84 190 57 148 209 249 184 124 154 142 252 96 10 238 213 113
11 196 3 22 17 114 97 29 15 221 227 24 177 137 122 253 5 28 204 0 168 2 201 231 130 214 1 176 4 52 68 13 173 125 107 25 8 224 163 182 32 226 27 20 193 65 59 6 63 245 203 205 85 14 19 58 229 159 38 102 41 197 108 42 56 36 202 127 133 71 179 191 207 95 255 199 248 30 251 73 31 115 47 109 243 123 185 220 78 35 43 164 183 18 118 128 83 55 218 80 165 49 101 241 135 143 235 116 117 40 129 228 82 89 45 208 54 181 74 180 77 198 211 33 9 239 105 152 192 23 155 16 171 156 242 64 103 86 240 87 48 75 174 34 212 46 62 146 254 53 121 67 167 234 88 61 111 169 104 79 106 166 51 69 70 91 131 236 237 233 92 215 110 222 132 100 7 194 170 200 157 50 160 98 12 90 120 145 37 66 136 219 172 21 140 94 138 246 119 230 93 217 161 126 210 81 141 139 162 209 112 189 153 244 147 175 144 99 149 151 225 178 26 60 134 223 186 158 195 232 150 216 39 188 187 206 44 250 72 247 84 190 57 148 124 249 184 76 154 142 252 96 10 238 213 113
11 196 3 22 17 114 97 29 15 221 227 24 177 137 122 253 5 28 204 0 168 2 201 231 130 214 1 176 4 52 68 13 173 209 107 25 8 224 37 182 32 226 27 20 193 65 59 6 63 187 203 205 85 14 19 58 229 159 38 102 41 191 108 42 56 36 202 127 133 71 179 197 207 95 255 199 248 30 251 73 31 115 47 109 44 123 185 220 78 35 43 164 183 149 118 128 83 55 218 80 165 49 101 18 135 143 235 116 117 40 186 228 82 89 110 208 54 181 74 180 129 198 211 33 9 239 105 152 192 23 155 16 171 156 242 64 81 86 240 87 48 75 174 34 212 46 62 146 254 53 121 67 167 234 88 61 111 169 104 79 106 172 51 69 70 91 158 236 76 233 92 215 45 222 132 100 7 194 170 200 157 50 160 98 12 90 120 145 163 66 136 219 241 21 140 94 138 246 119 230 93 217 161 126 210 103 141 139 162 237 112 189 153 244 147 175 144 99 77 151 225 178 26 60 134 223 131 166 195 232 150 216 39 188 245 206 243 250 72 247 84 190 57 148 125 249 184 124 154 142 252 96 10 238 213 113
11 196 3 22 17 114 97 29 15 221 227 24 177 137 122 253 5 28 204 0 168 2 201 231 130 214 1 176 4 52 172 13 173 125 107 25 8 186 252 182 32 226 27 20 193 65 59 6 63 166 203 205 85 14 19 58 229 159 38 102 41 191 51 42 56 36 138 127 133 71 179 197 207 95 255 199 248 30 251 73 31 115 47 109 44 123 185 220 78 35 43 164 183 18 118 128 83 55 218 80 165 49 101 68 135 143 235 116 117 40 129 228 26 89 110 208 54 181 74 180 77 61 139 33 9 239 105 152 192 23 155 16 171 156 242 64 81 86 240 87 48 75 174 34 212 46 62 146 254 53 121 67 151 234 88 198 111 169 104 79 106 141 108 69 70 91 131 236 237 233 92 215 45 222 132 100 7 194 82 200 157 50 160 98 12 90 120 145 163 66 136 219 241 21 140 94 202 246 119 230 93 217 161 126 210 103 225 211 162 209 112 189 153 244 147 175 144 99 149 167 245 178 170 60 134 223 224 158 195 232 150 216 39 188 187 206 243 250 72 247 84 190 57 148 124 249 184 76 154 142 37 96 10 238 213 113
11 196 3 22 17 114 97 29 15 221 227 24 177 137 122 253 5 28 204 0 168 2 201 231 130 214 1 176 4 52 172 13 173 125 107 25 8 224 37 112 32 226 27 20 193 65 59 6 63 218 203 205 85 14 19 58 229 159 38 102 41 191 108 42 56 36 202 127 133 71 179 197 207 95 255 199 248 30 251 73 31 115 47 109 44 123 185 220 78 35 43 164 183 18 118 128 83 104 166 80 165 49 101 68 135 143 235 116 117 40 129 228 82 89 110 208 54 181 74 180 77 198 211 33 9 239 105 152 192 23 155 16 171 156 242 64 81 86 240 87 48 75 174 34 212 46 62 146 254 53 121 67 167 234 88 61 111 169 55 79 106 141 51 69 70 91 131 236 92 233 237 215 45 222 132 100 7 194 170 200 157 50 160 98 12 90 120 145 144 66 136 219 241 21 140 94 138 246 119 230 93 217 161 126 210 103 225 139 162 209 182 189 153 244 147 175 163 99 149 151 245 178 26 60 134 223 186 158 195 232 150 216 39 188 187 206 243 250 72 247 84 190 57 148 124 249 184 76 154 142 252 96 10 238 213 113
11 196 3 22 17 114 97 29 15 221 227 24 177 137 122 253 5 28 204 0 168 2 201 231 130 214 1 176 4 52 172 13 173 125 107 25 8 224 37 166 32 226 27 20 193 65 59 6 63 245 203 205 85 14 19 58 229 159 95 102 41 191 108 42 56 36 202 127 133 165 179 197 207 38 255 199 248 30 251 73 31 115 47 109 131 123 185 220 78 35 43 164 183 18 118 128 83 55 218 80 71 49 101 119 135 143 235 116 117 40 129 228 82 89 110 208 54 181 74 180 77 198 211 33 9 239 105 152 192 23 155 16 186 156 242 64 103 86 240 87 48 75 174 34 212 46 230 146 254 53 121 62 167 234 88 61 111 169 104 79 106 182 51 69 70 91 44 236 237 233 92 215 45 222 132 67 7 194 170 200 157 50 160 98 12 90 120 145 163 66 136 219 241 21 140 94 138 246 68 100 93 217 161 126 210 81 141 139 162 209 112 189 153 244 147 175 144 99 150 151 225 178 26 60 134 223 171 158 195 232 149 216 39 188 187 206 243 250 72 247 84 190 57 148 124 249 184 76 154 142 252 96 10 238 213 113
11 196 3 22 17 114 97 29 15 221 227 24 177 137 122 253 5 28 204 0 168 2 201 231 130 214 1 176 4 52 172 13 173 125 107 25 8 224 37 182 32 58 27 20 193 65 59 6 63 245 203 205 85 14 19 226 229 159 38 102 41 191 108 42 56 36 202 127 133 71 179 197 207 95 255 199 248 30 251 73 31 115 47 109 44 123 185 220 78 35 43 164 183 18 118 128 83 55 218 80 165 49 101 68 135 143 235 116 117 40 129 228 82 89 45 208 54 174 74 180 77 198 211 33 9 239 105 152 192 23 155 16 171 156 242 64 103 86 240 87 48 75 181 34 212 46 67 146 254 53 121 62 167 234 88 61 111 169 104 79 106 166 51 69 70 91 131 236 237 233 92 215 110 222 132 100 7 194 170 200 157 50 160 98 12 90 120 145 163 66 136 219 241 21 140 94 138 246 119 230 93 217 161 126 210 81 141 139 162 209 112 189 153 244 147 175 144 99 149 151 225 178 26 60 134 223 186 158 195 232 150 216 39 188 187 206 243 250 72 247 84 190 57 148 124 249 184 76 154 142 252 96 10 238 213 113
11 196 3 22 17 114 97 29 15 221 227 24 177 137 122 253 5 28 204 0 168 2 201 231 130 214 1 176 4 52 172 13 173 125 107 25 8 224 37 182 32 58 27 20 193 65 59 6 63 245 203 205 85 14 19 226 229 159 38 102 41 191 108 42 56 36 202 127 133 71 179 197 207 95 255 199 248 30 251 73 31 115 47 109 44 123 185 220 78 35 43 164 183 18 118 128 83 55 218 80 165 49 101 68 135 143 235 116 117 40 129 228 82 89 45 208 54 181 74 180 77 198 211 33 9 239 105 152 192 23 155 16 171 156 242 64 103 86 240 87 48 75 174 34 212 46 67 146 254 53 121 62 167 234 88 61 111 169 104 79 106 166 51 69 70 91 131 236 237 233 92 215 110 222 132 100 7 194 170 200 157 50 160 98 12 90 120 145 163 66 136 219 241 21 140 94 138 246 119 230 93 217 161 126 210 81 141 139 162 209 112 189 153 244 147 175 144 99 149 151 225 178 26 60 134 223 186 158 195 232 150 216 39 188 187 206 243 250 72 247 84 190 57 148 124 249 184 76 154 142 252 96 10 238 213 113
11 196 3 22 17 114 97 29 15 221 227 24 177 137 122 253 5 28 204 0 168 2 201 231 130 214 1 176 4 52 172 13 173 125 107 25 8 224 37 182 32 226 27 20 193 65 59 6 63 166 203 205 85 14 19 58 229 159 38 102 41 191 108 42 56 36 202 127 133 71 179 197 207 95 255 199 248 30 251 73 31 115 47 109 44 123 185 220 78 35 43 164 183 18 118 128 83 55 218 80 165 49 101 68 135 143 235 116 117 40 129 139 82 89 110 208 54 181 74 180 77 198 211 33 9 239 105 187 192 23 155 16 171 156 242 64 238 86 240 87 48 75 174 34 212 46 62 146 254 53 121 67 167 234 88 61 111 169 104 79 106 141 51 69 70 91 131 236 237 233 92 215 45 222 132 100 7 194 170 200 157 50 160 98 12 90 120 145 163 66 136 219 241 21 140 94 138 246 119 230 93 217 161 126 210 103 225 152 162 209 112 189 153 244 147 175 144 99 149 151 245 178 26 60 134 223 186 158 195 232 150 216 39 188 228 206 243 250 72 247 84 190 57 148 124 249 184 76 154 142 252 96 10 81 213 113
11 196 3 22 17 114 97 29 15 221 227 24 177 137 122 253 5 28 204 0 168 2 201 231 130 214 1 176 4 52 172 13 173 125 107 25 8 224 37 182 32 226 27 20 193 65 59 6 63 166 203 205 85 14 19 58 229 159 38 102 41 191 108 42 56 36 202 127 133 71 179 197 207 95 255 199 248 30 251 73 31 115 47 109 44 123 185 220 78 35 43 164 183 18 118 128 83 55 218 80 165 49 101 68 135 143 235 116 117 40 129 187 82 89 110 208 54 181 74 180 77 198 90 33 9 239 105 152 192 16 155 23 171 156 242 64 81 86 240 87 48 75 174 34 212 46 62 146 254 53 121 67 167 234 88 61 111 169 104 79 106 141 51 69 70 91 131 236 92 233 237 215 45 222 132 100 7 194 170 200 157 50 160 98 12 211 120 145 163 66 136 219 241 21 140 94 138 246 119 230 93 217 161 126 210 103 225 139 162 209 112 189 153 244 147 175 144 99 149 151 245 178 26 60 134 223 186 158 195 232 150 216 39 188 228 206 243 250 72 247 84 190 57 148 124 249 184 76 154 142 252 96 10 238 213 113
11 196 3 22 17 114 97 29 15 221 227 24 177 137 122 253 5 28 204 0 168 2 201 231 130 214 1 176 4 52 172 13 173 125 107 25 8 224 37 182 32 226 27 20 193 65 59 6 63 166 203 205 85 14 19 58 229 159 38 102 41 191 108 42 56 36 202 127 133 71 179 197 207 95 255 199 248 30 251 73 31 115 47 109 44 123 185 220 78 35 43 164 183 18 118 128 83 55 218 80 165 49 101 68 135 143 235 116 117 40 129 187 82 89 110 208 54 181 74 180 77 198 211 33 9 239 105 139 192 23 155 16 171 156 242 64 238 86 240 87 48 75 174 34 212 46 62 146 254 53 121 67 167 234 88 61 111 169 104 79 106 141 51 69 70 91 131 236 237 233 92 215 45 222 132 100 7 194 170 200 157 50 160 98 12 90 120 145 163 66 136 219 241 21 140 94 138 246 119 230 93 217 161 126 210 103 225 152 162 209 112 189 153 244 147 175 144 99 149 151 245 178 26 60 134 223 186 158 195 232 150 216 39 188 228 206 243 250 72 247 84 190 57 148 124 249 184 76 154 142 252 96 10 81 213 113
11 196 3 22 17 114 97 29 15 221 227 24 177 137 122 253 5 28 204 0 168 2 201 231 130 214 1 176 4 52 172 13 173 125 107 25 8 224 37 182 32 226 27 20 193 65 59 6 63 166 203 205 85 14 19 58 229 159 38 102 41 191 108 42 56 36 202 127 133 71 179 197 207 95 255 199 248 30 251 73 31 115 47 109 44 123 185 220 78 35 43 164 183 18 118 128 83 55 218 80 165 49 101 68 135 143 235 116 117 40 129 187 82 89 110 208 54 181 74 180 77 198 211 33 9 239 105 152 192 16 155 23 171 156 242 64 81 86 240 87 48 75 174 34 212 46 62 146 254 53 121 67 167 234 88 61 111 169 104 79 106 141 51 69 70 91 131 236 92 233 237 215 45 222 132 100 7 194 170 200 157 50 160 98 12 90 120 145 163 66 136 219 241 21 140 94 138 246 119 230 93 217 161 126 210 103 225 139 162 209 112 189 153 244 147 175 144 99 149 151 245 178 26 60 134 223 186 158 195 232 150 216 39 188 228 206 243 250 72 247 84 190 57 148 124 249 184 76 154 142 252 96 10 238 213 113
11 196 3 22 17 114 97 29 15 221 227 24 177 137 122 253 5 28 204 0 168 2 201 231 130 214 1 176 4 52 172 13 173 125 107 25 8 224 37 182 32 226 27 20 193 65 59 6 63 166 203 205 85 14 19 58 229 159 38 102 41 191 108 42 56 36 202 127 133 71 179 197 207 95 255 199 248 30 251 73 31 115 228 109 44 123 185 220 78 35 43 164 183 18 118 128 83 55 218 80 165 49 101 68 135 143 235 116 117 40 129 124 82 89 110 208 54 181 74 180 77 198 243 33 9 239 105 152 192 16 155 23 171 156 242 64 81 86 240 87 48 75 174 34 212 46 62 146 254 53 121 67 167 234 88 61 111 169 104 79 106 141 51 69 70 91 131 236 92 233 237 215 45 222 132 100 7 194 170 200 157 50 160 98 12 90 120 145 163 66 136 219 241 21 140 94 138 246 119 230 93 217 161 126 210 103 225 139 162 209 112 189 153 244 147 175 144 99 149 151 245 178 26 60 134 223 186 158 195 232 150 216 39 188 187 206 211 250 72 247 84 190 57 148 47 249 184 76 154 142 252 96 10 238 213 113
11 196 3 22 17 114 97 29 15 221 227 24 177 137 122 253 5 28 204 0 168 2 201 231 130 214 1 176 4 52 172 13 173 125 107 25 8 224 37 182 32 226 27 20 193 65 59 6 63 166 203 205 85 14 19 58 229 159 38 102 41 191 108 42 56 36 202 127 133 71 179 197 207 95 255 199 248 30 251 73 31 115 228 109 44 123 185 220 78 35 43 164 183 18 118 128 83 55 218 80 165 49 101 68 135 143 235 116 117 40 129 124 82 89 110 208 54 181 74 180 77 198 243 33 9 239 105 152 192 16 155 23 171 156 242 64 81 86 240 87 48 75 174 34 212 46 62 146 254 53 121 67 167 234 88 61 111 169 104 92 106 141 51 69 70 91 131 236 219 233 237 215 45 222 132 100 7 194 170 200 157 50 160 98 12 90 120 145 163 66 136 79 241 21 140 94 138 246 119 230 93 217 161 126 210 103 225 139 162 209 112 189 153 244 147 175 144 99 149 151 245 178 26 60 134 223 186 158 195 232 150 216 39 188 187 206 211 250 72 247 84 190 57 148 47 249 184 76 154 142 252 96 10 238 213 113
11 196 3 22 17 114 97 29 15 221 227 24 177 137 122 253 5 28 204 0 168 2 201 231 130 214 1 176 4 52 172 13 173 125 107 25 8 224 37 182 32 226 27 20 193 65 59 6 63 166 203 205 85 14 19 58 234 159 38 102 41 191 108 42 56 36 202 127 133 71 179 197 207 95 255 199 248 30 251 18 31 115 47 109 44 123 185 220 78 35 43 164 183 73 118 128 83 55 218 80 165 49 101 68 135 143 194 116 117 40 129 139 82 89 110 208 54 181 74 180 77 198 211 33 9 239 105 187 192 23 155 16 171 156 242 64 238 86 240 87 48 75 174 34 212 46 62 146 254 53 121 67 167 229 88 61 111 169 104 79 106 141 51 69 70 91 131 236 237 233 92 215 45 222 132 100 7 235 170 200 157 50 160 98 12 90 120 145 163 66 136 219 241 21 140 94 138 246 119 230 93 217 161 126 210 103 225 152 162 209 112 189 153 244 147 175 144 99 149 151 245 178 26 60 134 223 186 158 195 232 150 216 39 188 228 206 243 250 72 247 84 190 57 148 124 249 184 76 154 142 252 96 10 81 213 113
11 196 3 22 17 114 97 29 15 221 227 24 177 137 122 253 5 28 204 0 168 2 201 231 130 214 1 176 4 52 172 13 173 125 107 25 8 224 37 182 32 226 27 20 193 65 59 6 63 166 203 205 85 14 19 58 234 159 38 102 41 191 108 42 56 36 202 127 133 71 179 197 207 95 255 199 248 30 251 73 31 115 47 109 44 123 185 220 78 35 43 164 183 18 118 128 83 55 218 80 165 49 101 68 135 143 235 116 117 40 129 139 82 89 110 208 54 181 74 180 77 198 211 33 9 239 105 187 192 23 155 16 171 156 242 64 238 86 240 87 48 75 174 34 212 46 62 146 254 53 121 67 167 229 88 61 111 169 104 79 106 141 51 69 70 91 131 236 237 233 92 215 45 222 132 100 7 194 170 200 157 50 160 98 12 90 120 145 163 66 136 219 241 21 140 94 138 246 119 230 93 217 161 126 210 103 225 152 162 209 112 189 153 244 147 175 144 99 149 151 245 178 26 60 134 223 186 158 195 232 150 216 39 188 228 206 243 250 72 247 84 190 57 148 124 249 184 76 154 142 252 96 10 81 213 113
11 196 3 22 17 114 97 29 15 221 227 24 177 137 122 253 5 28 204 0 168 2 201 231 130 214 1 176 4 52 172 13 173 125 107 25 8 224 37 182 32 226 27 20 193 65 59 6 63 218 203 205 85 14 19 58 229 159 38 102 41 191 108 42 56 36 202 127 133 71 179 197 207 95 255 199 248 30 251 73 31 115 47 109 44 123 185 220 78 35 43 164 183 18 118 128 83 55 166 80 165 49 75 68 135 143 235 116 117 40 72 228 82 89 110 208 54 181 74 180 77 198 139 33 9 239 105 152 192 23 155 16 171 156 242 64 81 86 240 87 48 101 174 34 212 46 62 146 254 53 121 67 167 234 88 61 111 169 104 79 76 141 51 69 70 91 131 236 92 233 237 215 45 222 132 100 7 194 170 200 157 50 160 113 12 90 66 145 163 120 136 219 241 21 140 94 138 246 119 230 93 217 161 126 210 103 225 211 162 209 112 189 153 244 147 175 144 99 149 151 245 178 26 60 134 223 186 158 195 232 150 216 39 188 187 206 243 250 129 247 84 190 57 148 124 249 184 106 154 142 252 96 10 238 213 98
11 196 3 22 17 114 97 29 15 221 227 24 177 137 122 253 5 28 204 0 168 2 201 231 130 214 1 176 4 52 172 13 173 125 107 25 8 224 37 182 32 226 27 20 193 65 59 6 63 218 203 205 85 14 19 58 229 159 38 102 41 191 108 42 56 36 202 127 133 71 179 197 207 95 255 199 248 30 251 73 31 115 47 109 44 123 185 220 78 35 43 164 183 18 118 128 83 104 166 80 165 49 101 68 135 143 235 116 117 40 129 228 82 89 110 208 54 181 74 180 77 198 211 33 9 239 105 152 192 23 155 16 171 156 242 64 81 86 240 87 48 75 174 34 212 46 62 146 254 53 121 67 167 234 88 61 111 169 55 79 106 141 51 69 70 91 131 236 92 233 237 215 45 222 132 100 7 194 170 200 157 50 160 98 12 90 120 145 144 66 136 219 241 21 140 94 138 246 119 230 93 217 161 126 210 103 225 139 162 209 112 189 153 244 147 175 163 99 149 151 245 178 26 60 134 223 186 158 195 232 150 216 39 188 187 206 243 250 72 247 84 190 57 148 124 249 184 76 154 142 252 96 10 238 213 113
11 196 3 22 17 114 97 29 15 221 227 24 177 137 122 253 5 28 204 0 168 2 201 231 130 214 1 176 4 52 172 13 173 125 107 25 8 224 37 182 32 226 27 20 193 65 59 6 63 245 203 26 99 14 19 58 212 159 38 102 41 191 108 42 56 36 202 127 133 71 179 197 207 95 255 199 248 30 251 73 31 115 47 109 143 123 185 220 78 35 43 164 183 134 118 128 83 55 218 80 165 49 101 68 135 44 235 116 117 40 129 228 82 89 110 208 54 181 74 180 77 198 211 33 9 239 105 152 192 23 155 16 171 156 242 64 81 86 240 87 48 75 174 34 76 46 62 146 254 53 121 67 167 234 229 61 111 169 104 79 106 166 51 69 70 91 131 236 237 233 92 215 45 222 132 100 7 194 170 200 157 50 160 98 12 90 120 145 163 66 136 219 241 21 140 94 138 246 119 230 93 217 161 126 210 103 141 139 162 209 112 189 153 244 147 175 144 85 149 151 225 178 205 60 18 223 186 158 195 232 150 216 39 188 187 206 243 250 72 247 84 190 57 148 124 249 184 88 154 142 252 96 10 238 213 113
11 196 3 22 17 114 97 29 15 221 227 24 177 137 122 253 5 28 204 0 168 2 201 231 130 214 1 176 4 52 172 13 173 125 107 25 8 224 37 182 32 226 27 20 193 65 59 6 63 245 203 26 99 14 19 58 212 159 38 102 41 191 108 42 56 36 202 127 133 71 179 197 207 95 255 199 248 30 251 73 31 115 47 109 143 123 185 220 78 35 43 164 183 134 118 128 83 55 218 80 165 49 101 68 135 44 235 116 117 40 129 228 82 89 110 208 54 181 74 180 77 198 211 33 9 239 105 152 192 23 155 16 171 156 242 64 131 86 240 87 48 75 174 34 76 46 62 146 254 53 121 67 167 234 229 61 111 169 104 79 106 166 51 69 70 91 81 236 237 233 92 215 45 222 132 100 7 194 170 200 157 50 160 98 12 90 120 145 163 66 136 219 241 21 140 94 138 246 119 230 93 217 161 126 210 103 141 139 162 209 112 189 153 244 147 175 144 85 149 151 225 178 205 60 18 223 186 158 195 232 150 216 39 188 187 206 243 250 72 247 84 190 57 148 124 249 184 88 154 142 252 96 10 238 213 113
11 196 3 22 17 114 97 29 15 221 227 24 177 137 122 253 5 28 204 0 168 2 201 231 130 214 1 176 4 52 172 13 173 125 107 25 8 224 37 182 32 226 27 20 193 65 59 6 63 245 203 26 99 14 19 58 212 159 38 102 41 191 108 42 56 36 202 127 133 71 179 197 207 95 255 199 248 30 251 73 31 115 47 109 143 123 185 220 78 35 43 164 183 134 118 128 83 55 218 80 165 49 101 68 135 44 235 116 117 40 129 228 82 89 110 208 54 181 74 180 77 198 211 33 9 239 105 152 192 23 155 16 171 156 242 64 131 86 240 87 48 75 174 34 76 46 62 146 254 53 121 67 167 234 229 61 111 169 104 79 106 166 51 69 70 91 81 236 237 233 141 215 45 222 132 100 7 194 170 200 157 50 160 98 12 90 120 145 163 66 136 219 241 21 140 94 138 246 119 230 93 217 161 126 210 103 92 139 162 209 112 189 153 244 147 175 144 85 149 151 225 178 205 60 18 223 186 158 195 232 150 216 39 188 187 206 243 250 72 247 84 190 57 148 124 249 184 88 154 142 252 96 10 238 213 113
11 196 3 22 17 114 97 29 15 221 227 24 177 137 122 253 5 28 204 0 168 2 201 231 130 214 1 176 4 52 172 13 173 125 107 25 8 224 37 182 32 226 27 20 193 65 59 6 63 245 203 205 85 14 19 58 76 159 38 102 41 191 108 42 56 36 202 127 133 71 179 197 207 95 255 199 248 30 251 73 31 115 47 109 44 123 185 220 78 35 43 164 183 18 118 128 83 55 218 80 165 49 101 68 135 143 235 116 117 40 129 228 229 89 110 208 54 181 74 180 77 198 211 33 9 239 105 152 192 23 155 16 171 156 242 64 81 86 240 87 48 75 174 34 212 46 62 146 254 53 121 67 167 234 88 61 111 169 104 79 106 166 51 69 70 91 131 236 237 233 92 215 45 222 132 100 7 194 170 200 157 50 160 98 12 90 120 145 163 66 136 219 241 21 140 94 138 246 119 230 93 217 161 126 210 103 141 139 162 209 112 189 153 244 147 175 144 99 149 151 225 178 26 60 134 223 186 158 195 232 150 216 39 188 187 206 243 250 72 247 84 190 57 148 124 249 184 82 154 142 252 96 10 238 213 113
11 196 3 22 17 114 97 29 15 221 227 24 177 137 122 253 5 28 204 0 168 2 201 231 130 214 1 176 4 52 172 13 173 125 107 25 8 224 37 182 32 226 27 20 193 65 59 6 63 245 203 205 85 14 19 58 229 159 38 102 41 191 108 42 56 18 202 127 133 71 179 197 207 95 255 199 248 30 251 73 31 115 47 109 44 123 147 220 78 35 43 164 183 36 129 128 83 55 218 80 165 49 101 68 135 92 235 116 117 40 118 228 82 89 110 208 54 181 74 180 77 198 211 33 81 239 105 152 192 23 155 16 171 156 242 64 103 195 240 87 48 75 174 34 212 46 178 146 254 53 121 62 167 234 88 61 111 169 104 79 106 166 66 69 70 91 131 236 237 233 143 215 45 222 132 100 7 194 170 200 157 50 160 98 12 90 120 145 163 51 136 219 241 21 140 94 138 246 119 230 93 217 161 126 210 9 141 139 162 209 112 189 153 244 185 175 144 99 149 151 225 67 26 60 134 223 186 158 86 232 150 216 39 188 187 206 243 250 72 247 84 190 57 148 124 249 184 76 154 142 252 96 10 238 213 113
11 196 3 22 17 114 97 29 15 221 227 24 177 137 122 253 5 28 204 0 168 2 201 231 130 214 1 176 4 52 172 13 173 125 107 25 8 224 37 182 32 226 27 20 193 65 59 6 63 245 203 205 85 14 19 58 229 159 38 102 41 191 108 42 56 35 202 127 133 71 179 197 207 95 255 199 248 30 251 73 31 115 67 109 44 123 185 220 78 36 43 164 183 111 118 128 83 55 218 80 165 49 101 68 135 143 235 116 117 40 129 228 82 89 110 208 54 181 74 180 77 198 211 33 9 239 105 152 192 23 155 16 171 156 242 64 103 86 240 87 48 75 174 186 212 46 47 146 254 53 121 62 167 234 88 61 18 169 104 79 106 166 51 69 70 91 131 244 237 233 92 215 45 222 132 100 7 194 170 200 157 50 160 98 12 90 120 145 163 66 136 219 241 21 140 94 138 246 119 230 93 217 161 126 210 81 141 139 162 209 112 189 153 236 147 175 144 99 149 151 225 178 26 60 134 223 34 158 195 232 150 216 39 188 187 206 243 250 72 247 84 190 57 148 124 249 184 76 154 142 252 96 10 238 213 113
11 196 3 22 17 114 97 29 15 221 227 24 177 137 122 253 5 28 204 0 168 2 201 231 130 214 1 176 4 52 172 13 173 125 107 25 8 224 37 182 32 226 27 20 193 65 59 6 63 245 203 205 85 14 19 58 229 159 38 102 41 191 108 42 56 35 202 127 133 71 179 197 207 95 255 199 248 153 251 73 31 115 67 109 44 123 185 220 78 36 43 164 183 111 118 128 83 55 218 80 165 49 101 68 135 143 235 116 117 40 129 228 82 89 110 208 54 181 74 180 77 198 211 33 9 239 105 152 192 23 155 16 171 156 242 64 103 86 240 87 48 75 174 186 212 46 47 146 254 53 121 62 167 234 88 61 18 169 104 79 106 166 51 69 70 91 131 244 237 233 92 215 45 222 132 100 7 194 170 200 157 50 160 98 12 90 120 145 163 66 136 219 241 21 140 94 138 246 119 230 93 217 161 126 210 81 141 139 162 209 112 189 30 236 147 175 144 99 149 151 225 178 26 60 134 223 34 158 195 232 150 216 39 188 187 206 243 250 72 247 84 190 57 148 124 249 184 76 154 142 252 96 10 238 213 113
11 196 3 22 17 114 97 29 15 221 227 24 177 137 122 253 5 28 204 0 168 2 201 231 130 214 1 176 4 52 172 13 173 125 107 25 8 224 37 182 32 226 27 20 193 65 59 6 63 245 203 205 85 14 19 58 229 159 38 102 41 191 108 42 56 36 202 127 133 71 179 197 207 95 255 199 248 30 251 73 31 115 47 109 44 123 185 220 78 35 43 164 183 18 118 128 83 55 218 80 165 49 101 68 135 143 235 116 117 40 129 228 82 89 110 208 54 181 74 180 77 198 211 33 9 239 105 152 192 23 155 16 171 156 242 64 103 86 240 87 48 75 174 34 212 46 67 146 254 53 121 62 167 234 88 61 111 169 104 79 106 166 51 69 70 91 131 236 237 233 92 215 45 222 132 100 7 194 170 200 157 50 160 98 12 90 120 145 163 66 136 219 241 21 140 94 138 246 119 230 93 217 161 126 210 81 141 139 162 209 112 189 153 244 147 175 144 99 149 151 225 178 26 60 134 223 186 158 195 232 150 216 39 188 187 206 243 250 72 247 84 190 57 148 124 249 184 76 154 142 252 96 10 238 213 113
11 196 3 22 17 114 97 29 15 221 227 24 177 137 122 253 5 28 204 0 168 2 201 231 130 214 1 176 4 52 172 13 173 125 107 25 8 224 37 182 32 226 27 20 193 65 59 6 63 245 203 205 85 14 19 58 229 159 38 102 41 191 108 42 56 36 202 127 133 71 179 197 207 95 255 199 248 30 251 73 31 115 47 109 44 123 185 220 78 35 43 164 183 225 118 128 83 55 218 80 165 49 101 119 135 143 235 116 117 40 129 228 82 89 110 208 54 181 74 180 77 198 211 33 9 239 105 152 192 23 155 166 171 156 242 64 103 86 132 87 48 75 174 34 212 46 62 146 254 53 121 67 167 234 88 61 111 169 104 79 106 18 51 69 70 91 131 236 237 233 92 215 45 222 240 100 7 194 170 200 157 50 160 98 12 90 120 145 163 66 136 219 241 21 140 94 138 246 68 230 93 217 161 126 210 81 141 139 162 209 112 189 153 244 147 175 144 99 149 151 16 178 26 60 134 223 186 158 195 232 150 216 39 188 187 206 243 250 72 247 84 190 57 148 124 249 184 76 154 142 252 96 10 238 213 113
11 196 3 22 17 114 97 29 15 221 227 24 177 137 122 253 5 28 204 0 168 2 201 231 130 214 1 176 4 52 172 13 173 125 107 25 8 224 37 182 32 226 27 20 193 65 59 6 63 245 203 205 87 14 19 58 229 159 95 102 41 191 108 42 56 36 202 127 133 71 179 197 207 38 255 199 248 30 251 73 31 115 47 109 44 123 185 220 78 35 43 164 183 18 118 128 83 55 218 80 165 49 101 68 135 143 235 116 117 40 129 228 82 89 110 208 54 181 74 180 77 198 211 33 9 239 105 152 192 23 155 16 171 156 242 64 103 86 240 85 48 75 174 34 212 46 62 146 254 53 121 67 167 234 88 61 111 169 104 79 106 166 51 69 70 91 131 236 237 233 92 215 45 222 132 100 7 194 170 200 157 50 160 98 12 90 120 145 163 66 136 219 241 21 140 94 138 246 119 230 93 217 161 126 210 81 141 139 162 209 112 189 153 244 147 175 144 99 149 151 225 178 26 60 134 223 186 158 195 232 150 216 39 188 187 206 243 250 72 247 84 190 57 148 124 249 184 76 154 142 252 96 10 238 213 113
11 196 3 22 17 114 97 29 15 221 227 24 177 137 122 253 5 28 204 0 168 2 201 231 130 214 1 176 4 52 172 13 173 125 107 25 8 224 37 182 83 226 27 20 193 65 59 6 63 166 203 205 85 14 19 58 229 159 38 102 41 191 108 42 56 36 202 127 133 71 179 197 207 95 255 199 248 30 251 73 31 115 47 109 44 123 185 220 78 35 53 164 183 18 118 128 32 55 218 80 165 49 101 68 135 143 235 116 117 40 129 124 82 89 110 208 54 181 74 180 77 198 211 33 9 239 105 152 192 23 155 16 171 156 242 64 81 86 240 87 48 75 174 34 212 46 62 146 254 43 121 67 167 234 178 61 111 169 104 79 106 141 51 69 70 91 131 236 92 233 237 215 45 222 132 100 7 194 170 200 157 50 160 142 12 90 120 145 163 66 136 219 241 21 140 94 138 246 119 230 93 217 161 126 210 103 225 139 162 209 112 189 153 244 147 175 144 99 149 151 245 88 26 60 134 223 186 158 249 232 150 216 39 188 187 206 243 250 72 247 84 190 57 148 228 195 184 76 154 98 252 96 10 238 213 113
11 196 3 22 17 114 97 29 15 221 227 24 177 137 122 253 5 28 204 0 168 2 201 231 130 214 1 176 4 52 172 13 173 125 107 226 8 224 37 182 32 25 27 20 193 65 59 6 63 245 203 205 85 14 19 58 76 159 38 102 41 191 108 42 56 36 202 127 133 71 179 197 207 95 255 199 248 30 251 73 31 115 47 109 44 123 185 220 78 35 43 164 183 18 118 128 83 55 218 80 165 49 101 68 135 143 235 116 117 40 129 228 82 89 110 208 54 181 74 180 77 198 211 33 9 239 105 152 192 23 155 16 171 156 242 64 81 86 240 87 48 75 174 34 212 46 62 146 254 53 121 67 167 234 229 61 111 169 104 79 106 166 51 69 70 91 131 236 237 233 92 215 45 222 132 100 7 194 170 200 157 50 160 98 12 90 120 145 163 66 136 219 241 21 140 94 138 246 119 230 93 217 161 126 210 103 141 139 162 209 112 252 153 244 147 175 144 99 149 151 225 178 26 60 134 223 186 158 195 232 150 216 39 188 187 206 243 250 72 247 84 190 57 148 124 249 184 88 154 142 189 96 10 238 213 113
11 196 3 22 17 114 97 29 15 221 227 24 177 137 122 253 5 28 204 0 168 2 201 231 130 214 1 176 4 52 172 13 173 125 165 25 8 224 37 182 32 226 27 20 193 65 59 6 63 51 203 205 85 14 19 58 229 159 38 102 41 191 108 42 56 36 202 127 133 71 179 197 207 95 255 199 248 30 251 73 31 115 47 109 44 123 185 220 78 35 43 164 183 18 118 86 83 55 218 139 107 49 101 119 135 143 235 116 117 40 129 228 82 89 110 208 54 181 74 180 77 198 211 33 9 239 105 152 192 23 155 16 171 156 242 64 81 128 240 87 48 75 174 34 212 46 62 146 254 53 121 67 167 234 76 61 111 169 104 79 106 166 245 69 70 93 131 236 237 233 92 215 45 222 132 100 7 194 170 200 157 50 160 98 12 90 120 145 163 66 136 219 241 21 140 94 138 246 68 230 91 217 161 126 210 103 141 80 162 209 112 189 153 151 147 175 144 99 149 244 225 178 26 60 134 223 186 158 195 232 150 216 39 188 187 206 243 250 72 247 84 190 57 148 124 249 184 88 154 142 252 96 10 238 213 113
11 196 3 22 17 114 97 29 15 221 227 24 177 137 122 253 5 28 204 0 168 2 201 231 130 214 1 176 4 52 172 86 173 35 107 25 8 224 37 182 32 226 27 20 193 65 59 6 63 166 203 205 85 14 19 58 229 159 38 102 41 191 108 42 56 36 202 127 133 71 179 197 207 95 255 199 248 30 251 73 31 115 47 109 44 123 185 220 78 125 43 164 183 18 234 128 83 55 225 80 165 49 101 68 135 143 235 116 89 40 129 228 82 117 110 208 54 181 74 180 77 198 139 33 9 239 105 152 192 23 155 16 171 156 242 64 81 98 240 87 48 75 174 34 212 46 62 146 254 53 121 67 167 118 88 61 111 169 104 79 106 141 51 69 70 91 131 236 92 233 237 215 45 222 132 100 7 194 170 200 157 50 160 13 12 90 120 145 163 66 136 219 241 21 140 94 138 246 119 230 93 217 161 126 210 103 218 211 162 209 112 189 153 244 147 175 144 99 149 151 245 178 26 60 134 223 186 158 195 232 150 216 39 188 187 206 243 250 72 247 84 190 57 148 124 249 184 76 154 142 252 96 10 238 213 113
11 196 3 22 17 114 97 29 15 221 227 24 177 137 122 253 5 28 204 0 168 2 201 231 130 214 1 176 103 52 169 13 173 125 107 25 8 224 37 171 32 226 27 20 193 65 59 6 63 245 203 205 85 14 19 58 229 159 38 102 41 191 108 42 56 36 202 127 133 71 179 197 207 95 255 199 248 30 251 73 31 115 47 109 44 123 185 220 78 35 43 164 183 129 118 128 83 55 218 80 165 49 101 18 135 143 235 116 117 40 186 228 82 89 110 208 54 181 74 180 77 198 211 33 9 239 105 152 192 23 155 16 182 156 242 64 81 86 240 87 48 75 174 34 212 46 62 146 254 53 121 67 167 234 88 61 111 219 104 79 106 172 51 69 70 91 158 236 237 233 92 215 45 222 132 100 7 194 170 200 157 50 160 98 12 90 120 145 163 66 136 68 241 21 140 94 138 246 119 230 93 217 161 126 210 4 141 139 162 76 112 189 153 244 147 175 144 99 149 151 225 178 26 60 134 223 131 166 195 232 150 216 39 188 187 206 243 250 72 247 84 190 57 148 209 249 184 124 154 142 252 96 10 238 213 113
11 196 3 22 17 114 97 29 15 221 227 24 177 137 122 253 5 28 204 0 168 2 201 231 130 214 1 176 103 52 169 13 173 125 107 25 8 224 37 171 32 226 27 20 193 65 59 6 63 245 203 205 85 14 19 58 229 159 38 102 41 191 108 42 56 36 202 127 133 71 179 197 207 95 255 199 248 30 251 73 31 115 105 109 44 123 185 220 78 35 43 164 183 129 118 128 83 55 218 80 165 49 101 18 135 143 235 116 117 40 186 228 82 89 110 208 54 181 74 180 77 198 211 33 9 239 47 152 192 23 155 16 182 156 242 64 81 86 240 87 48 75 174 34 212 46 62 146 254 53 121 67 167 234 88 61 111 219 104 79 106 172 51 69 70 91 158 236 237 233 92 215 45 222 132 100 7 194 170 200 157 50 160 98 12 90 120 145 163 66 136 68 241 21 140 94 138 246 119 230 93 217 161 126 210 4 141 139 162 76 112 189 153 244 147 175 144 99 149 151 225 178 26 60 134 223 131 166 195 232 150 216 39 188 187 206 243 250 72 247 84 190 57 148 209 249 184 124 154 142 252 96 10 238 213 113
11 196 3 22 17 114 97 29 15 221 227 24 177 137 122 253 5 28 204 0 168 2 201 231 130 214 1 176 103 52 169 13 173 125 107 25 8 224 37 171 32 226 27 20 193 65 59 6 63 245 203 205 85 14 187 58 229 159 38 102 41 191 108 42 56 36 202 127 133 71 179 197 207 95 255 199 248 30 251 73 31 115 105 109 44 123 185 220 78 35 43 164 183 129 118 128 83 55 218 80 165 49 101 18 135 143 235 116 117 40 186 228 82 89 110 208 54 181 74 180 77 198 211 33 9 239 47 152 192 23 155 16 182 156 242 64 81 86 240 87 48 75 174 34 212 46 62 146 254 53 121 67 167 234 88 61 111 68 104 79 106 172 51 69 70 91 158 236 237 233 92 215 45 222 132 100 7 194 170 200 157 50 160 98 12 90 120 145 163 66 136 219 241 21 140 94 138 246 119 230 93 217 161 126 210 4 141 139 162 76 112 189 153 244 147 175 144 99 149 151 225 178 26 60 134 223 131 166 195 232 150 216 39 188 19 206 243 250 72 247 84 190 57 148 209 249 184 124 154 142 252 96 10 238 213 113
11 196 3 22 17 114 97 29 15 221 227 24 177 137 122 253 5 28 204 0 168 2 201 231 130 214 52 176 4 129 68 13 173 44 107 25 8 224 37 182 32 226 27 20 193 65 59 6 63 245 203 205 85 14 19 239 229 159 38 102 41 191 108 42 56 36 202 127 133 71 179 197 207 95 255 199 248 30 251 73 31 115 47 109 125 123 185 220 78 35 43 164 183 1 118 128 83 55 218 80 165 49 101 18 135 143 235 116 117 40 186 228 82 89 110 208 54 181 74 180 77 198 211 33 9 171 105 152 192 23 155 16 58 156 242 64 81 86 240 87 48 75 174 34 212 46 62 146 254 53 121 67 167 234 88 61 111 169 104 79 106 172 51 69 70 91 158 236 237 233 92 215 45 222 132 100 7 194 170 200 157 50 160 98 12 90 120 145 163 66 136 219 241 21 140 94 138 246 119 230 93 217 161 126 210 76 141 139 162 103 112 189 153 244 147 175 144 99 149 151 225 178 26 60 134 223 131 166 195 232 150 216 39 188 187 206 243 250 72 247 84 190 57 148 209 249 184 124 154 142 252 96 10 238 213 113
11 196 3 22 17 114 97 29 15 221 227 24 177 137 122 253 5 28 204 0 168 2 201 231 130 214 52 176 4 129 68 13 173 108 107 25 8 224 37 182 32 226 27 20 193 65 59 6 63 67 203 205 85 14 19 58 229 159 38 102 41 191 125 42 56 36 202 127 133 71 179 197 207 95 255 199 248 30 251 73 31 115 47 109 44 123 185 220 78 99 43 164 183 1 118 128 83 55 218 80 165 49 101 18 135 143 235 116 117 40 186 228 82 89 110 208 54 181 74 180 77 198 211 33 9 239 105 152 192 23 155 16 171 156 242 64 81 195 240 87 48 75 174 34 212 46 62 146 254 53 121 245 167 234 88 61 111 169 104 79 106 172 51 69 70 91 158 236 237 233 92 215 45 222 206 100 7 194 170 200 157 50 160 98 12 90 120 145 163 66 136 219 241 21 140 94 138 246 119 230 93 217 161 126 210 76 141 139 162 103 112 189 153 244 147 175 144 35 149 151 225 178 26 60 134 223 131 166 86 232 150 216 39 188 187 132 243 250 72 247 84 190 57 148 209 249 184 124 154 142 252 96 10 238 213 113
11 196 3 22 17 114 97 29 15 221 227 24 177 137 122 253 5 28 204 0 168 2 201 231 130 214 52 176 4 129 68 13 173 125 107 25 8 255 37 182 32 226 27 20 193 65 59 6 63 245 203 205 85 14 19 58 229 159 38 102 41 191 108 42 56 36 202 127 133 71 179 197 207 95 224 199 248 30 251 73 31 115 47 109 44 237 185 124 78 35 43 164 183 1 118 128 83 55 218 80 165 49 101 18 135 143 235 116 117 40 186 228 82 89 110 208 54 181 74 180 77 198 39 33 9 239 105 152 192 23 155 16 171 156 242 64 81 86 240 87 48 75 174 34 212 46 62 146 254 53 121 67 167 234 88 61 111 169 104 79 106 172 51 69 70 91 158 236 123 233 92 215 45 222 132 100 7 194 170 200 157 50 160 98 12 90 120 145 163 66 136 219 241 21 140 94 138 246 119 230 93 217 161 126 210 76 141 139 162 103 112 189 153 244 147 175 144 99 149 151 225 178 26 60 134 223 131 166 195 232 150 216 211 188 187 206 243 250 72 247 84 190 57 148 209 249 184 220 238 142 252 96 10 154 213 113
11 196 3 22 17 114 97 29 15 221 227 24 177 137 122 253 5 28 204 0 168 2 201 231 130 214 83 176 4 52 68 13 173 125 107 25 8 224 37 182 32 226 27 20 193 65 59 6 63 245 203 205 85 14 19 58 229 159 38 102 41 191 108 42 56 36 202 127 133 71 179 197 207 95 255 199 248 30 251 73 31 115 47 109 44 123 185 220 78 35 43 164 183 1 118 128 186 55 218 80 165 49 101 18 135 143 235 116 117 40 126 228 82 89 110 208 54 181 74 180 77 198 211 33 9 239 105 152 192 23 155 16 171 156 242 64 81 86 240 87 48 75 174 34 212 46 62 146 254 53 121 67 167 234 88 61 111 169 104 79 106 172 51 69 70 91 158 236 237 233 92 215 45 222 132 100 7 194 170 200 157 50 160 98 12 90 120 145 163 66 136 219 241 21 140 94 138 246 119 230 93 217 161 129 210 103 141 139 162 76 112 189 153 244 147 175 144 99 149 148 225 178 26 60 134 223 131 166 195 232 150 216 39 188 187 206 243 250 72 247 84 190 57 151 209 249 184 124 154 142 252 96 10 238 213 113
11 196 3 22 17 114 97 29 15 221 227 24 177 137 122 253 5 28 204 0 168 2 201 231 130 214 96 176 4 52 172 13 173 125 107 25 8 224 37 182 32 226 27 20 193 65 59 6 63 218 203 205 85 14 19 58 229 159 38 102 41 191 108 42 56 36 202 127 133 71 179 197 207 95 255 199 248 30 251 73 31 115 47 113 44 123 185 220 78 35 43 164 183 18 118 128 83 55 166 80 165 49 101 68 135 143 235 116 117 40 129 124 82 89 110 208 54 181 74 180 77 198 211 33 9 239 105 152 192 23 155 16 171 156 242 64 81 86 240 87 48 75 174 34 212 46 62 146 254 53 121 67 167 234 88 61 111 169 104 79 106 141 51 69 70 91 131 236 92 233 237 215 45 222 132 100 7 194 170 200 157 50 160 1 12 90 120 145 163 66 136 219 241 21 140 94 138 246 119 230 93 217 161 126 210 103 225 139 162 209 112 189 153 244 147 175 144 99 149 151 245 178 26 60 134 223 186 158 195 232 150 216 39 188 187 206 243 250 72 247 84 190 57 148 228 249 184 76 154 142 252 98 10 238 213 109
11 196 3 22 17 114 97 29 15 221 227 24 177 137 122 253 5 28 204 0 168 2 201 231 130 214 99 176 4 52 68 13 173 125 107 25 8 224 37 182 32 226 27 20 193 65 59 16 63 245 203 205 87 14 19 58 229 159 38 102 41 191 108 42 56 36 202 127 133 71 179 197 207 95 255 199 248 30 251 73 31 115 47 109 44 123 185 220 78 35 43 164 183 18 118 128 83 55 218 80 165 49 101 172 135 143 235 116 117 40 79 228 82 89 110 208 54 181 74 180 77 198 188 33 9 239 105 152 192 23 155 6 113 156 242 64 81 86 240 85 48 75 174 34 212 46 62 146 254 53 121 67 167 234 88 61 111 169 104 129 106 103 51 69 70 91 131 236 237 233 92 215 45 222 132 100 7 194 170 200 157 50 160 98 12 90 120 145 163 66 136 219 241 21 140 94 138 246 119 230 93 217 161 126 210 84 141 139 162 209 112 189 153 244 147 175 144 1 149 151 225 178 26 60 134 223 186 158 195 232 150 216 39 211 187 206 243 250 72 247 213 190 57 148 124 249 184 76 154 142 252 96 10 238 166 171
11 196 3 22 17 114 97 29 15 221 227 24 177 137 122 253 5 28 204 0 168 2 201 231 130 214 186 176 4 52 18 13 173 125 107 25 8 224 37 182 32 79 27 20 193 65 59 6 63 245 203 205 85 14 19 58 229 159 38 102 41 191 108 42 56 36 202 127 133 71 179 197 207 95 255 199 248 30 251 73 31 115 64 109 44 123 185 124 78 35 43 164 183 1 118 128 83 55 218 80 165 49 101 68 135 143 235 116 117 40 129 228 82 89 110 208 54 181 74 180 77 198 211 33 9 151 105 152 145 23 155 16 171 156 242 47 81 86 240 87 48 75 174 34 39 46 62 146 254 53 121 67 167 234 88 61 111 169 104 226 106 172 51 69 70 91 158 236 237 233 92 215 45 222 132 100 7 194 170 200 157 50 160 98 12 90 120 192 163 66 136 219 241 21 140 94 138 246 119 230 93 217 161 126 210 76 141 139 162 103 112 189 153 244 147 175 144 99 149 239 225 178 26 60 134 223 131 166 195 232 150 216 212 188 187 206 243 250 72 247 84 190 57 148 209 249 184 220 154 142 252 96 10 238 213 113
11 196 3 22 17 114 97 29 15 221 227 24 177 137 122 253 5 28 204 0 168 2 201 231 130 214 186 176 4 52 18 13 173 125 107 25 8 224 37 182 32 226 27 20 193 65 59 6 63 245 203 205 85 14 19 58 229 159 38 102 41 191 108 42 56 36 202 127 133 71 179 197 207 95 255 199 248 30 251 73 31 115 64 109 44 123 185 124 78 35 43 164 183 1 118 128 83 55 218 80 165 49 101 68 135 143 235 116 117 40 129 228 82 89 110 208 54 181 74 180 77 198 211 33 9 151 105 152 145 23 155 16 171 156 242 47 81 86 240 87 48 75 174 34 39 46 62 146 254 53 121 67 167 234 88 61 111 169 104 79 106 172 51 69 70 91 158 236 237 233 92 215 45 222 132 100 7 194 170 200 157 50 160 98 12 90 120 192 163 66 136 219 241 21 140 94 138 246 119 230 93 217 161 126 210 76 141 139 162 103 112 189 153 244 147 175 144 99 149 239 225 178 26 60 134 223 131 166 195 232 150 216 212 188 187 206 243 250 72 247 84 190 57 148 209 249 184 220 154 142 252 96 10 238 213 113
11 196 3 22 17 114 97 29 15 221 227 24 177 137 122 253 5 28 204 0 168 2 201 231 130 214 186 176 4 52 68 13 173 125 107 25 8 224 37 182 32 226 27 20 193 65 59 6 63 245 203 205 85 14 19 58 229 159 38 102 41 191 108 42 56 36 202 127 133 71 179 197 207 95 255 199 248 30 251 73 31 115 47 109 44 123 185 220 78 35 43 164 183 1 118 128 83 55 218 80 165 49 101 18 135 143 235 116 117 40 132 228 82 89 110 208 54 181 74 180 77 198 211 33 9 69 105 158 192 23 155 171 16 156 242 64 81 86 240 87 48 75 174 34 212 46 62 146 254 53 121 67 167 234 88 61 111 169 104 79 106 172 51 66 70 91 152 236 237 233 92 215 45 222 129 100 7 194 170 200 157 50 160 98 12 90 120 145 163 151 136 219 241 21 140 94 138 246 119 230 93 217 161 126 210 103 141 139 162 76 112 189 153 244 147 175 144 99 149 239 225 178 26 60 134 223 131 166 195 232 150 216 39 188 187 206 243 250 72 247 84 190 57 148 209 249 184 124 154 142 252 96 10 238 213 113
11 196 3 22 17 114 97 29 15 221 227 24 177 137 122 253 5 28 204 0 168 2 201 231 130 214 186 176 4 52 68 13 173 125 107 25 8 224 37 182 32 226 27 20 193 65 59 6 63 245 203 205 85 14 19 58 229 159 38 102 41 191 108 42 56 36 202 127 133 71 179 197 207 95 255 199 248 30 251 73 31 115 47 109 44 123 185 220 78 35 43 164 183 1 118 128 83 55 218 80 165 49 101 18 135 143 235 116 117 40 132 228 82 89 110 208 54 181 74 180 77 198 211 33 9 69 105 158 192 23 155 171 16 156 242 64 81 86 240 87 48 75 174 34 212 98 62 146 254 53 121 67 167 234 88 61 111 169 104 79 106 172 51 66 70 91 152 236 237 233 92 215 45 222 129 100 7 194 170 200 157 50 160 46 12 90 120 145 163 151 136 219 241 21 140 94 138 246 119 230 93 217 161 126 210 103 141 139 162 76 112 189 153 244 147 175 144 99 149 239 225 178 26 60 134 223 131 166 195 232 150 216 39 188 187 206 243 250 72 247 84 190 57 148 209 249 184 124 154 142 252 96 10 238 213 113
11 196 3 22 17 114 97 29 15 221 227 24 177 137 122 253 5 28 204 0 168 2 201 231 130 214 186 176 4 52 68 13 173 125 107 25 8 224 37 182 32 226 27 20 193 81 59 6 63 245 203 205 85 14 19 58 229 113 38 102 41 191 108 42 56 36 202 127 133 71 179 197 207 95 255 199 248 30 251 73 31 115 247 109 44 123 185 220 78 165 43 164 183 1 118 128 83 55 218 80 188 49 101 18 135 143 235 116 117 40 129 228 82 89 110 208 54 181 74 180 77 198 211 33 9 239 105 152 192 23 155 16 171 156 242 64 65 86 240 87 48 75 174 34 212 46 62 146 254 53 121 67 167 234 88 61 111 169 104 79 106 172 51 69 70 91 158 236 184 233 92 215 45 222 132 100 7 194 170 200 157 50 160 98 12 90 120 145 163 66 136 219 241 21 140 94 138 246 119 230 93 217 161 126 210 76 141 139 162 103 112 189 153 244 147 175 144 99 149 151 225 178 26 60 134 223 131 166 195 232 150 216 39 35 187 206 243 250 72 47 84 190 57 148 209 249 237 124 154 142 252 96 10 238 213 159
11 196 3 22 17 114 97 29 15 221 227 24 177 137 122 253 5 28 204 0 168 2 201 231 130 214 212 176 4 52 68 13 173 125 107 25 8 224 37 182 32 226 27 20 193 65 59 6 63 245 203 205 85 14 19 58 229 159 38 102 41 191 108 42 56 36 202 127 133 71 179 197 207 95 255 199 248 30 251 73 31 115 47 109 44 123 185 220 170 35 43 164 183 129 118 126 83 55 218 80 165 49 101 18 135 143 235 116 117 40 186 228 82 89 110 208 54 181 74 180 77 198 211 33 9 239 105 152 192 23 155 16 171 156 242 64 81 86 240 87 48 75 174 34 1 46 62 146 254 53 121 67 167 234 88 61 111 169 104 79 106 172 166 69 70 91 158 236 237 233 92 215 45 222 132 100 7 194 78 200 157 50 160 98 12 90 120 145 163 66 136 124 241 21 140 94 138 246 119 230 93 217 161 128 210 103 141 139 162 76 112 189 153 244 147 175 144 99 149 151 225 178 26 60 134 223 131 51 195 232 150 216 39 188 187 206 243 250 72 247 84 190 57 148 209 249 184 219 154 142 252 96 10 238 213 113
11 196 3 22 17 114 97 29 15 221 227 24 177 137 122 253 5 28 204 0 168 2 201 231 130 214 212 176 4 146 68 13 173 125 107 25 8 224 37 182 32 226 27 20 193 65 59 6 63 245 203 205 85 14 19 58 229 159 38 102 41 191 108 42 56 36 202 127 133 71 179 197 207 95 255 199 248 30 251 73 31 115 47 109 44 123 185 220 170 35 43 164 183 129 118 126 83 55 218 80 165 49 101 18 135 143 235 116 117 40 186 228 82 89 110 208 54 181 74 180 77 198 211 33 9 239 105 152 192 23 155 16 171 156 242 64 81 86 240 87 48 75 174 34 1 46 62 52 254 53 121 67 167 234 88 61 111 169 104 79 106 172 166 69 70 91 158 236 237 233 92 215 45 222 132 100 7 194 78 200 157 50 160 98 12 90 120 145 163 66 136 124 241 21 140 94 138 246 119 230 93 217 161 128 210 103 141 139 162 76 112 189 153 244 147 175 144 99 149 151 225 178 26 60 134 223 131 51 195 232 150 216 39 188 187 206 243 250 72 247 84 190 57 148 209 249 184 219 154 142 252 96 10 238 213 113
11 196 3 22 17 114 97 29 15 221 227 24 177 137 122 253 5 28 204 0 168 2 201 231 130 214 254 176 4 52 68 13 173 209 107 25 8 224 37 182 32 226 27 20 193 65 59 6 63 187 203 205 85 14 19 58 229 159 38 102 41 191 108 42 56 36 202 127 133 71 179 197 207 95 255 199 248 30 251 73 31 115 47 109 44 123 185 220 78 35 43 164 183 149 118 128 83 55 218 80 165 49 101 18 135 143 235 116 117 40 186 228 82 89 110 208 54 181 74 180 129 198 211 33 9 239 105 152 192 23 155 16 171 156 242 64 81 86 240 87 48 75 174 34 212 46 62 146 1 53 121 67 167 234 88 61 111 169 104 79 106 172 51 69 70 91 158 236 76 233 92 215 45 222 132 100 7 194 170 200 157 50 160 98 12 90 120 145 163 66 136 219 241 21 140 94 138 246 119 230 93 217 161 126 210 103 141 139 162 237 112 189 153 244 147 175 144 99 77 151 225 178 26 60 134 223 131 166 195 232 150 216 39 188 245 206 243 250 72 247 84 190 57 148 125 249 184 124 154 142 252 96 10 238 213 113
11 196 3 22 17 114 97 29 15 221 227 24 177 137 122 253 5 28 204 0 168 2 233 231 130 214 1 176 4 52 68 13 173 209 107 25 8 224 37 182 32 226 27 20 193 65 59 6 63 245 125 205 85 14 19 58 229 159 38 102 41 191 108 42 56 36 202 127 133 71 179 197 207 95 255 199 248 30 251 73 31 115 47 109 44 123 185 220 78 35 116 164 183 129 118 128 83 55 218 80 165 49 101 18 135 143 235 43 117 40 186 228 124 89 110 208 54 181 74 180 77 198 211 33 9 239 105 152 192 23 155 16 171 156 242 64 81 86 240 87 48 75 174 34 212 46 166 146 254 53 121 67 167 234 88 61 111 169 104 79 106 172 51 69 70 91 158 236 237 201 92 215 45 222 132 100 7 194 170 200 157 50 160 98 12 90 120 145 163 66 136 219 241 21 140 94 138 246 119 230 93 217 161 126 210 103 141 139 162 76 112 189 153 244 147 175 144 99 149 151 225 178 26 60 134 223 131 62 195 232 150 216 39 188 187 206 243 250 72 247 84 190 57 148 203 249 184 82 154 142 252 96 10 238 213 113
11 196 3 22 17 114 97 29 15 221 227 24 177 137 122 253 5 28 204 0 168 2 233 231 130 214 1 176 4 52 68 13 173 209 107 25 8 224 37 182 32 226 27 20 193 65 59 6 63 245 125 205 85 14 19 58 229 159 38 102 41 191 108 42 56 36 202 127 133 71 179 197 207 95 255 199 248 30 251 73 31 115 47 109 44 123 185 220 78 35 116 164 183 129 118 128 83 55 218 80 165 49 101 18 135 143 235 43 117 40 186 228 124 89 110 208 54 181 74 180 77 198 211 33 9 239 105 152 192 23 155 16 171 156 242 64 81 86 240 87 48 75 174 34 212 46 166 146 254 53 121 67 167 234 88 61 111 169 104 79 106 210 51 69 70 91 158 236 237 201 92 215 45 222 132 100 7 194 170 200 157 50 160 98 12 90 120 145 163 66 136 219 241 21 140 94 138 246 119 230 93 217 161 126 172 103 141 139 162 76 112 189 153 244 147 175 144 99 149 151 225 178 26 60 134 223 131 62 195 232 150 216 39 188 187 206 243 250 72 247 84 190 57 148 203 249 184 82 154 142 252 96 10 238 213 113
11 196 3 22 17 114 97 29 15 221 227 24 177 137 122 253 5 28 204 0 168 2 233 231 130 214 1 176 4 52 68 13 173 209 107 25 8 224 37 182 32 226 27 20 193 65 59 19 63 245 125 205 85 14 6 58 229 159 38 102 41 191 108 42 56 36 202 127 133 71 179 197 207 95 255 199 248 30 251 73 31 115 47 109 44 123 185 220 78 35 116 164 183 129 118 128 83 55 218 80 165 49 101 18 135 143 235 43 117 40 186 228 124 89 110 208 54 181 74 180 77 198 211 33 9 239 105 152 192 23 155 16 171 156 242 64 81 86 240 87 48 75 174 34 212 46 166 146 254 53 121 67 167 234 88 61 111 169 104 79 106 210 51 69 70 91 158 236 237 201 92 215 45 222 132 100 7 194 170 200 157 50 160 98 12 90 120 145 163 66 136 219 241 21 140 94 138 246 119 230 93 217 161 126 172 103 141 139 162 76 112 189 153 244 147 175 144 99 149 151 225 178 26 60 134 223 131 62 195 232 150 216 39 188 187 206 243 250 72 247 84 190 57 148 203 249 184 82 154 142 252 96 10 238 213 113
11 196 3 22 17 114 97 29 15 221 227 24 177 137 122 253 5 28 204 0 168 6 201 231 130 214 1 176 4 52 68 13 173 125 107 25 8 224 37 182 32 226 27 20 193 65 59 2 63 245 203 205 85 14 19 58 76 159 38 102 41 191 108 42 56 36 202 127 133 71 179 197 207 95 255 199 248 30 251 73 31 115 47 109 44 123 185 220 78 35 43 164 183 18 118 128 83 55 218 80 165 49 101 172 135 143 235 116 117 40 129 228 229 89 110 208 54 181 74 180 77 198 211 33 9 239 105 152 192 23 155 16 171 156 242 64 81 86 240 87 48 75 174 34 212 46 62 146 254 53 121 67 167 234 88 61 111 169 104 79 106 166 51 69 70 91 131 236 237 233 92 215 45 222 132 100 7 194 170 200 157 50 160 98 12 90 120 145 163 66 136 219 241 21 140 94 138 246 119 230 93 217 161 126 210 103 141 139 162 209 112 189 153 244 147 175 144 99 149 151 225 178 26 60 134 223 186 158 195 232 150 216 39 188 187 206 243 250 72 247 84 190 57 148 124 249 184 82 154 142 252 96 10 238 213 113
11 196 3 22 17 114 97 29 15 221 227 24 177 137 122 253 5 28 204 0 168 6 201 231 130 214 1 176 4 52 172 13 173 125 107 25 8 224 37 182 32 226 27 20 193 65 59 2 63 245 203 205 85 14 19 58 229 159 38 102 41 197 108 42 56 36 202 127 133 71 179 191 207 95 255 199 248 30 251 73 31 115 47 109 44 123 185 220 78 35 43 164 183 18 118 128 83 55 218 80 165 49 101 68 135 143 235 116 117 40 129 228 82 89 110 208 54 181 74 180 77 198 211 33 9 239 105 152 192 23 155 16 171 156 242 64 103 86 240 87 48 75 174 34 212 46 62 146 254 53 121 67 167 234 88 61 111 169 104 79 106 166 51 69 70 91 131 236 237 233 92 215 45 222 132 100 7 194 170 200 157 50 160 98 12 90 120 145 163 66 136 219 241 21 140 94 138 246 119 230 93 217 161 126 210 81 141 139 162 209 112 189 153 244 147 175 144 99 149 151 225 178 26 60 134 223 186 158 195 232 150 216 39 188 187 206 243 250 72 247 84 190 57 148 124 249 184 76 154 142 252 96 10 238 213 113
11 196 3 22 17 114 97 29 15 221 227 24 177 137 122 253 5 28 204 0 168 6 201 231 130 214 1 176 4 52 172 13 173 125 107 25 8 224 37 182 32 226 27 20 193 65 59 2 63 245 203 205 85 14 19 58 229 159 38 102 41 197 108 42 56 36 202 127 133 71 179 191 207 95 255 199 248 30 251 73 31 115 47 109 44 123 185 220 78 35 43 164 183 18 118 128 83 55 218 80 165 49 101 68 135 143 235 116 117 40 129 228 82 89 110 208 54 181 74 180 77 198 211 33 9 239 105 152 192 23 155 16 171 156 242 64 103 86 240 87 48 75 174 186 212 46 62 146 254 53 121 67 167 234 88 61 111 169 104 79 106 166 51 69 70 91 131 236 237 233 92 215 45 222 132 100 7 194 170 200 157 50 160 98 12 90 120 145 163 66 136 219 241 21 140 94 138 246 119 230 93 217 161 126 210 81 141 139 162 209 112 189 153 244 147 175 144 99 149 151 225 178 26 60 134 223 34 158 195 232 150 216 39 188 187 206 243 250 72 247 84 190 57 148 124 249 184 76 154 142 252 96 10 238 213 113
11 196 3 22 17 114 97 29 15 221 227 24 177 137 122 253 5 28 204 0 168 6 201 231 130 214 1 176 4 52 172 13 173 125 107 25 8 224 37 182 32 226 27 20 255 65 59 2 63 245 203 205 85 14 19 58 229 159 38 102 41 191 108 42 56 36 202 127 133 71 179 197 207 95 193 199 248 30 251 73 31 115 47 109 44 123 185 220 78 35 43 164 183 18 118 128 83 55 218 80 165 49 101 68 135 143 235 116 117 40 129 228 82 89 110 208 54 181 74 180 77 198 211 33 9 239 105 152 192 23 155 16 171 156 242 166 103 86 240 87 48 75 174 186 212 46 62 146 254 53 121 67 167 234 88 61 79 169 104 111 106 64 51 69 70 91 131 236 237 233 92 215 45 222 132 100 7 194 170 200 157 50 160 98 12 90 120 145 163 66 136 219 241 21 140 94 138 246 119 230 93 217 161 126 210 81 141 139 162 209 112 189 153 244 147 175 144 99 149 151 225 178 26 60 134 223 34 158 195 232 150 216 39 188 187 206 243 250 72 247 84 190 57 148 124 249 184 76 154 142 252 96 10 238 213 113
11 196 3 22 17 114 97 29 15 221 227 24 177 137 122 253 5 28 204 0 168 25 151 231 130 214 1 176 4 52 67 13 173 125 107 2 8 224 37 182 32 226 27 20 193 65 59 6 63 187 203 205 85 14 19 58 229 159 38 102 41 202 108 42 56 36 73 127 133 71 179 197 207 95 255 199 248 30 251 212 31 115 47 109 44 123 185 220 78 35 43 164 183 129 118 128 83 55 218 80 165 49 101 18 135 143 235 116 117 40 186 228 82 89 110 208 54 181 74 180 77 198 211 33 9 239 105 152 192 23 155 16 171 156 92 64 81 86 240 87 48 75 174 34 191 46 62 146 254 53 121 68 167 234 88 61 111 169 104 79 106 172 51 69 70 91 158 236 237 233 242 215 45 222 132 100 7 194 170 200 157 50 160 98 12 90 120 145 163 66 136 219 241 21 140 94 138 246 119 230 93 217 161 126 210 103 141 139 162 76 112 189 153 244 147 175 144 99 149 201 225 178 26 60 134 223 131 166 195 232 150 216 39 188 245 206 243 250 72 247 84 190 57 148 209 249 184 124 154 142 252 96 10 238 213 113
11 196 3 22 17 114 97 29 15 221 227 24 177 137 122 253 5 28 204 0 168 96 151 231 130 214 129 176 4 52 68 13 173 209 107 25 8 224 37 182 32 226 27 36 193 65 59 6 63 245 203 205 85 14 19 58 229 159 38 102 41 191 108 42 56 20 202 127 133 71 179 197 207 95 255 199 248 30 251 73 31 115 155 109 44 166 185 220 78 35 43 164 183 1 118 128 83 55 218 80 165 49 101 18 135 143 235 116 117 40 186 228 82 89 110 208 54 181 74 180 77 198 211 33 9 239 105 152 192 23 47 16 171 156 242 64 81 86 240 87 48 75 174 34 212 46 62 146 254 53 121 67 167 234 88 61 111 169 104 79 106 172 51 69 70 91 158 236 237 233 92 215 45 222 132 100 7 194 170 200 157 50 160 98 12 90 120 145 163 66 136 219 241 21 140 94 138 246 119 230 93 217 161 126 210 103 141 139 162 76 112 189 153 244 147 175 144 99 149 201 225 178 39 60 134 223 131 123 195 232 150 216 26 188 187 206 243 250 72 247 84 190 57 148 125 249 184 124 154 142 252 2 10 238 213 113
11 196 3 22 17 114 97 29 15 221 227 24 177 137 122 253 5 28 204 0 168 96 151 231 130 214 228 176 4 52 68 13 173 209 107 25 8 224 37 182 32 226 27 36 193 65 59 6 63 245 203 205 85 14 19 58 229 159 38 102 41 191 108 42 56 20 202 127 133 71 179 197 207 95 255 199 248 30 251 73 31 115 155 109 44 166 185 220 78 35 43 164 183 1 118 128 83 55 218 80 165 49 101 18 135 143 235 116 117 40 186 129 82 89 110 208 54 181 74 180 77 198 211 33 9 239 105 152 192 23 47 16 171 156 242 64 81 86 240 87 48 75 174 34 212 46 62 146 254 53 121 67 167 234 88 61 111 169 104 79 106 172 51 69 70 91 158 236 237 233 92 215 45 222 132 100 7 194 170 200 157 50 160 98 12 90 120 145 163 66 136 219 241 21 140 94 138 246 119 230 93 217 161 126 210 103 141 139 162 76 112 189 153 244 147 175 144 99 149 201 225 178 39 60 134 223 131 123 195 232 150 216 26 188 187 206 243 250 72 247 84 190 57 148 125 249 184 124 154 142 252 2 10 238 213 113
11 196 3 22 17 114 97 29 15 221 227 24 177 137 122 253 5 28 204 0 168 155 201 231 130 214 109 176 4 52 68 13 173 209 107 25 8 224 37 182 32 226 27 20 193 65 59 6 63 245 12 205 139 14 19 106 229 159 38 102 41 191 108 42 56 36 202 127 133 71 179 197 207 95 255 199 248 30 251 73 31 115 47 1 44 123 185 220 78 35 43 164 183 129 118 128 83 55 218 80 165 49 101 18 135 143 235 116 117 40 186 228 124 89 110 208 54 181 74 180 77 198 211 33 9 239 105 152 192 23 2 16 171 156 242 64 81 86 240 87 48 75 174 34 212 46 62 146 254 53 121 67 167 234 88 61 111 169 104 79 58 172 51 69 70 91 158 236 237 233 92 215 45 222 132 100 7 194 170 200 157 50 160 98 125 90 120 145 163 66 136 219 241 21 140 94 138 246 119 230 93 217 161 126 210 103 141 85 162 76 112 189 153 244 147 175 144 99 149 151 225 178 26 60 134 223 131 166 195 232 150 216 39 188 187 206 243 250 72 247 84 190 57 148 203 249 184 82 154 142 252 96 10 238 213 113
11 196 3 22 17 114 97 29 15 221 227 24 177 137 122 253 5 28 204 0 168 167 201 231 130 214 1 176 4 52 172 13 173 125 107 25 8 224 37 182 83 226 27 20 193 65 59 6 63 166 203 205 85 14 19 58 229 159 38 102 41 191 108 42 56 36 202 127 133 71 179 197 207 95 255 199 248 30 251 73 31 115 47 109 44 123 185 220 78 35 53 164 183 18 118 128 32 55 218 80 165 49 101 68 135 143 235 116 117 40 129 124 82 89 110 208 54 181 74 180 77 198 211 33 9 239 105 152 192 23 155 16 171 156 242 64 81 86 240 87 48 75 174 34 212 46 62 146 254 43 121 67 2 234 178 61 111 169 104 79 106 141 51 69 70 91 131 236 92 233 237 215 45 222 132 100 7 194 170 200 157 50 160 142 12 90 120 145 163 66 136 219 241 21 140 94 138 246 119 230 93 217 161 126 210 103 225 139 162 209 112 189 153 244 147 175 144 99 149 151 245 88 26 60 134 223 186 158 249 232 150 216 39 188 187 206 243 250 72 247 84 190 57 148 228 195 184 76 154 98 252 96 10 238 213 113
11 196 3 22 17 114 97 29 15 221 227 24 177 137 122 253 5 28 204 0 168 167 201 231 130 214 1 176 4 52 172 99 173 125 107 25 8 224 37 182 32 226 27 20 193 65 59 6 63 166 203 205 85 14 19 58 229 159 38 102 41 191 108 42 56 36 202 127 133 71 179 197 207 95 255 199 248 30 251 73 31 115 47 109 44 123 185 220 78 35 43 164 183 18 118 128 67 55 218 80 165 49 101 68 135 143 111 116 117 40 129 228 82 89 110 208 54 181 74 180 77 198 139 33 9 239 105 152 57 23 155 16 171 156 242 64 81 86 240 87 48 75 174 34 212 46 62 146 254 53 121 83 2 234 88 61 236 169 104 79 106 141 51 69 70 91 131 235 92 233 237 215 45 222 93 100 7 194 170 200 157 50 160 98 12 90 120 145 163 66 136 219 241 21 140 94 138 246 119 230 132 217 161 126 210 103 225 211 162 209 112 189 153 244 147 175 144 13 149 151 245 178 26 60 134 223 186 158 249 232 150 216 39 188 187 206 243 250 72 247 84 190 192 148 124 195 184 76 154 142 252 96 10 238 213 113
11 196 3 22 17 114 97 29 15 221 227 24 177 137 122 253 5 28 204 0 168 178 151 231 130 214 1 176 4 52 68 13 173 209 107 25 8 224 37 182 32 226 27 20 193 65 59 6 63 245 203 205 85 14 19 212 229 159 38 102 41 191 108 42 56 36 202 127 133 71 179 197 207 95 255 199 248 30 251 73 31 115 155 109 44 123 185 220 78 35 43 164 183 129 118 128 83 55 218 80 165 49 101 18 135 143 235 116 117 40 186 228 82 89 110 208 54 181 74 180 77 198 211 33 9 239 105 152 192 23 47 16 233 156 242 64 81 86 240 87 48 75 174 34 58 46 62 146 254 53 121 67 167 234 88 61 111 169 104 79 106 172 51 69 70 91 125 236 237 171 92 215 45 222 132 100 7 194 170 200 157 50 160 98 12 90 120 145 163 66 136 219 241 21 140 94 138 246 119 230 93 217 161 126 210 103 141 139 162 76 112 189 153 244 147 175 144 99 149 201 225 2 26 60 134 223 131 166 195 232 150 216 39 188 187 206 243 250 72 247 84 190 57 148 158 249 184 124 154 142 252 96 10 238 213 113
11 196 3 22 17 114 97 29 15 221 227 24 177 137 122 253 5 28 204 0 168 178 151 231 130 214 1 176 195 52 68 13 173 209 107 25 8 224 37 182 32 226 27 20 193 65 59 6 63 245 203 205 85 14 19 212 229 159 38 102 41 191 108 42 56 36 202 127 133 71 179 197 207 95 255 199 248 30 251 73 31 115 155 109 44 123 185 220 78 35 43 164 183 129 118 128 83 55 218 80 165 49 101 18 135 143 235 116 117 40 186 228 82 89 110 208 54 181 74 180 77 198 211 33 9 239 105 152 192 23 47 16 233 156 242 64 81 86 240 87 48 75 174 34 58 46 62 146 254 53 121 67 167 234 88 61 111 169 104 79 106 172 51 69 70 91 125 236 237 171 92 215 45 222 132 100 7 194 170 200 157 50 160 98 12 90 120 145 163 66 136 219 241 21 140 94 138 246 119 230 93 217 161 126 210 103 141 139 162 76 112 189 153 244 147 175 144 99 149 201 225 2 26 60 134 223 131 166 4 232 150 216 39 188 187 206 243 250 72 247 84 190 57 148 158 249 184 124 154 142 252 96 10 238 213 113
11 196 3 22 17 114 97 29 15 221 227 24 177 137 122 253 5 28 204 0 168 178 151 231 130 214 1 176 195 52 68 13 173 209 107 25 8 224 37 182 32 226 27 20 193 65 59 6 63 245 203 205 85 14 19 212 229 159 38 102 41 191 108 42 56 36 202 127 133 71 179 197 207 95 255 199 248 30 251 73 31 115 155 109 44 123 185 220 78 35 43 164 183 129 118 128 83 55 218 80 165 49 101 18 135 143 235 116 117 40 186 228 82 89 110 208 54 181 74 180 77 198 211 33 9 239 105 152 192 23 47 16 233 156 242 64 81 86 240 87 48 75 174 34 58 46 62 146 254 53 121 67 167 234 88 61 111 169 104 79 106 172 51 69 70 91 125 236 237 171 92 215 45 222 132 100 7 194 170 200 157 50 160 98 12 90 120 145 163 66 136 219 241 21 232 94 138 246 119 230 93 217 161 126 210 103 141 139 162 76 112 189 153 244 147 175 144 99 149 201 225 2 26 60 134 223 131 166 4 140 150 216 39 188 187 206 243 250 72 247 84 190 57 148 158 249 184 124 154 142 252 96 10 238 213 113
11 196 3 22 17 114 97 29 15 221 227 24 177 137 122 253 5 28 204 0 168 194 201 231 130 214 1 176 4 52 172 13 173 125 107 25 8 224 37 182 2 226 27 20 193 65 59 6 63 245 203 205 85 14 19 58 229 159 38 102 41 191 108 42 56 36 202 127 133 71 179 197 207 95 255 199 248 30 251 73 31 115 47 109 44 123 185 220 78 35 43 164 183 18 118 128 83 55 218 80 165 49 101 68 135 143 235 116 117 40 129 228 82 89 110 208 54 181 74 180 77 198 211 33 9 239 105 152 192 23 155 16 171 156 242 64 103 86 240 87 48 75 174 34 212 46 67 146 254 53 121 62 167 234 88 61 111 169 104 79 106 166 51 69 70 91 131 236 237 233 92 215 45 222 132 100 7 32 170 200 157 50 160 98 12 90 120 145 163 66 136 219 241 21 140 94 138 246 119 230 93 217 161 126 210 81 141 139 162 209 112 189 153 244 147 175 144 99 149 151 225 178 26 60 134 223 186 158 195 232 150 216 39 188 187 206 243 250 72 247 84 190 57 148 124 249 184 76 154 142 252 96 10 238 213 113
11 196 3 22 17 114 97 29 15 221 227 24 177 137 122 253 5 28 204 0 168 194 201 231 130 214 1 176 4 52 172 13 173 125 107 25 8 224 37 182 2 226 27 20 193 65 59 6 63 245 203 205 85 14 19 58 229 159 38 102 41 191 108 42 56 36 202 127 133 71 179 197 207 95 255 199 248 30 251 73 31 115 47 109 44 123 185 220 78 35 43 164 183 18 118 128 83 55 218 80 165 49 101 68 135 143 235 116 117 40 129 228 82 89 110 208 54 181 74 180 77 198 211 33 9 239 105 152 192 23 155 16 171 156 242 64 103 86 240 87 48 75 174 92 212 46 67 146 254 53 121 62 167 234 88 61 111 169 104 79 106 166 51 69 70 91 131 236 237 233 34 215 45 222 132 100 7 32 170 200 157 50 160 98 12 90 120 145 163 66 136 219 241 21 140 94 138 246 119 230 93 217 161 126 210 81 141 139 162 209 112 189 153 244 147 175 144 99 149 151 225 178 26 60 134 223 186 158 195 232 150 216 39 188 187 206 243 250 72 247 84 190 57 148 124 249 184 76 154 142 252 96 10 238 213 113
11 196 3 22 17 114 97 29 15 221 227 24 177 137 122 253 5 28 204 0 168 194 201 231 130 214 1 176 4 52 172 16 173 125 107 25 8 224 37 182 2 226 27 20 193 65 59 6 63 245 203 205 85 14 19 58 229 159 38 102 41 191 108 42 56 36 202 127 133 71 179 197 207 95 255 199 248 30 251 73 31 115 47 109 44 123 185 220 78 35 43 164 183 18 118 128 83 55 218 80 165 49 101 68 135 143 235 116 117 40 129 228 82 89 110 208 54 195 74 180 77 198 211 33 9 239 105 152 192 23 155 13 171 156 242 64 103 86 240 87 48 75 174 92 212 46 67 146 254 53 121 62 167 234 88 61 111 169 104 79 106 166 51 69 70 91 131 236 237 233 34 215 45 222 132 100 7 32 170 200 157 50 160 98 12 90 120 145 163 66 136 219 241 21 140 94 138 246 119 230 93 217 161 126 210 81 141 139 162 209 112 189 153 244 147 175 144 99 149 151 225 178 26 60 134 223 186 158 181 232 150 216 39 188 187 206 243 250 72 247 84 190 57 148 124 249 184 76 154 142 252 96 10 238 213 113
11 196 3 22 17 114 97 29 15 221 227 24 177 137 122 253 5 28 204 0 172 2 201 231 130 214 1 176 4 52 68 13 173 125 107 25 8 224 37 182 32 226 27 20 193 65 59 6 63 245 203 205 85 14 19 58 229 159 38 102 41 191 108 42 56 36 202 127 133 71 179 197 207 95 255 199 248 30 251 73 31 115 47 109 44 123 185 220 78 35 43 164 183 18 118 128 83 55 218 80 165 49 101 168 135 143 235 116 117 40 129 228 237 89 110 208 54 181 74 180 77 198 211 33 9 239 105 152 192 23 155 16 171 156 242 64 81 86 240 87 48 75 174 34 212 46 62 146 254 53 121 67 167 234 88 61 111 169 104 79 106 166 51 69 70 91 131 236 76 233 92 215 45 222 132 100 7 194 170 200 157 50 160 98 12 90 120 145 163 66 136 219 241 21 140 94 138 246 119 230 93 217 161 126 210 103 141 139 162 190 112 189 153 244 147 175 144 99 149 151 225 178 26 60 134 223 186 158 195 232 150 216 39 188 187 206 243 250 72 247 84 209 57 148 124 249 184 82 154 142 252 96 10 238 213 113
11 196 3 22 17 114 97 29 15 221 227 24 177 137 122 253 5 28 204 37 168 2 187 231 130 214 1 176 4 52 68 13 173 209 107 25 8 224 0 182 32 226 27 20 193 65 59 6 63 201 203 205 85 14 19 58 229 159 38 102 41 191 108 42 56 36 202 127 133 71 179 197 207 95 255 199 248 30 251 73 31 115 47 109 44 123 185 220 78 35 43 164 183 129 118 128 83 55 218 80 165 49 101 18 135 143 34 116 117 40 186 228 82 89 110 208 54 181 74 180 77 198 211 33 9 239 105 152 192 23 155 16 171 156 242 64 81 86 240 87 48 75 174 235 212 46 62 146 254 53 121 67 167 234 88 61 111 169 104 79 106 172 51 69 70 91 158 236 237 233 92 215 45 222 132 100 7 194 170 200 157 50 160 98 12 90 120 145 163 66 136 219 241 21 140 94 138 246 119 230 93 217 161 126 210 103 141 139 162 76 112 189 153 244 147 175 144 99 149 151 225 178 26 60 134 223 131 166 195 232 150 216 39 188 245 206 243 250 72 247 84 190 57 148 125 249 184 124 154 142 252 96 10 238 213 113
11 196 3 22 17 114 97 29 15 221 227 24 177 137 122 253 5 28 204 37 168 2 187 231 130 214 1 176 4 52 68 13 173 209 107 25 8 224 0 182 32 226 27 20 193 65 59 6 63 201 203 205 85 14 19 58 229 159 38 102 41 191 108 42 56 36 202 127 133 71 179 197 207 95 255 199 248 30 251 73 31 115 47 109 44 123 185 220 78 35 43 164 183 129 118 128 83 55 218 80 165 49 101 18 135 143 34 116 117 40 186 228 82 89 110 208 54 181 74 180 77 198 211 33 9 239 105 152 192 23 155 16 171 156 242 64 81 195 240 87 48 75 174 235 212 46 62 146 254 53 121 67 167 234 88 61 111 169 104 79 106 172 51 69 70 91 158 236 237 233 92 215 45 222 132 100 7 194 170 200 157 50 160 98 12 90 120 145 163 66 136 219 241 21 140 94 138 246 119 230 93 217 161 126 210 103 141 139 162 76 112 189 153 244 147 175 144 99 149 151 225 178 26 60 134 223 131 166 86 232 150 216 39 188 245 206 243 250 72 247 84 190 57 148 125 249 184 124 154 142 252 96 10 238 213 113
11 196 3 22 17 114 97 29 15 221 227 24 177 137 122 253 5 28 204 99 168 2 201 231 130 214 1 176 4 52 172 13 173 125 107 25 8 224 37 182 32 226 27 20 193 65 59 6 63 245 203 205 85 14 19 58 229 159 38 102 88 191 108 42 56 206 202 127 133 71 179 197 207 95 255 174 246 30 251 73 31 115 47 109 44 18 185 220 78 35 43 164 183 110 118 128 83 55 218 80 165 49 101 68 135 143 235 116 117 40 129 228 123 89 41 208 54 181 74 180 77 237 211 33 9 239 105 152 192 23 155 16 171 156 242 64 81 86 240 87 48 75 199 92 212 46 62 146 254 53 121 67 167 234 82 61 111 169 104 79 106 166 51 69 70 91 131 236 198 233 34 215 45 222 132 100 7 194 170 200 157 144 160 98 12 90 120 145 163 66 136 124 241 21 140 94 138 248 119 230 93 217 161 126 210 103 141 139 162 209 112 189 153 244 147 175 50 0 149 151 225 178 26 60 134 223 186 158 195 10 150 216 39 188 187 36 243 250 72 247 84 190 57 148 219 249 184 76 154 142 252 96 232 238 213 113
11 196 3 22 17 114 97 29 15 221 227 24 177 137 122 253 5 28 204 172 168 2 153 231 130 214 186 176 4 52 68 13 173 125 107 25 8 224 37 182 32 226 27 20 193 65 59 6 63 201 203 205 85 14 19 58 229 159 38 102 41 191 108 42 56 36 202 127 133 71 179 197 207 95 255 199 248 30 251 73 31 115 47 109 44 123 185 220 78 35 43 164 183 1 118 128 83 55 218 80 165 49 101 18 135 143 235 116 117 40 129 228 82 89 209 208 54 181 74 180 77 198 211 33 9 151 105 152 192 23 155 16 171 156 242 64 81 86 240 87 48 75 174 34 212 46 62 146 254 53 121 67 167 234 88 61 111 169 104 79 106 0 51 69 70 91 158 236 237 233 92 215 45 222 132 100 7 194 170 200 157 50 160 98 12 90 120 145 163 66 136 219 241 21 140 94 138 246 119 230 93 217 161 126 210 103 141 139 162 76 112 189 245 244 147 175 144 99 149 239 225 178 26 60 134 223 131 166 195 232 150 216 39 188 187 206 243 250 72 247 84 190 57 148 110 249 184 124 154 142 252 96 10 238 213 113
11 196 3 22 17 114 97 29 15 221 227 24 177 137 122 253 5 28 204 172 168 2 153 231 130 214 186 176 4 52 68 13 173 125 107 25 8 224 37 182 32 226 27 20 193 65 59 6 63 201 203 205 85 14 19 58 229 159 38 102 41 191 108 42 56 36 202 178 133 71 179 197 207 95 255 199 248 30 251 73 31 115 47 109 44 123 185 220 78 35 43 164 183 1 118 128 83 55 218 80 165 49 101 18 135 143 235 116 117 40 129 228 82 89 209 208 54 181 74 180 77 198 211 33 9 151 105 152 192 23 155 16 171 156 242 64 81 86 240 87 48 75 174 34 212 46 62 146 254 53 121 67 167 234 88 61 111 169 104 79 106 0 51 69 70 91 158 236 237 233 92 215 45 222 132 100 7 194 170 200 157 50 160 98 12 90 120 145 163 66 136 219 241 21 140 94 138 246 119 230 93 217 161 126 210 103 141 139 162 76 112 189 245 244 147 175 144 99 149 239 225 127 26 60 134 223 131 166 195 232 150 216 39 188 187 206 243 250 72 247 84 190 57 148 110 249 184 124 154 142 252 96 10 238 213 113
11 196 3 22 17 114 97 29 15 221 227 24 177 137 122 253 5 28 204 172 168 2 201 231 130 214 186 176 4 52 68 13 173 125 107 25 8 224 37 182 32 226 27 20 193 65 59 6 63 245 203 205 85 14 19 58 229 159 38 102 41 191 108 42 56 36 202 127 133 71 179 197 207 95 255 199 248 30 251 73 31 115 47 109 44 123 185 220 78 35 43 164 183 1 118 128 83 55 218 80 165 49 101 18 135 143 235 116 117 40 129 228 82 89 110 208 54 181 74 180 77 198 211 33 9 151 105 152 192 23 155 16 171 156 242 64 81 86 240 87 48 75 174 34 212 46 62 146 254 53 121 67 167 234 88 61 111 169 104 79 106 0 51 69 70 91 158 236 237 233 92 215 45 222 132 100 7 194 170 200 157 50 160 98 12 90 120 145 163 66 136 219 241 21 140 94 138 246 119 230 93 217 161 126 210 76 141 139 162 103 112 189 153 244 147 175 144 99 149 239 225 178 26 60 134 223 131 166 195 232 150 216 39 188 187 206 243 250 72 247 84 190 57 148 209 249 184 124 154 142 252 96 10 238 213 113
11 196 3 22 17 114 97 29 15 221 227 24 177 137 122 253 5 28 204 172 168 2 245 231 130 214 186 176 4 52 68 13 173 125 107 25 8 224 37 182 32 226 27 20 193 65 59 6 63 201 203 205 85 14 19 58 229 159 38 102 41 191 108 42 56 36 202 127 133 71 179 197 207 95 255 199 248 30 251 73 31 115 47 109 44 123 185 220 78 35 43 164 183 1 118 128 83 55 218 80 165 49 101 18 135 143 235 116 117 40 129 228 82 89 110 208 54 181 74 180 77 198 211 33 9 151 105 152 192 23 155 16 171 156 242 64 81 86 240 87 48 75 174 34 212 46 62 146 254 53 121 67 167 234 88 61 111 169 104 79 106 0 51 69 70 91 158 236 237 233 92 215 45 222 132 100 7 194 170 200 157 50 160 98 12 90 120 145 163 66 136 219 241 21 140 94 138 246 119 230 93 217 161 126 210 103 141 139 162 76 112 189 153 244 147 175 144 99 149 239 225 178 26 60 134 223 131 166 195 232 150 216 39 188 187 206 243 250 72 247 84 190 57 148 209 249 184 124 154 142 252 96 10 238 213 113
11 196 3 22 17 114 97 29 15 221 227 24 177 137 122 253 5 248 204 0 168 2 201 231 130 214 1 176 4 52 68 13 173 125 107 25 8 224 37 182 32 226 27 20 193 65 59 6 63 245 203 205 85 14 19 58 229 159 38 102 41 191 108 42 56 36 202 127 133 71 179 197 207 95 255 199 28 30 251 73 31 115 47 109 44 123 185 220 78 35 43 164 183 129 118 128 83 55 218 80 165 49 101 18 135 143 235 116 117 40 186 228 82 89 110 208 54 181 74 180 254 198 211 33 9 239 105 152 192 23 155 16 171 156 242 64 81 86 240 87 48 75 174 34 212 46 62 146 77 53 121 151 167 234 88 61 111 169 104 79 106 172 166 69 70 91 158 236 237 233 92 215 45 222 132 100 7 194 170 200 243 50 160 98 12 90 120 145 163 66 136 219 241 21 140 94 138 246 119 230 93 217 161 126 210 103 141 139 162 76 112 189 153 244 147 175 144 99 149 67 225 178 26 60 134 223 131 51 195 232 150 216 39 188 187 206 157 250 72 247 84 190 57 148 209 249 184 124 154 142 252 96 10 238 213 113
11 196 3 22 17 114 97 29 15 221 227 24 177 137 122 253 25 28 204 0 168 2 151 231 130 214 88 176 4 52 68 13 173 209 107 5 93 224 37 182 32 226 27 20 193 65 59 6 63 245 203 205 85 14 19 58 229 159 38 102 41 191 108 42 56 36 202 127 133 71 179 197 207 95 255 199 248 30 251 73 31 115 47 109 44 123 185 220 78 35 43 164 166 129 118 128 83 55 218 80 165 49 101 18 135 143 235 116 117 40 186 228 82 89 110 208 54 181 74 180 77 198 211 33 9 239 105 152 192 23 155 16 171 156 242 64 81 86 240 87 200 75 174 34 212 46 62 146 254 53 121 67 167 234 1 61 111 169 104 79 106 172 51 69 70 91 158 236 237 233 92 215 45 222 132 100 7 194 170 48 157 50 160 98 12 90 120 145 163 66 136 219 241 21 140 94 138 246 119 230 8 217 161 126 210 76 141 139 162 103 112 189 153 244 147 175 144 99 149 201 225 178 26 60 134 223 131 183 195 232 150 216 39 188 187 206 243 250 72 247 84 190 57 148 154 249 184 124 125 142 252 96 10 238 213 113
11 196 3 22 17 114 97 29 15 221 227 24 177 138 122 253 5 28 204 0 168 2 151 231 130 214 1 176 4 52 68 13 173 209 107 25 8 224 37 182 32 226 27 20 193 65 59 6 63 245 203 205 85 14 19 58 229 159 38 102 41 191 108 42 56 36 202 127 133 71 179 197 207 95 255 199 248 30 251 73 31 115 47 109 44 123 185 220 78 35 43 164 183 129 118 128 83 55 218 80 165 49 101 18 135 143 235 116 117 40 186 228 82 89 110 208 54 181 74 180 77 156 211 33 9 239 105 152 192 23 155 16 171 219 242 64 81 86 240 87 48 75 174 34 212 46 62 146 254 53 121 67 167 234 88 61 111 169 104 79 106 172 51 69 70 91 158 236 237 233 92 215 45 222 132 100 7 194 170 200 157 50 160 98 12 90 120 145 163 66 136 198 241 21 140 94 137 246 119 230 93 217 126 161 210 103 141 139 162 76 112 189 153 244 147 175 144 99 149 201 225 178 26 60 134 223 131 166 195 232 150 216 39 188 187 206 243 250 72 247 84 190 57 148 125 249 184 124 154 142 252 96 10 238 213 113
11 196 3 22 17 114 97 29 15 221 227 24 177 138 122 253 5 28 204 0 168 2 151 231 130 214 1 176 4 52 68 13 173 209 107 25 8 224 37 182 32 226 27 20 193 65 59 6 63 245 203 205 85 14 19 58 229 159 38 102 41 191 108 42 56 36 202 127 133 71 179 197 207 95 255 199 248 30 251 73 31 115 47 109 44 123 185 220 211 35 43 164 183 129 118 128 83 55 218 80 165 49 101 18 135 143 235 116 117 40 186 228 82 89 110 208 54 181 74 180 77 156 78 33 9 239 105 152 192 23 155 16 171 219 242 64 81 86 240 87 48 75 174 34 212 46 62 146 254 53 121 67 167 234 88 61 111 169 104 79 106 172 51 69 70 91 158 236 237 233 92 215 45 222 132 100 7 194 170 200 157 50 160 98 12 90 120 145 163 66 136 198 241 21 140 94 137 246 119 230 93 217 126 161 210 103 141 139 162 76 112 189 153 244 147 175 144 99 149 201 225 178 26 60 134 223 131 166 195 232 150 216 39 188 187 206 243 250 72 247 84 190 57 148 125 249 184 124 154 142 252 96 10 238 213 113
11 196 3 22 17 114 97 29 15 221 227 24 177 138 122 253 5 28 204 0 168 2 151 231 130 214 129 176 4 52 68 13 173 209 107 25 8 224 37 182 32 226 27 20 193 65 59 6 63 245 203 205 85 14 19 190 229 159 38 102 41 191 108 42 56 36 202 127 133 71 179 197 207 95 255 199 248 30 251 73 31 115 47 109 44 123 185 220 78 35 43 164 183 1 118 128 83 55 218 80 165 49 101 18 135 143 235 116 117 40 186 228 82 89 110 208 54 181 74 180 77 198 211 33 9 239 105 152 192 23 155 16 171 156 242 64 81 86 240 87 48 75 174 34 212 46 62 146 254 53 121 67 167 234 88 61 111 169 104 79 106 172 184 69 70 91 158 236 237 233 92 215 45 222 132 100 7 194 170 200 157 50 160 98 12 90 120 145 163 66 136 219 241 21 140 94 137 246 119 230 93 217 161 126 210 103 141 139 162 76 112 189 153 244 147 175 144 99 149 201 225 178 26 60 134 223 131 166 195 232 150 216 39 188 187 206 243 250 72 247 84 58 57 148 125 249 51 124 154 142 252 96 10 238 213 113
11 196 3 22 17 114 97 29 15 221 227 24 177 138 122 253 5 28 204 0 168 2 151 231 130 214 131 176 4 52 68 13 173 125 107 180 8 224 37 182 32 226 27 20 193 65 59 6 63 245 203 205 85 14 19 58 229 159 38 102 41 191 108 42 56 36 202 127 133 71 179 197 207 95 255 199 248 30 251 73 31 115 47 109 44 123 185 220 78 35 43 164 183 1 118 128 83 55 160 80 165 49 101 18 135 143 235 116 117 40 129 228 82 89 110 208 54 181 74 25 77 198 211 33 9 239 105 152 192 23 155 16 171 156 242 64 81 86 240 87 48 75 174 34 212 46 62 146 254 53 121 67 167 234 88 61 111 169 104 79 106 172 51 69 70 91 158 236 237 233 92 215 45 222 132 100 7 194 170 200 157 50 218 98 12 90 120 145 163 66 136 219 241 21 140 94 137 246 119 230 93 217 161 126 210 76 141 139 162 103 112 189 153 244 147 175 144 99 149 201 225 178 26 60 134 223 186 166 195 232 150 216 39 188 187 206 243 250 72 247 84 190 57 148 209 249 184 124 154 142 252 96 10 238 213 113
11 196 3 22 17 114 97 29 15 221 227 24 177 138 122 253 5 28 204 0 168 2 151 231 130 214 229 176 4 52 68 13 173 209 107 25 8 224 37 182 32 226 27 20 193 65 59 6 63 245 203 205 85 14 19 58 1 159 38 102 41 191 108 42 56 36 202 127 133 71 179 197 207 95 255 199 248 30 251 73 31 115 47 109 44 123 185 220 211 35 43 164 183 129 118 128 83 55 218 80 165 49 101 18 135 143 235 116 117 40 186 228 82 89 110 208 54 181 74 180 77 156 78 33 9 239 105 152 192 23 155 16 171 219 242 64 81 86 240 87 48 75 174 34 212 46 62 146 254 53 121 67 167 234 88 61 111 169 104 79 106 172 51 69 70 91 158 236 237 233 92 215 45 222 132 100 7 194 170 200 157 50 160 98 12 90 120 145 163 66 136 198 241 21 140 94 137 246 119 230 93 217 126 161 210 103 141 139 162 76 112 189 153 244 147 175 144 99 149 201 225 178 26 60 134 223 131 166 195 232 150 216 39 188 187 206 243 250 72 247 84 190 57 148 125 249 184 124 154 142 252 96 10 238 213 113
11 196 3 22 17 114 97 29 15 221 227 24 177 167 122 253 5 28 204 0 168 2 201 231 130 214 1 176 4 52 172 13 173 125 107 25 8 224 37 182 32 226 27 20 193 65 59 6 63 245 203 205 85 14 19 58 76 159 38 102 41 191 108 42 56 36 202 127 133 71 179 197 207 95 255 199 248 136 251 73 31 115 89 109 44 123 185 220 216 35 43 164 183 18 118 128 83 55 218 80 165 49 101 116 135 143 235 78 117 40 129 228 229 47 209 208 54 181 74 180 77 198 99 33 9 239 105 152 192 23 155 16 171 156 242 64 103 86 240 87 48 75 88 34 212 46 62 146 254 53 121 68 137 234 174 61 111 169 104 79 106 166 51 69 70 91 131 236 237 233 92 215 45 222 132 100 7 194 170 200 157 50 160 98 12 90 120 145 163 66 30 219 241 21 140 94 138 246 119 230 93 217 161 126 210 124 141 139 162 110 112 189 153 244 147 175 144 211 149 151 225 178 26 60 134 223 186 158 195 232 150 67 39 188 187 206 243 250 72 247 84 190 57 148 81 249 184 82 154 142 252 96 10 238 213 113
11 196 3 22 17 114 97 29 15 221 227 24 177 167 122 253 5 28 204 0 168 2 201 231 130 214 1 176 4 52 172 13 173 125 107 25 8 224 37 182 32 226 27 20 193 65 59 6 63 245 203 205 85 14 19 58 76 159 88 102 41 191 108 42 56 36 202 127 133 71 179 197 207 95 255 199 248 136 251 73 31 115 89 109 44 123 185 220 216 35 43 164 183 18 118 128 83 55 218 80 165 49 101 116 135 143 235 78 117 40 129 228 229 47 209 208 54 181 74 180 77 198 99 33 9 239 105 152 192 23 155 16 171 156 242 64 103 86 240 87 48 75 38 34 212 46 62 146 254 53 121 68 137 234 174 61 111 169 104 79 106 166 51 69 70 91 131 236 237 233 92 215 45 222 132 100 7 194 170 200 157 50 160 98 12 90 120 145 163 66 30 219 241 21 140 94 138 246 119 230 93 217 161 126 210 124 141 139 162 110 112 189 153 244 147 175 144 211 149 151 225 178 26 60 134 223 186 158 195 232 150 67 39 188 187 206 243 250 72 247 84 190 57 148 81 249 184 82 154 142 252 96 10 238 213 113
11 196 3 22 17 114 97 29 15 221 227 24 177 167 122 253 5 28 204 0 168 2 201 231 130 214 1 176 4 52 172 13 173 125 107 25 8 224 37 182 32 226 27 20 193 65 59 6 63 245 203 205 85 14 19 58 76 159 88 102 41 191 108 42 56 36 202 127 133 71 252 197 207 95 255 199 248 136 251 73 31 115 89 109 44 123 185 220 216 35 43 164 183 18 118 128 83 55 218 80 165 49 101 116 135 143 235 78 117 40 129 228 229 47 209 208 54 181 74 180 77 198 99 33 9 239 105 152 192 23 155 16 171 156 242 64 103 86 240 87 48 75 38 34 212 46 62 146 254 53 121 68 137 234 174 61 111 169 104 79 106 166 51 69 70 91 131 236 237 233 92 215 45 222 132 100 7 194 170 200 157 50 160 98 12 90 120 145 163 66 30 219 241 21 140 94 138 246 119 230 93 217 161 126 210 124 141 139 162 110 112 189 153 244 147 175 144 211 149 151 225 178 26 60 134 223 186 158 195 232 150 67 39 188 187 206 243 250 72 247 84 190 57 148 81 249 184 82 154 142 179 96 10 238 213 113
11 196 3 22 17 114 97 29 15 221 227 24 177 167 122 253 5 28 204 0 168 2 201 231 219 214 1 176 4 52 172 13 173 125 107 25 8 224 37 182 32 226 27 20 193 65 59 6 63 245 203 205 85 14 19 58 76 159 88 102 41 191 108 42 56 36 202 127 133 71 252 197 207 95 255 199 248 136 251 73 31 115 89 109 44 123 185 220 216 35 43 164 183 18 118 128 83 55 218 80 165 49 101 116 135 143 235 78 117 40 129 228 229 47 209 208 54 181 74 180 77 198 99 33 9 239 105 152 192 23 155 16 171 156 242 64 103 86 240 87 48 75 38 34 212 46 62 146 254 53 121 68 137 234 174 61 111 169 104 79 106 166 51 69 70 91 131 236 237 233 92 215 45 222 132 100 7 194 170 200 157 50 160 98 12 90 120 145 163 66 30 130 241 21 140 94 138 246 119 230 93 217 161 126 210 124 141 139 162 110 112 189 153 244 147 175 144 211 149 151 225 178 26 60 134 223 186 158 195 232 150 67 39 188 187 206 243 250 72 247 84 190 57 148 81 249 184 82 154 142 179 96 10 238 213 113
11 196 3 22 17 114 97 29 15 221 227 24 177 209 122 253 5 28 204 0 168 2 201 231 130 214 186 176 4 52 68 13 173 125 107 25 8 224 37 182 32 226 27 20 193 65 59 6 63 245 203 205 85 14 19 58 229 159 38 102 41 191 108 42 56 36 202 127 133 71 179 197 207 95 255 199 248 30 251 73 31 115 47 109 44 123 185 220 78 35 43 164 183 1 118 128 83 55 218 80 165 49 101 18 135 143 235 116 117 40 129 228 82 89 110 208 54 181 74 180 77 198 211 33 9 239 105 152 192 23 155 16 171 156 242 64 103 86 240 87 48 75 174 34 212 46 62 146 254 53 121 67 167 234 88 61 111 169 104 137 106 172 51 69 70 91 158 236 237 233 92 215 45 222 132 100 7 194 170 200 157 50 160 98 12 90 120 145 163 66 136 219 241 21 140 94 138 246 119 230 93 217 161 126 210 76 141 139 162 81 112 189 153 244 147 175 144 99 149 151 225 178 26 60 134 223 131 166 195 232 150 216 39 188 187 206 243 250 72 247 84 190 57 148 79 249 184 124 154 142 252 96 10 238 213 113
11 196 3 22 17 114 97 29 15 221 227 24 177 224 122 253 5 28 204 0 168 147 151 231 130 41 1 176 4 52 68 13 173 209 107 25 8 76 37 182 32 226 27 20 245 65 59 6 63 193 203 205 85 14 19 58 229 159 38 102 214 191 108 42 56 47 202 127 133 71 179 197 207 95 255 199 248 129 251 73 31 115 155 109 44 123 185 220 78 35 43 164 183 30 118 128 83 55 218 80 165 49 101 18 135 143 235 242 117 40 186 228 82 89 110 208 54 181 74 180 77 198 211 33 9 239 105 152 192 23 36 16 171 156 126 64 81 86 240 87 223 75 174 34 212 46 62 146 254 53 121 67 167 234 88 61 111 169 104 79 106 172 51 69 70 91 125 236 237 233 92 215 45 222 132 100 7 194 170 200 157 50 160 98 12 90 120 145 163 66 136 219 241 21 140 94 138 246 119 230 93 217 161 116 210 103 141 139 162 137 112 189 153 244 2 175 144 99 149 201 225 178 26 60 134 48 131 166 195 232 150 216 39 188 187 206 243 250 72 247 84 190 57 148 158 249 184 124 154 142 252 96 10 238 213 113
11 196 3 22 17 114 97 29 15 221 227 24 177 224 122 253 5 28 204 0 168 147 151 231 130 214 1 176 4 52 68 13 173 209 107 25 8 76 37 182 32 226 27 20 245 65 59 6 63 193 203 205 85 14 19 58 229 159 38 102 41 191 108 42 56 47 202 127 133 71 179 197 207 95 255 199 248 129 251 73 31 115 155 109 44 123 185 220 78 35 43 164 183 30 118 128 83 55 218 80 165 49 101 18 135 143 235 242 117 40 186 228 82 89 110 208 54 181 74 180 77 198 211 33 9 239 105 152 192 23 36 16 171 156 126 64 81 86 240 87 223 75 174 34 212 46 62 146 254 53 121 67 167 234 88 61 111 169 104 79 106 172 51 69 70 91 125 236 237 233 92 215 45 222 132 100 7 194 170 200 157 50 160 98 12 90 120 145 163 66 136 219 241 21 140 94 138 246 119 230 93 217 161 116 210 103 141 139 162 137 112 189 153 244 2 175 144 99 149 201 225 178 26 60 134 48 131 166 195 232 150 216 39 188 187 206 243 250 72 247 84 190 57 148 158 249 184 124 154 142 252 96 10 238 213 113
11 196 3 22 17 114 97 29 15 221 227 123 177 137 122 253 5 28 204 0 168 2 151 231 130 214 1 176 4 52 68 13 173 125 107 25 8 224 37 182 32 226 27 20 193 65 59 6 63 245 203 205 85 14 19 58 229 159 38 102 41 191 108 42 56 166 202 127 133 71 179 197 207 95 255 199 248 30 251 73 31 115 47 109 44 24 185 220 78 35 43 164 183 129 118 128 83 55 218 80 165 49 101 18 135 143 235 116 117 40 186 228 82 89 110 208 54 181 74 180 77 198 211 33 9 239 105 152 192 23 155 16 171 156 242 64 81 86 240 87 48 75 174 34 212 46 62 146 254 53 121 67 167 234 88 61 111 169 104 79 106 172 51 69 70 91 158 236 237 233 92 215 45 222 132 100 7 194 170 200 157 50 160 98 12 90 120 145 163 66 136 219 241 21 140 94 138 246 119 230 93 217 161 126 210 103 141 139 162 76 112 189 153 244 147 175 144 99 149 201 225 178 26 60 134 223 131 36 195 232 150 216 39 188 187 206 243 250 72 247 84 190 57 148 209 249 184 124 154 142 252 96 10 238 213 113
11 196 3 22 17 114 97 29 15 221 227 123 177 137 122 253 5 28 204 0 168 2 201 231 130 214 1 251 4 52 68 13 173 125 107 25 8 224 37 182 32 226 27 20 193 65 59 6 63 245 203 205 85 14 19 58 229 159 38 102 41 191 108 42 56 36 202 127 133 71 179 197 207 95 255 199 248 30 176 73 31 115 47 109 44 24 185 220 78 35 124 164 183 129 118 128 83 55 218 80 165 49 101 18 135 143 235 116 117 40 186 228 82 89 110 208 54 181 74 180 77 198 211 33 9 239 105 152 192 23 155 16 171 156 242 64 81 86 240 87 48 75 174 34 212 46 62 146 254 53 121 67 167 234 88 61 111 169 104 79 106 172 51 69 70 91 158 236 237 233 92 215 45 222 132 100 7 194 170 200 157 50 160 98 103 90 120 145 163 66 136 219 241 21 140 94 138 246 119 230 93 217 161 126 210 12 141 139 162 76 112 189 153 244 147 175 144 99 149 151 225 178 26 60 134 223 131 166 195 232 150 216 39 188 187 206 243 250 72 247 84 190 57 148 209 249 184 43 154 142 252 96 10 238 213 113
11 196 3 22 17 114 97 29 15 221 227 123 177 137 122 253 5 28 204 0 168 2 201 231 130 214 1 251 4 75 68 13 173 125 107 25 8 224 37 182 32 226 27 20 193 65 59 6 63 245 203 205 85 14 19 58 229 159 38 102 41 191 108 42 56 36 202 127 133 71 179 197 207 95 255 199 248 30 176 73 31 115 47 109 44 24 185 220 78 35 124 164 183 129 118 128 83 55 218 80 165 49 101 18 135 143 235 116 117 40 186 228 82 89 110 208 54 181 74 180 77 198 211 33 9 239 105 152 192 23 155 16 171 156 242 64 81 86 240 87 48 52 174 34 212 46 62 146 254 53 121 67 167 234 88 61 111 169 104 79 106 172 51 69 70 91 158 236 237 233 92 215 45 222 132 100 7 194 170 200 157 50 160 98 103 90 120 145 163 66 136 219 241 21 140 94 138 246 119 230 93 217 161 126 210 12 141 139 162 76 112 189 153 244 147 175 144 99 149 151 225 178 26 60 134 223 131 166 195 232 150 216 39 188 187 206 243 250 72 247 84 190 57 148 209 249 184 43 154 142 252 96 10 238 213 113
11 196 3 22 17 114 97 29 15 221 235 24 177 137 122 253 5 28 204 0 168 2 151 231 130 190 1 176 4 52 68 13 173 209 186 25 8 224 245 182 32 226 27 36 193 65 59 6 63 37 203 205 85 14 19 58 229 159 38 102 41 191 108 42 56 20 202 127 133 71 48 197 207 95 255 192 248 30 251 73 31 115 47 183 44 123 185 220 78 35 43 164 109 129 118 128 83 55 218 80 165 49 101 18 135 143 34 116 117 40 107 228 82 89 110 208 54 181 74 180 77 198 211 33 9 239 105 152 199 23 155 16 171 156 242 64 81 86 240 87 179 75 174 227 212 46 62 146 254 53 121 67 167 234 88 61 111 169 104 79 106 172 51 69 70 91 158 236 237 233 92 215 45 222 132 100 7 194 170 200 157 50 160 98 12 90 120 145 163 66 136 219 241 21 140 94 138 246 119 230 93 217 161 126 210 103 141 139 162 76 112 189 153 244 147 175 144 99 149 201 225 178 26 60 134 223 131 166 195 232 150 216 39 188 187 206 243 250 72 247 84 214 57 148 125 249 184 124 154 142 252 96 10 238 213 113
11 196 3 22 17 114 97 29 15 221 235 24 177 137 122 253 5 28 204 0 168 2 151 231 130 190 1 176 4 52 68 13 173 209 186 25 8 224 245 182 32 226 27 36 193 65 59 6 63 37 203 205 85 14 19 58 229 159 38 102 41 191 108 42 56 20 202 127 133 71 48 197 207 95 255 192 248 30 251 73 31 115 47 183 44 123 185 220 78 35 43 164 109 129 118 128 83 55 218 80 165 49 101 18 135 143 34 116 117 40 107 228 82 89 110 208 54 181 74 180 77 198 211 33 9 239 105 152 199 23 155 16 233 156 242 64 81 86 240 87 179 75 174 227 212 46 62 146 254 53 121 67 167 234 88 61 111 169 104 79 106 172 51 69 70 91 158 236 237 171 92 215 45 222 132 100 7 194 170 200 157 50 160 98 12 90 120 145 163 66 136 219 241 21 140 94 138 246 119 230 93 217 161 126 210 103 141 139 162 76 112 189 153 244 147 175 144 99 149 201 225 178 26 60 134 223 131 166 195 232 150 216 39 188 187 206 243 250 72 247 84 214 57 148 125 249 184 124 154 142 252 96 10 238 213 113
11 196 3 22 17 114 97 29 15 221 235 24 177 137 122 253 5 28 204 0 168 2 151 231 130 190 1 176 4 52 68 13 173 209 186 25 8 224 245 182 32 226 27 36 193 65 59 6 63 37 203 205 85 14 19 58 229 159 38 102 41 191 108 42 56 20 202 127 133 71 179 197 207 95 255 192 248 30 251 73 31 115 47 183 44 123 185 220 78 35 43 164 109 129 118 128 83 55 218 80 165 49 101 18 135 143 34 116 117 40 107 228 82 89 110 208 54 181 74 180 77 198 211 33 9 239 105 152 199 23 155 16 171 156 242 64 81 86 240 87 48 75 174 227 212 46 62 146 254 53 121 67 167 234 88 61 111 169 104 79 106 172 51 69 70 91 158 236 237 233 92 215 45 222 132 100 7 194 170 200 157 50 160 98 12 90 120 145 163 66 136 219 241 21 140 94 138 246 119 230 93 217 161 126 210 103 141 139 162 76 112 189 153 244 147 175 144 99 149 201 225 178 26 60 134 223 131 166 195 232 150 216 39 188 187 206 243 250 72 247 84 214 57 148 125 249 184 124 154 142 252 96 10 238 213 113
11 196 3 22 17 114 97 29 15 221 241 24 177 137 122 253 5 28 204 0 168 2 201 231 130 214 79 176 4 129 68 13 173 125 107 25 8 224 37 182 32 226 27 20 193 65 59 6 63 245 203 205 85 14 19 58 229 159 38 102 41 191 108 42 56 36 202 127 133 71 179 197 207 109 255 199 248 30 251 73 31 115 47 95 43 123 185 220 78 35 44 164 183 1 118 128 83 55 218 80 165 49 101 18 135 131 235 116 117 40 143 228 82 89 110 208 54 181 74 180 77 198 211 33 9 239 105 152 192 23 155 16 103 156 242 64 81 86 240 87 48 75 174 34 212 46 62 146 254 53 121 67 113 234 88 61 111 169 104 52 106 172 51 69 70 91 158 236 237 233 92 215 45 222 132 100 7 194 170 200 157 50 160 98 12 90 120 145 163 66 136 84 227 21 140 94 138 246 119 230 93 217 161 126 210 76 141 139 162 171 112 189 153 244 147 175 144 99 149 151 225 178 26 60 134 223 186 166 195 232 150 216 39 188 187 206 243 250 72 247 219 190 57 148 209 249 184 124 154 142 252 96 10 238 213 167
11 196 3 22 17 114 97 29 15 224 227 24 177 137 122 253 5 28 204 0 168 144 201 231 130 143 1 176 4 52 172 13 173 125 107 25 8 221 37 182 32 226 27 20 193 65 48 6 63 245 203 205 85 14 19 136 229 159 95 102 41 191 108 42 56 36 202 127 133 71 179 197 207 38 255 199 248 150 251 73 31 115 47 109 44 123 185 220 78 35 43 164 183 18 118 128 83 55 218 80 165 49 101 119 135 214 235 116 117 40 129 228 82 89 110 208 54 88 74 180 77 198 91 33 9 239 105 152 192 23 155 16 171 156 242 64 103 86 240 87 59 75 174 34 212 46 67 146 254 53 121 62 167 234 181 61 111 169 104 79 106 166 51 69 70 211 131 236 237 233 92 215 45 222 132 100 7 194 170 200 157 50 160 98 12 90 120 145 163 66 58 219 241 21 140 94 138 246 68 230 93 217 161 126 210 124 141 139 162 209 112 189 153 244 147 175 2 99 149 151 225 178 26 60 134 223 186 158 195 232 30 216 39 188 187 206 243 250 72 247 84 190 57 148 81 249 184 76 154 142 252 96 10 238 213 113
11 196 3 22 17 114 97 29 15 224 227 24 177 137 122 253 5 28 204 0 168 144 201 231 130 143 1 176 4 52 172 13 173 125 107 25 8 221 37 182 32 226 27 20 193 65 48 6 63 245 203 205 85 14 19 136 229 159 95 102 41 191 108 42 56 36 202 127 133 88 179 197 207 38 255 199 248 150 251 73 31 115 47 109 44 123 185 220 78 35 43 164 183 18 118 128 83 55 218 80 165 49 101 119 135 214 235 116 117 40 129 228 82 89 110 208 54 71 74 180 77 198 91 33 9 239 105 152 192 23 155 16 171 156 242 64 103 86 240 87 59 75 174 34 212 46 67 146 254 53 121 62 167 234 181 61 111 169 104 79 106 166 51 69 70 211 131 236 237 233 92 215 45 222 132 100 7 194 170 200 157 50 160 98 12 90 120 145 163 66 58 219 241 21 140 94 138 246 68 230 93 217 161 126 210 124 141 139 162 209 112 189 153 244 147 175 2 99 149 151 225 178 26 60 134 223 186 158 195 232 30 216 39 188 187 206 243 250 72 247 84 190 57 148 81 249 184 76 154 142 252 96 10 238 213 113
11 196 3 22 17 114 97 29 15 224 227 24 177 137 122 253 5 28 204 0 168 144 201 231 130 214 1 176 4 52 172 13 173 125 107 25 8 221 37 182 32 226 27 20 193 65 48 6 63 245 203 205 85 14 19 136 229 159 95 102 41 191 108 42 56 36 202 127 133 71 179 197 207 38 255 199 248 150 251 73 31 115 47 109 44 123 185 220 78 35 43 164 183 18 118 128 83 55 218 80 165 49 101 119 135 143 235 116 117 40 129 228 82 89 110 208 54 88 74 180 77 198 91 33 9 239 105 152 192 23 155 16 171 156 242 64 103 86 240 87 59 75 174 34 212 46 67 146 254 53 121 62 167 234 181 61 111 169 104 79 106 166 51 69 70 211 131 236 237 233 92 215 45 222 132 100 7 194 170 200 157 50 160 98 12 90 120 145 163 66 58 219 241 21 140 94 138 246 68 230 93 217 161 126 210 124 141 139 162 209 112 189 153 244 147 175 2 99 149 151 225 178 26 60 134 223 186 158 195 232 30 216 39 188 187 206 243 250 72 247 84 190 57 148 81 249 184 76 154 142 252 96 10 238 213 113
11 196 3 22 17 114 97 29 15 224 227 24 177 137 122 253 5 28 204 0 168 144 201 231 130 214 1 176 4 52 172 13 173 125 107 25 8 221 37 182 32 226 27 20 193 65 59 6 63 245 203 205 85 14 19 136 229 159 95 102 41 191 108 42 56 36 202 127 133 71 179 197 207 38 255 199 248 150 251 73 31 115 47 109 44 123 185 220 78 35 43 164 183 18 118 128 83 55 218 80 165 49 101 119 135 143 235 116 117 40 129 228 82 89 110 208 54 88 74 180 77 198 91 33 9 239 105 152 192 23 155 16 171 156 242 64 103 86 240 87 48 75 174 34 212 46 67 146 254 53 121 62 167 234 181 61 111 169 104 79 106 166 51 69 70 211 131 236 237 233 92 215 45 222 132 100 7 194 170 200 157 50 160 98 12 90 120 145 163 66 58 219 241 21 140 94 138 246 68 230 93 217 161 126 210 81 141 139 162 209 112 189 153 244 147 175 2 99 149 151 225 178 26 60 134 223 186 158 195 232 30 216 39 188 187 206 243 250 72 247 84 190 57 148 124 249 184 76 154 142 252 96 10 238 213 113
11 196 3 22 17 114 97 29 15 224 227 24 177 137 122 253 5 28 204 0 168 144 201 231 130 214 1 176 4 52 172 13 173 125 107 25 8 221 37 182 32 226 27 20 193 65 59 6 63 245 203 205 85 14 19 136 229 159 95 102 41 191 108 42 56 36 202 127 133 71 179 197 207 38 255 199 248 150 251 73 31 115 47 109 44 123 185 220 78 35 43 164 183 18 118 128 83 55 218 80 165 49 101 119 135 143 235 116 117 40 129 228 82 89 110 208 54 88 74 180 77 198 91 33 9 239 105 152 192 23 155 16 171 156 242 64 103 86 240 87 48 75 174 34 212 46 67 146 254 53 121 62 167 234 181 61 111 169 104 79 106 166 51 69 70 211 131 236 237 233 92 215 45 222 132 100 7 194 170 200 157 50 160 98 12 90 120 145 163 66 58 219 241 21 140 94 138 246 68 230 93 217 161 126 210 124 141 139 162 209 112 189 153 244 147 175 2 99 149 151 225 178 26 60 134 223 186 158 195 232 30 216 39 188 187 206 243 250 72 247 84 190 57 148 81 249 184 76 154 142 252 96 10 238 213 113
11 196 3 22 17 114 97 29 37 221 227 24 177 137 102 253 5 28 204 0 168 2 201 231 130 214 1 176 4 52 68 13 173 209 107 25 93 224 15 182 32 226 27 20 193 65 59 6 63 245 203 205 85 14 19 171 229 159 38 122 41 191 108 42 56 36 202 127 133 71 142 197 207 95 255 199 248 30 251 73 31 115 123 109 44 47 185 220 78 35 116 164 183 129 118 128 83 55 218 94 165 49 101 18 135 143 235 43 117 40 186 228 82 89 110 208 54 181 74 180 77 198 211 33 9 239 105 152 192 23 155 16 175 156 242 64 81 86 240 87 48 75 174 34 212 46 62 146 254 53 121 67 167 234 88 61 111 169 104 79 106 172 51 69 70 91 158 236 237 233 92 215 45 222 132 100 7 194 170 200 157 50 160 98 12 90 120 145 163 66 136 219 241 21 140 247 138 246 119 230 8 217 161 126 210 103 141 139 162 76 112 189 153 244 147 58 144 99 149 243 225 178 26 60 134 223 131 166 195 232 150 216 39 188 187 206 151 250 72 80 84 190 57 148 125 249 184 124 154 179 252 96 10 238 213 113
11 196 3 22 17 114 97 29 37 221 227 24 177 137 102 253 5 28 204 0 168 2 201 231 130 214 1 176 4 52 68 13 173 209 107 25 93 224 15 182 32 226 27 20 193 65 59 6 63 245 203 205 85 14 47 171 229 159 38 122 41 191 108 42 56 36 202 127 133 71 142 197 207 95 255 199 248 30 251 73 31 115 123 109 44 19 185 220 78 35 116 164 183 129 118 128 83 55 218 94 165 49 101 18 135 143 235 43 117 40 186 228 82 89 110 208 54 181 74 180 77 198 211 33 9 239 105 152 192 23 155 16 175 156 242 64 81 86 240 87 48 75 174 34 212 46 62 146 254 53 121 67 167 234 88 61 111 169 104 79 106 172 51 69 70 91 158 236 237 233 92 215 45 222 132 100 7 194 170 200 157 50 160 98 12 90 120 145 163 66 136 219 241 21 140 247 138 246 119 230 8 217 161 126 210 103 141 139 162 76 112 189 153 244 147 58 144 99 149 243 225 178 26 60 134 223 131 166 195 232 150 216 39 188 187 206 151 250 72 80 84 190 57 148 125 249 184 124 154 179 252 96 10 238 213 113
11 196 3 22 17 114 97 29 37 221 227 24 177 137 102 253 5 28 204 0 168 2 201 231 130 214 1 176 4 52 68 13 173 209 107 25 93 224 15 182 32 226 27 20 193 65 59 6 63 245 203 205 85 14 47 171 229 159 38 122 41 191 108 42 56 36 202 127 133 71 142 197 207 95 255 199 248 30 251 73 31 115 123 109 44 19 185 220 208 35 116 164 183 129 118 128 83 55 218 94 165 49 101 18 135 143 235 43 117 40 186 228 82 89 110 78 54 181 74 180 77 198 211 33 9 239 105 152 192 23 155 16 175 156 242 64 81 86 240 87 48 75 174 34 212 46 62 146 254 53 121 67 167 234 88 61 111 169 104 79 106 172 51 69 70 91 158 236 237 233 92 215 45 222 132 100 7 194 170 200 157 50 160 98 12 90 120 145 163 66 136 219 241 21 140 247 138 246 119 230 8 217 161 126 210 103 141 139 162 76 112 189 153 244 147 58 144 99 149 243 225 178 26 60 134 223 131 166 195 232 150 216 39 188 187 206 151 250 72 80 84 190 57 148 125 249 184 124 154 179 252 96 10 238 213 113
11 196 3 22 17 114 97 29 37 221 227 24 177 137 122 253 5 28 204 0 168 2 201 231 130 214 1 176 4 52 68 13 173 209 107 25 8 224 15 182 32 226 27 20 193 65 59 6 63 245 125 205 85 14 19 58 229 159 38 102 41 191 108 42 56 36 202 127 133 71 179 197 207 95 255 199 248 30 251 73 31 115 47 109 44 123 185 220 78 35 43 164 183 129 118 128 83 33 218 80 165 49 101 18 135 143 235 116 117 40 212 228 82 89 110 208 54 181 74 180 77 198 211 147 9 239 105 152 192 23 155 16 171 156 242 64 81 86 240 87 48 75 174 34 186 46 62 146 254 53 121 67 167 234 88 61 111 169 104 79 106 172 51 69 70 91 158 236 237 96 92 215 45 222 132 100 7 194 170 200 157 50 160 98 12 90 120 145 163 66 136 219 241 21 140 94 138 246 119 230 93 217 161 126 210 103 141 139 162 76 112 189 153 244 55 175 144 99 149 151 225 178 26 60 134 223 131 166 195 232 150 216 39 188 187 206 243 250 72 247 84 190 57 148 203 249 184 124 154 142 252 233 10 238 213 113
11 196 3 22 17 114 97 29 37 221 227 24 177 137 122 253 5 28 204 0 168 2 201 231 130 214 1 176 4 52 68 13 173 209 107 25 8 224 15 182 32 226 27 20 193 65 59 6 63 245 125 205 85 14 19 58 229 159 38 102 41 191 108 42 56 36 202 127 133 71 179 197 207 95 255 199 248 30 251 73 31 115 47 109 44 123 185 220 78 35 43 164 183 129 118 128 83 147 218 80 165 49 101 18 135 143 235 116 117 40 212 228 82 89 110 208 54 181 74 180 77 198 211 33 9 239 105 152 192 23 155 16 171 156 242 64 81 86 240 87 48 75 174 34 186 46 62 146 254 53 121 67 167 234 88 61 111 169 104 79 106 172 51 69 70 91 158 236 237 96 92 215 45 222 132 100 7 194 170 200 157 50 160 98 12 90 120 145 166 66 136 219 241 21 140 94 138 246 119 230 93 217 161 126 210 103 141 139 162 76 112 189 153 244 55 175 144 99 149 151 225 178 26 60 134 223 131 163 195 232 150 216 39 188 187 206 243 250 72 247 84 190 57 148 203 249 184 124 154 142 252 233 10 238 213 113
11 196 3 22 17 114 97 29 37 221 227 24 177 137 122 253 5 28 204 0 168 2 201 231 130 214 1 176 4 52 68 13 173 209 107 25 8 224 15 182 32 226 27 20 193 65 59 6 63 245 125 205 85 14 19 58 229 159 38 102 41 191 108 42 56 36 202 127 133 71 179 197 207 95 255 199 248 30 251 73 31 115 47 109 44 123 185 220 78 35 43 164 183 129 118 128 83 147 218 80 165 49 101 18 135 143 235 116 117 40 212 228 82 89 110 208 54 181 74 180 77 198 211 33 9 239 105 152 192 23 155 16 171 156 242 64 81 86 240 87 48 75 174 34 186 46 62 146 254 53 121 67 167 234 88 61 111 169 104 79 106 172 51 69 70 91 158 236 237 96 92 215 45 222 132 100 7 194 170 200 157 50 160 98 12 90 120 145 166 139 136 219 241 21 140 94 138 246 119 230 93 217 161 126 210 103 141 66 162 76 112 189 153 244 55 175 144 99 149 151 225 178 26 60 134 223 131 163 195 232 150 216 39 188 187 206 243 250 72 247 84 190 57 148 203 249 184 124 154 142 252 233 10 238 213 113
11 196 3 22 17 114 97 29 37 221 227 24 177 137 122 253 5 28 204 0 168 2 201 231 130 214 1 176 4 52 68 13 173 209 107 25 8 224 15 182 32 226 27 20 193 65 59 6 63 245 125 205 85 14 19 58 229 159 38 102 41 191 108 42 56 36 202 127 133 71 179 197 207 95 255 199 248 30 251 73 31 115 47 109 44 123 185 220 78 35 43 164 183 129 118 128 83 147 218 80 165 55 101 18 135 143 235 116 117 40 186 228 82 89 110 208 54 181 74 180 77 198 211 33 9 239 105 152 192 23 155 171 16 156 148 64 81 86 240 87 48 75 174 34 212 46 62 146 254 53 121 67 167 234 88 61 111 169 104 79 106 172 51 69 70 91 158 236 237 96 92 215 45 222 132 100 7 194 170 200 157 50 160 98 12 90 120 145 163 66 136 219 241 21 140 94 138 246 119 230 93 217 161 126 210 103 141 139 162 76 112 189 153 244 49 175 144 99 149 151 225 178 26 60 134 223 131 166 195 232 150 216 39 188 187 206 243 250 72 247 84 190 57 242 203 249 184 124 154 142 252 233 10 238 213 113
11 196 3 22 17 114 97 29 37 221 227 24 177 137 122 253 5 28 204 0 168 2 201 231 130 214 1 176 4 52 68 13 173 209 107 25 8 224 169 182 32 226 27 186 193 65 59 6 63 245 203 205 85 14 19 58 229 159 38 102 41 191 108 42 56 36 247 127 133 71 179 197 207 95 255 199 248 30 251 73 31 115 47 92 44 123 185 220 78 35 43 164 183 129 118 188 147 55 218 80 165 49 101 18 135 143 235 116 117 40 20 228 167 89 110 208 54 181 74 180 77 198 211 33 9 239 105 152 192 23 155 16 171 156 242 64 81 86 240 87 48 75 174 34 212 46 62 146 254 53 121 67 250 234 88 61 111 15 104 79 106 172 51 69 70 91 158 236 237 233 109 215 45 222 132 100 7 194 170 200 157 50 160 98 12 90 120 145 163 66 136 219 241 21 140 94 138 246 119 230 93 217 161 126 210 103 141 139 162 76 112 189 153 244 83 175 144 99 149 151 225 178 26 60 134 223 131 166 195 232 150 216 39 128 187 206 243 82 72 202 84 190 57 148 125 249 184 124 154 142 252 96 10 238 213 113
11 196 3 22 17 114 97 29 37 221 227 24 177 137 122 253 5 28 204 0 168 2 201 231 130 214 1 176 4 52 68 171 173 209 107 25 8 224 15 182 32 226 27 20 193 65 59 6 63 245 203 205 85 14 19 58 229 159 38 102 41 191 108 42 56 36 202 127 133 71 179 197 207 95 255 199 248 30 251 73 31 115 123 109 44 47 185 220 78 35 116 164 183 129 118 128 83 55 218 80 165 49 66 18 135 143 235 43 117 40 186 228 82 125 110 208 54 181 74 180 77 198 211 33 9 239 105 152 192 23 155 16 13 156 242 64 81 86 240 87 48 75 174 34 212 46 166 146 254 53 121 67 167 234 88 61 111 169 104 79 106 172 51 69 70 91 158 236 237 233 92 215 45 222 132 100 7 194 170 200 157 50 160 98 12 90 120 145 163 76 136 219 241 21 140 94 138 246 119 230 93 217 161 126 210 103 141 139 162 101 112 189 153 244 147 175 144 99 149 151 225 178 26 60 134 223 131 62 195 232 150 216 39 188 187 206 243 250 72 247 84 190 57 148 89 249 184 124 154 142 252 96 10 238 213 113
11 196 3 22 17 114 97 29 37 221 227 24 177 137 122 253 5 28 204 0 168 2 201 231 130 214 1 176 88 52 68 13 173 209 107 25 8 224 172 182 32 226 27 20 193 65 59 6 63 245 125 205 85 14 19 58 229 159 38 102 23 191 108 42 56 36 202 127 133 71 179 197 207 95 255 199 248 30 251 73 31 115 47 109 44 123 185 220 78 35 43 164 183 129 118 128 83 147 218 80 165 49 101 18 135 143 235 116 117 40 186 228 82 89 110 208 54 181 74 180 77 198 39 33 9 239 105 152 192 41 155 16 171 156 242 64 81 86 240 87 48 75 174 34 212 46 62 146 254 53 100 67 167 234 4 61 111 169 104 79 106 15 51 69 70 91 158 236 237 233 92 215 45 222 132 121 211 194 170 200 157 50 160 98 12 90 120 145 163 66 136 219 241 21 140 94 138 246 119 230 93 217 161 126 210 103 141 139 162 76 112 189 153 244 55 175 144 99 149 151 225 178 26 60 134 223 131 243 195 232 150 216 7 188 187 206 166 250 72 247 84 190 57 148 203 249 184 124 154 142 252 96 10 238 213 113
11 196 3 22 17 114 97 29 37 221 227 24 177 137 122 253 5 28 204 0 168 2 201 231 130 214 186 176 4 52 68 13 173 125 107 25 8 224 15 182 32 226 27 20 193 81 59 6 63 245 203 205 85 14 19 58 229 113 38 102 41 191 108 42 56 36 202 127 133 71 179 197 207 95 255 199 248 30 251 73 31 115 247 109 44 123 185 220 78 165 43 164 183 1 118 128 83 55 218 80 188 49 101 18 135 143 235 116 117 40 129 228 82 89 110 208 54 181 74 180 77 198 211 33 9 239 105 152 192 23 155 16 171 156 242 64 65 86 240 87 48 75 167 34 212 46 62 146 254 53 121 67 174 234 88 61 111 169 104 79 106 172 51 69 70 91 158 236 184 233 92 215 45 222 132 100 7 194 170 200 157 50 160 98 12 90 120 145 163 66 136 219 241 21 140 94 138 246 119 230 93 217 161 126 210 76 141 139 162 103 112 189 153 244 147 175 144 99 149 151 225 178 26 60 134 223 131 166 195 232 150 216 39 35 187 206 243 250 72 47 84 190 57 148 209 249 237 124 154 142 252 96 10 238 213 159
11 196 3 22 17 114 97 29 37 221 227 24 177 137 122 253 5 28 204 0 168 2 201 231 130 214 186 176 4 52 68 13 173 125 107 25 8 224 15 182 32 226 27 20 193 81 59 6 63 245 203 205 85 14 19 58 229 113 38 102 41 191 108 42 56 36 202 127 133 71 179 197 207 95 255 199 248 30 251 73 31 115 247 109 44 123 185 220 78 165 43 164 183 1 118 128 83 55 218 80 188 49 101 18 135 143 235 116 117 40 129 228 82 89 110 208 54 181 74 180 77 198 211 33 9 239 105 152 192 23 155 16 171 156 242 64 65 86 240 87 48 75 174 34 212 46 62 146 254 53 121 67 167 234 88 61 111 169 104 79 106 172 51 69 70 91 158 236 184 233 92 215 45 222 132 100 7 194 170 200 157 50 160 98 12 90 120 145 163 66 136 219 241 21 140 94 138 246 119 230 93 217 161 126 210 76 141 139 162 103 112 189 153 244 147 175 144 99 149 151 225 178 26 60 134 223 131 166 195 232 150 216 39 35 187 206 243 250 72 47 84 190 57 148 209 249 237 124 154 142 252 96 10 238 213 159
11 196 3 22 17 114 97 29 37 221 227 24 177 137 122 253 5 28 204 0 168 2 201 231 130 214 186 176 4 52 68 13 173 125 107 25 8 224 15 182 32 226 27 20 193 81 59 121 63 245 203 205 85 14 19 58 229 113 38 102 41 191 108 42 56 36 202 127 133 71 179 197 207 95 255 199 248 30 251 73 31 115 247 109 44 123 185 220 78 165 43 164 183 1 118 128 83 55 218 80 188 49 101 18 135 143 235 116 117 40 129 228 82 89 110 208 54 181 74 180 77 198 211 33 9 239 105 152 192 23 155 16 171 156 242 64 65 86 240 87 48 75 167 34 212 46 62 146 254 53 6 67 174 234 88 61 111 169 104 79 106 172 51 69 70 91 158 236 184 233 92 215 45 222 132 100 7 194 170 200 157 50 160 98 12 90 120 145 163 66 136 219 241 21 140 94 138 246 119 230 93 217 161 126 210 76 141 139 162 103 112 189 153 244 147 175 144 99 149 151 225 178 26 60 134 223 131 166 195 232 150 216 39 35 187 206 243 250 72 47 84 190 57 148 209 249 237 124 154 142 252 96 10 238 213 159
11 196 3 22 17 114 97 29 37 221 227 24 177 137 122 253 5 28 204 0 168 2 201 231 130 214 254 164 4 52 68 13 173 209 107 25 8 224 15 182 32 226 27 20 193 65 59 6 63 245 203 205 85 14 19 58 229 159 38 102 41 191 108 42 56 36 202 127 133 45 179 197 207 95 255 199 248 30 251 143 31 115 123 109 44 47 185 220 78 35 43 176 183 129 118 128 83 55 218 80 165 49 101 18 135 73 87 116 117 40 186 228 82 89 110 208 54 181 74 180 77 198 211 33 9 239 105 152 192 23 155 16 171 156 242 64 81 86 240 235 48 75 174 34 212 46 62 146 1 53 121 67 167 234 88 61 111 169 104 79 106 210 51 69 70 91 158 236 237 233 92 215 71 222 132 100 7 194 170 200 157 50 160 98 12 90 120 145 163 66 136 219 241 21 140 94 138 246 119 230 93 217 161 126 172 103 141 139 162 76 112 189 153 244 147 175 144 99 149 151 225 178 26 60 134 223 131 166 195 232 150 216 39 188 187 206 243 250 72 247 84 190 57 148 125 249 184 124 154 142 252 96 10 238 213 113
11 196 3 22 17 114 97 29 37 221 227 24 177 137 122 253 5 28 204 0 168 2 201 231 130 214 254 164 4 52 68 13 173 209 107 25 8 224 15 182 32 226 27 20 193 65 59 6 63 245 203 205 85 14 19 58 229 159 38 102 41 191 108 42 56 36 202 127 133 45 179 197 207 124 255 199 248 30 251 143 31 115 123 109 44 47 185 220 78 35 43 176 183 129 118 128 83 55 218 80 165 49 101 18 135 73 87 116 117 40 186 228 82 89 110 208 54 181 74 180 77 198 211 33 9 239 105 152 192 23 155 16 171 156 242 64 81 86 240 235 48 75 174 34 212 46 62 146 1 53 121 67 167 234 88 61 111 169 104 79 106 210 51 69 70 91 158 236 237 233 92 215 71 222 132 100 7 194 170 200 157 50 160 98 12 90 120 145 163 66 136 219 241 21 140 94 138 246 119 230 93 217 161 126 172 103 141 139 162 76 112 189 153 244 147 175 144 99 149 151 225 178 26 60 134 223 131 39 195 232 150 216 166 188 187 206 243 250 72 247 84 190 57 148 125 249 184 95 154 142 252 96 10 238 213 113
11 196 3 22 17 114 97 29 37 221 227 24 177 137 122 253 5 28 204 0 168 2 201 231 130 214 254 164 4 52 68 13 173 209 107 25 8 224 15 182 32 226 27 20 193 65 59 6 63 245 203 205 85 14 19 58 229 159 38 102 41 191 108 42 56 36 202 127 133 45 179 197 207 124 255 199 248 30 251 143 31 115 123 109 44 47 185 220 78 35 43 176 183 129 118 128 83 55 218 80 165 49 101 18 135 73 87 116 117 40 186 228 82 89 110 208 54 181 74 180 77 198 211 33 9 239 105 152 192 23 155 16 171 156 242 64 81 86 240 235 48 75 174 34 212 46 62 146 1 53 121 67 167 234 88 61 111 169 104 79 106 210 51 69 70 91 158 236 237 233 92 215 71 222 132 100 7 194 170 200 157 50 160 98 12 90 120 145 163 66 136 219 241 21 140 94 138 246 119 230 93 217 161 126 172 103 141 139 162 76 112 189 153 244 147 175 144 99 149 151 225 178 26 60 134 223 131 166 195 232 150 216 39 188 187 206 243 250 72 247 84 190 57 148 125 249 184 95 154 142 252 96 10 238 213 113
11 196 3 22 17 114 97 29 37 221 227 24 177 138 122 253 5 28 204 0 168 2 201 231 130 214 1 176 4 52 68 13 173 209 107 25 8 224 15 182 32 226 27 20 193 65 59 6 63 245 125 205 85 14 19 58 229 104 38 102 41 191 108 42 56 36 202 127 133 71 179 197 207 95 255 199 248 30 251 73 31 115 47 109 44 123 185 220 78 35 43 164 183 129 118 128 83 147 218 80 165 49 101 18 135 143 235 116 117 40 212 228 82 89 110 208 144 181 74 180 77 198 211 33 9 239 105 152 192 23 155 171 16 153 148 64 81 86 186 87 48 75 174 34 240 46 62 146 254 53 121 67 167 234 88 61 111 169 159 79 106 172 51 69 70 91 158 236 237 96 92 215 45 222 132 100 7 194 170 200 157 50 160 98 12 90 120 145 163 66 136 219 241 21 140 94 137 246 119 230 93 217 161 126 210 103 141 139 162 76 112 189 156 244 55 175 54 99 149 151 225 178 26 60 134 223 131 166 195 232 150 216 39 188 187 206 243 250 72 247 84 190 57 242 203 249 184 124 154 142 252 233 10 238 213 113
11 196 3 22 17 114 97 29 37 221 227 24 177 138 122 253 5 28 204 0 168 2 201 231 130 214 1 176 4 52 68 13 173 209 107 25 8 224 15 182 32 226 27 20 193 65 59 6 63 245 125 205 85 14 19 58 229 104 38 102 41 191 108 42 56 36 202 127 133 71 179 197 207 95 255 199 248 30 251 73 31 115 47 109 44 123 185 220 78 35 43 164 183 129 118 128 83 147 218 80 165 49 101 18 135 143 235 116 117 40 212 228 82 89 110 208 144 181 74 180 77 198 211 33 9 239 105 152 192 23 155 171 16 153 148 64 81 86 186 87 48 75 174 34 240 46 62 146 254 53 121 67 167 234 88 61 111 169 159 79 106 172 51 69 70 91 158 236 237 96 92 215 45 222 132 100 7 194 170 200 157 50 160 98 12 90 120 145 163 66 136 219 241 21 140 94 137 246 119 230 93 217 161 126 210 103 141 139 162 76 112 189 156 244 55 175 225 99 149 151 54 178 26 60 134 223 131 166 195 232 150 216 39 188 187 206 243 250 72 247 84 190 57 242 203 249 184 124 154 142 252 233 10 238 213 113
11 196 3 22 17 114 97 29 37 221 227 24 177 138 122 253 5 28 204 0 168 2 201 231 130 214 1 176 4 52 68 13 173 209 107 25 8 224 15 182 32 226 27 20 193 65 59 6 63 245 125 205 85 14 19 58 229 159 38 102 41 191 108 42 56 36 202 127 133 71 179 197 207 95 255 199 248 30 251 73 31 115 47 109 44 123 185 220 78 35 43 164 183 129 118 128 83 147 218 80 165 49 101 18 135 143 235 116 117 40 212 228 82 89 110 208 144 181 74 180 77 198 211 33 9 239 105 152 192 23 155 171 16 153 148 64 81 86 186 87 48 75 174 34 240 46 62 146 254 53 121 67 167 234 88 61 111 169 104 79 106 172 51 69 70 91 158 236 237 96 92 215 45 222 132 100 7 194 170 200 157 50 160 98 12 90 120 145 163 66 136 219 241 21 140 94 137 246 119 230 93 217 161 126 210 103 141 139 162 76 112 189 156 244 55 175 54 99 149 151 225 178 26 60 134 223 131 166 195 232 150 216 39 188 187 206 243 250 72 247 84 190 57 242 203 249 184 124 154 142 252 233 10 238 213 113
11 196 3 22 17 114 97 29 37 221 227 24 177 138 122 253 5 28 204 0 168 2 201 231 130 214 1 176 4 52 68 13 173 209 107 25 8 224 15 182 32 226 27 20 193 65 59 6 63 245 125 205 85 14 19 58 229 159 38 102 41 191 108 42 56 36 202 127 133 71 179 197 207 95 255 199 248 30 251 73 31 115 47 109 44 123 185 220 78 35 43 164 183 129 118 128 83 147 218 80 165 55 101 18 135 143 235 116 117 40 186 228 82 89 110 208 54 181 74 180 77 198 211 33 9 239 105 152 192 23 155 171 16 153 148 64 81 86 240 87 48 75 174 34 212 46 62 146 254 53 121 67 167 234 88 61 111 169 104 79 106 172 51 69 70 91 158 236 237 96 92 215 45 222 132 100 7 194 170 200 157 50 160 98 12 90 120 145 163 66 136 219 241 21 140 94 137 246 119 230 93 217 161 126 210 103 141 139 162 76 112 189 156 244 49 175 144 99 149 151 225 178 26 60 134 223 131 166 195 232 150 216 39 188 187 206 243 250 72 247 84 190 57 242 203 249 184 124 154 142 252 233 10 238 213 113
11 196 3 22 17 114 97 29 37 221 227 24 177 138 122 253 5 28 204 0 168 2 201 231 130 214 1 176 4 52 68 13 173 209 107 25 8 224 15 182 32 226 27 20 193 65 59 6 63 245 125 205 85 14 19 58 229 159 38 102 41 191 108 42 56 36 202 127 133 71 179 197 207 95 255 199 248 30 251 73 31 115 47 109 44 123 185 220 78 35 43 164 183 129 118 128 83 147 218 80 165 55 101 18 135 143 235 116 117 40 186 228 82 89 110 208 54 181 74 180 77 198 211 33 9 239 105 152 192 23 155 171 16 156 148 64 81 86 240 87 48 75 174 34 212 46 62 146 254 53 121 67 167 234 88 61 111 169 104 79 106 172 51 69 70 91 158 236 237 96 92 215 45 222 132 100 7 194 170 200 157 50 160 98 12 90 120 145 163 66 136 219 241 21 140 94 137 246 119 230 93 217 161 126 210 103 141 139 162 76 112 189 153 244 49 175 144 99 149 151 225 178 26 60 134 223 131 166 195 232 150 216 39 188 187 206 243 250 72 247 84 190 57 242 203 249 184 124 154 142 252 233 10 238 213 113
11 196 3 22 17 114 97 29 37 221 227 24 177 138 122 253 5 28 204 0 168 2 201 231 130 214 1 176 4 52 68 13 173 209 107 25 8 224 15 182 32 226 27 20 193 65 59 6 63 245 125 205 85 14 19 58 229 159 38 102 41 191 108 42 56 36 202 127 133 71 179 197 207 95 255 199 248 30 251 73 31 115 47 109 44 123 185 220 78 35 43 164 183 129 118 128 83 147 218 80 165 55 101 18 135 143 235 116 117 40 212 228 82 89 110 208 54 181 74 180 77 198 211 33 9 239 105 152 192 23 155 171 16 153 148 64 81 86 186 87 48 75 174 34 240 46 62 146 254 53 121 67 167 234 88 61 111 169 104 79 106 172 51 69 70 91 158 236 237 96 92 215 45 222 132 100 7 194 170 200 157 50 160 98 12 90 120 145 163 66 136 219 241 21 140 94 137 246 119 230 93 217 161 126 210 103 141 139 162 76 112 189 156 244 49 175 144 99 149 151 225 178 26 60 134 223 131 166 195 232 150 216 39 188 187 206 243 250 72 247 84 190 57 242 203 249 184 124 154 142 252 233 10 238 213 113
11 196 3 22 17 114 97 29 37 221 227 24 177 138 122 253 5 28 204 0 168 2 201 231 130 214 1 176 4 52 68 13 173 209 107 25 8 224 15 182 32 226 27 20 193 65 59 6 63 245 125 205 85 14 19 58 229 159 38 102 41 191 108 42 56 36 202 127 133 71 179 197 207 95 255 199 248 30 251 73 31 115 47 109 44 123 185 220 78 35 43 164 183 129 118 128 83 147 218 80 165 55 101 18 135 143 235 116 117 40 212 228 82 89 110 208 144 181 74 180 77 198 211 33 9 239 105 152 192 23 155 171 16 153 148 64 81 86 186 87 48 75 174 34 240 46 62 146 254 53 121 67 167 234 88 61 111 169 104 79 106 172 51 69 70 91 158 236 237 96 92 215 45 222 132 100 7 194 170 200 157 50 160 98 12 90 120 145 163 66 136 219 241 21 140 94 137 246 119 230 93 217 161 126 210 103 141 139 162 76 112 189 156 244 49 175 54 99 149 151 225 178 26 60 134 223 131 166 195 232 150 216 39 188 187 206 243 250 72 247 84 190 57 242 203 249 184 124 154 142 252 233 10 238 213 113
11 196 3 22 17 114 97 29 37 221 227 24 233 137 122 253 5 28 204 0 168 2 201 231 130 214 1 176 4 52 68 13 173 209 211 25 8 224 15 182 32 226 27 20 193 65 59 6 63 245 213 205 85 14 19 58 229 159 38 102 41 191 108 42 56 36 202 127 133 71 179 197 207 95 255 199 248 30 251 73 31 115 47 109 44 123 185 220 78 35 43 164 183 129 118 128 83 147 218 80 165 240 101 18 135 143 235 116 117 40 186 228 82 89 110 208 54 181 74 180 77 198 107 33 9 239 105 152 192 23 155 16 171 156 242 64 81 86 190 87 48 75 174 34 212 46 62 146 254 53 121 67 167 234 88 61 111 169 104 79 106 172 51 69 70 91 158 236 237 177 92 215 45 222 132 100 7 194 170 200 157 50 160 98 12 90 120 145 163 66 136 219 241 21 140 94 138 246 119 230 93 217 161 126 210 103 141 131 162 76 112 189 153 244 55 175 144 99 149 151 225 178 26 60 134 223 243 166 195 232 150 216 39 188 187 206 139 250 72 247 84 49 57 148 203 249 184 124 154 142 252 96 10 238 125 113
11 196 3 22 17 114 97 29 37 221 227 32 177 137 122 253 5 28 204 0 168 2 201 231 130 214 1 176 4 52 68 171 173 209 107 25 8 224 15 182 24 226 27 20 193 65 59 6 63 245 203 205 85 14 19 58 229 159 38 102 41 191 108 42 56 36 202 127 133 71 179 197 207 95 255 199 248 30 46 73 31 115 123 109 44 47 185 220 78 35 116 164 183 129 118 106 83 55 218 80 165 49 66 18 135 143 235 43 117 40 186 228 82 125 110 208 54 181 74 180 77 198 211 33 9 239 105 152 192 23 155 16 13 156 242 64 81 86 240 87 48 75 174 34 212 251 166 146 254 53 121 67 167 234 88 61 111 169 104 79 128 172 51 69 70 91 158 236 237 233 92 215 45 222 132 100 7 194 170 200 157 50 160 98 12 90 120 145 163 76 136 219 241 21 140 94 138 246 119 230 93 217 161 126 210 103 141 139 162 101 112 189 153 244 147 175 144 99 149 151 225 178 26 60 134 223 131 62 195 232 150 216 39 188 187 206 243 250 72 247 84 190 57 148 89 249 184 124 154 142 252 96 10 238 213 113
11 196 3 22 17 114 97 29 41 221 166 24 23 137 122 253 5 28 204 0 168 2 201 231 130 214 1 176 4 52 172 13 173 125 107 25 8 224 37 78 32 226 27 109 193 65 59 6 63 182 203 205 85 14 19 58 129 159 38 102 15 191 108 42 56 36 202 127 133 71 179 197 207 95 255 199 248 30 251 73 31 115 47 20 44 123 185 220 18 35 43 164 183 227 118 128 83 55 218 80 165 49 101 68 135 143 235 116 117 40 229 228 82 89 110 208 54 181 74 180 77 198 211 33 9 239 105 152 192 177 155 16 171 156 242 64 81 86 240 87 48 75 174 34 212 46 62 146 254 53 121 67 167 234 88 61 111 169 104 79 106 141 51 69 70 91 131 236 237 233 92 215 45 222 132 100 7 194 170 200 157 50 160 98 12 90 120 145 163 66 136 219 241 21 140 94 138 246 119 230 93 217 161 126 124 103 225 139 162 209 112 189 153 244 147 175 144 99 149 151 245 178 26 60 134 223 186 158 195 232 150 216 39 188 187 206 243 250 72 247 84 190 57 148 210 249 184 76 154 142 252 96 10 238 213 113
11 196 3 22 17 114 97 29 44 221 34 24 177 137 122 253 5 28 75 0 168 2 151 231 130 214 1 176 4 52 68 13 173 209 107 25 8 224 37 182 32 226 27 20 193 65 59 6 63 245 203 205 85 14 19 58 229 159 38 102 41 191 108 42 56 36 202 127 133 71 179 197 207 95 255 199 248 30 251 73 31 115 47 109 15 123 185 220 78 35 18 164 183 129 118 128 83 55 218 80 165 49 101 43 135 143 235 116 117 40 186 228 82 89 110 208 54 181 74 180 76 198 211 33 9 239 105 152 192 23 155 16 171 156 242 64 77 195 240 87 48 204 174 227 212 46 62 146 254 53 121 67 167 234 88 61 111 169 104 79 106 172 51 69 70 91 158 236 237 233 92 215 45 222 132 100 7 194 170 200 157 50 160 98 12 90 120 145 163 66 136 219 241 21 140 94 138 246 119 230 93 217 161 126 210 103 141 139 162 81 112 189 153 244 147 175 144 99 149 201 225 178 26 60 134 223 131 166 86 232 150 216 39 188 187 206 243 250 72 247 84 190 57 148 125 249 184 124 154 142 252 96 10 238 213 113
11 196 3 22 17 114 97 29 70 221 166 24 177 137 122 253 5 28 204 0 168 2 201 231 130 214 1 176 4 52 172 13 173 125 107 25 8 224 37 182 32 226 27 20 193 65 59 6 63 245 203 205 85 14 19 58 229 159 38 102 41 191 108 42 56 36 202 127 133 71 179 197 207 95 255 199 248 30 251 73 31 115 47 109 118 123 185 175 78 35 43 164 183 225 44 128 83 55 218 80 165 49 101 68 135 143 235 116 117 40 129 228 82 89 110 208 54 181 74 180 77 198 211 33 9 239 105 152 192 23 155 16 171 156 242 64 81 86 240 87 48 75 174 92 212 46 62 146 254 53 121 67 167 234 88 61 111 169 104 79 106 18 51 69 15 91 131 236 237 233 34 215 45 222 132 100 7 194 170 200 157 50 160 98 12 90 120 145 163 66 136 219 241 21 140 94 138 246 119 230 93 217 161 126 210 103 141 139 162 209 112 189 153 244 147 220 144 99 149 151 227 178 26 60 134 223 186 158 195 232 150 216 39 188 187 206 243 250 72 247 84 190 57 148 124 249 184 76 154 142 252 96 10 238 213 113
11 196 3 22 17 114 97 29 70 221 166 24 177 137 122 253 5 28 204 0 168 2 201 231 130 214 79 176 4 52 172 13 173 125 107 25 8 224 37 182 32 226 27 20 193 65 59 6 63 245 203 205 85 14 19 58 229 159 38 102 41 191 108 42 56 36 202 127 133 71 179 197 207 95 255 199 248 30 251 73 31 115 47 109 118 123 185 175 78 35 43 164 183 225 44 128 83 55 218 80 165 49 101 68 135 143 235 116 117 40 129 228 82 89 110 208 54 181 74 180 77 198 211 33 9 239 105 152 192 23 155 16 171 156 242 64 81 86 240 87 48 75 174 92 212 46 62 146 254 53 121 67 167 234 88 61 111 169 104 1 106 18 51 69 15 91 131 236 237 233 34 215 45 222 132 100 7 194 170 200 157 50 160 98 12 90 120 145 163 66 136 219 241 21 140 94 138 246 119 230 93 217 161 126 210 103 141 139 162 209 112 189 153 244 147 220 144 99 149 151 227 178 26 60 134 223 186 158 195 232 150 216 39 188 187 206 243 250 72 247 84 190 57 148 124 249 184 76 154 142 252 96 10 238 213 113
11 196 3 22 17 114 97 29 70 221 166 24 177 137 122 253 5 28 204 0 168 2 201 231 130 214 79 176 4 52 172 13 173 125 107 25 8 224 37 182 32 226 27 20 193 65 59 6 63 245 203 205 85 14 19 58 229 159 38 102 41 191 108 42 56 36 202 127 133 71 179 197 207 95 255 199 248 30 251 73 31 115 47 109 118 123 185 175 78 35 43 164 183 225 44 128 83 55 218 80 165 49 101 68 135 143 235 116 117 40 129 228 82 89 110 208 54 181 74 180 77 198 211 33 9 239 105 152 192 23 155 16 171 156 242 64 81 86 240 87 48 75 174 92 212 46 62 146 254 53 121 67 167 234 190 61 111 169 104 1 106 18 51 69 15 91 131 236 237 233 34 215 45 222 132 100 7 194 170 200 157 50 160 98 12 90 120 145 163 66 136 219 241 21 140 94 138 246 119 230 93 217 161 126 210 103 141 139 162 209 112 189 153 244 147 220 144 99 149 151 227 178 26 60 134 223 186 158 195 232 150 216 39 188 187 206 243 250 72 247 84 88 57 148 124 249 184 76 154 142 252 96 10 238 213 113
11 196 3 22 17 114 97 29 70 221 166 24 177 137 122 253 5 28 204 0 168 2 201 231 130 214 79 176 4 52 172 13 173 125 107 25 8 224 37 182 32 226 27 20 193 65 59 6 63 245 203 205 85 14 19 58 229 159 38 102 41 191 108 42 56 36 202 127 133 71 179 197 207 95 255 199 248 30 251 73 31 115 47 109 118 123 185 175 78 35 43 164 183 225 44 128 83 55 218 80 165 49 101 68 135 143 235 116 117 40 129 228 82 89 110 208 54 181 74 180 77 198 211 33 9 239 105 152 192 23 155 16 171 156 242 64 81 86 240 87 48 75 174 92 212 46 62 146 254 53 121 67 167 234 190 61 111 169 104 1 106 18 51 69 15 91 131 236 237 233 34 215 45 222 132 100 7 194 170 200 157 50 160 98 12 90 120 145 163 66 136 219 241 21 140 94 138 246 119 230 93 217 161 126 210 154 141 139 162 209 112 189 153 244 147 220 144 99 149 151 227 178 26 60 134 223 103 158 195 232 150 216 39 188 187 206 243 250 72 247 84 88 57 148 124 249 184 76 186 142 252 96 10 238 213 113
11 196 3 22 17 114 97 29 125 221 34 24 177 137 122 253 5 28 204 0 168 2 151 231 130 214 1 176 4 52 68 13 173 209 107 25 8 224 37 182 32 226 27 20 193 65 59 6 63 245 203 205 85 14 19 58 229 159 38 102 41 191 108 42 56 36 202 127 133 71 179 197 207 95 255 199 248 30 251 73 31 115 47 109 44 123 185 220 78 35 43 164 183 227 118 128 83 55 218 80 165 49 101 18 135 143 235 116 117 40 186 228 82 89 110 208 54 181 74 180 77 198 211 33 9 239 105 152 234 23 155 16 233 156 242 64 81 86 240 87 48 75 174 129 212 46 62 146 254 53 121 67 167 192 88 61 111 169 104 79 106 172 51 69 70 91 158 236 237 171 92 215 45 222 132 100 7 194 170 200 157 50 160 98 12 90 120 145 163 66 136 219 241 21 140 94 138 246 119 230 93 217 161 126 210 103 141 139 162 213 112 189 153 244 147 175 144 99 149 201 225 178 26 60 134 223 131 166 195 232 150 216 39 188 187 206 243 250 72 247 84 190 57 148 15 249 184 124 154 142 252 96 10 238 76 113
11 196 3 22 17 114 97 29 125 221 34 24 177 137 122 253 5 28 204 0 168 2 151 231 130 214 1 176 4 52 68 13 173 209 107 25 8 224 37 182 32 226 27 20 193 65 59 157 63 245 203 205 85 14 19 58 229 159 38 102 41 191 108 42 56 36 202 127 133 71 179 197 207 95 255 199 248 30 251 73 31 115 47 109 44 123 185 220 78 35 43 164 183 227 118 128 83 55 218 80 165 49 101 18 135 143 235 116 117 40 186 228 82 89 110 208 54 181 74 180 77 198 211 33 9 239 105 152 234 23 155 16 233 156 242 64 81 86 240 87 48 75 174 129 212 46 62 146 254 53 121 67 167 192 88 61 111 169 104 79 106 172 51 69 70 91 158 236 237 171 92 215 45 222 132 100 7 194 170 200 6 50 160 98 12 90 120 145 163 66 136 219 241 21 140 94 138 246 119 230 93 217 161 126 210 103 141 139 162 213 112 189 153 244 147 175 144 99 149 201 225 178 26 60 134 223 131 166 195 232 150 216 39 188 187 206 243 250 72 247 84 190 57 148 15 249 184 124 154 142 252 96 10 238 76 113
11 196 3 22 17 114 97 29 125 221 34 24 177 137 122 253 5 28 204 0 168 2 151 231 130 214 1 176 4 52 68 13 173 209 107 25 8 224 37 182 32 226 27 20 193 65 59 157 63 245 203 205 85 14 19 58 229 159 38 102 41 191 108 42 56 36 202 127 133 71 179 197 207 95 255 199 248 30 251 73 31 115 47 109 44 123 185 220 78 35 43 164 183 227 118 128 83 55 218 80 165 49 101 18 135 143 235 116 117 40 186 228 82 89 110 208 54 181 74 180 77 198 211 33 9 239 105 152 234 23 155 16 233 156 242 64 81 86 240 87 48 75 174 171 212 46 62 146 254 53 121 67 167 192 88 61 111 169 104 79 106 172 51 69 70 91 158 236 237 129 92 215 45 222 132 100 7 194 170 200 6 50 160 98 12 90 120 145 163 66 136 219 241 21 140 94 138 246 119 230 93 217 161 126 210 103 141 139 162 213 112 189 153 244 147 175 144 99 149 201 225 178 26 60 134 223 131 166 195 232 150 216 39 188 187 206 243 250 72 247 84 190 57 148 15 249 184 124 154 142 252 96 10 238 76 113
11 196 3 22 17 114 97 29 125 221 34 24 177 137 122 253 5 28 204 0 168 2 151 231 130 214 1 176 4 52 68 13 244 209 107 223 8 224 37 182 32 226 27 20 193 65 59 6 63 245 203 205 85 14 19 58 229 159 38 102 41 191 108 42 56 36 202 127 133 71 179 197 207 95 255 199 248 30 251 73 31 115 47 109 44 123 185 220 78 35 43 164 183 129 118 128 83 55 218 80 165 25 101 18 135 143 235 116 76 40 186 228 82 89 110 208 54 181 74 180 77 198 211 33 9 239 105 152 192 23 155 16 171 156 242 64 81 86 240 87 48 75 174 227 212 46 62 146 254 53 121 67 167 234 88 61 111 169 104 79 106 172 51 69 70 91 158 236 237 233 92 215 45 222 132 100 7 194 170 200 157 50 160 98 12 90 120 145 163 66 136 219 241 21 140 94 138 246 119 230 93 217 161 126 210 103 141 139 162 213 112 189 153 173 147 175 144 99 149 201 225 178 26 60 134 49 131 166 195 232 150 216 39 188 187 206 243 250 72 247 84 190 57 148 15 249 184 124 154 142 252 96 10 238 117 113
11 196 3 22 17 114 97 29 125 221 34 24 177 137 122 253 5 28 204 0 168 2 151 231 130 214 1 176 4 52 68 13 244 209 107 223 8 224 37 182 32 226 27 20 193 65 59 6 63 245 203 205 85 14 19 58 229 159 38 102 41 191 108 42 56 36 202 127 133 71 179 197 207 95 255 199 248 30 251 73 31 115 47 109 44 123 185 220 78 35 43 164 183 129 118 128 83 55 218 80 165 25 101 18 135 143 235 116 76 40 186 228 82 89 110 208 54 181 74 180 77 198 211 33 9 239 105 152 192 23 213 16 171 156 242 64 81 86 240 87 48 75 174 227 212 46 62 146 254 53 121 67 167 234 88 61 111 169 104 79 106 172 51 69 70 91 158 236 237 233 92 215 45 222 132 100 7 194 170 200 157 50 160 98 12 90 120 145 163 66 136 219 241 21 140 94 138 246 119 230 93 217 161 126 210 103 141 139 162 155 112 189 153 173 147 175 144 99 149 201 225 178 26 60 134 49 131 166 195 232 150 216 39 188 187 206 243 250 72 247 84 190 57 148 15 249 184 124 154 142 252 96 10 238 117 113
11 196 3 22 17 114 97 29 125 221 214 24 177 137 122 253 5 28 204 0 168 2 151 231 130 6 1 176 4 52 68 13 173 209 107 25 8 224 37 182 32 226 27 20 193 65 59 34 63 245 203 205 139 14 19 58 229 159 38 102 41 191 108 42 56 36 202 127 133 71 179 197 207 95 255 199 248 30 251 73 31 115 47 109 44 123 185 220 78 35 43 164 183 129 118 128 83 55 218 80 165 49 101 18 135 143 235 116 117 40 186 228 82 89 110 208 54 181 74 180 77 198 211 33 9 239 105 152 234 23 155 16 171 156 242 64 81 86 240 87 48 75 174 227 212 46 62 146 254 53 121 67 167 192 88 61 111 169 104 79 106 172 51 69 70 91 158 236 237 233 92 215 45 222 132 100 7 194 170 200 157 50 160 98 12 90 120 145 163 66 136 219 241 21 140 94 138 246 119 230 93 217 161 126 210 103 141 85 162 213 112 189 153 244 147 175 144 99 149 201 225 178 26 60 134 223 76 166 195 232 150 216 39 188 187 206 243 250 72 247 84 190 57 148 15 249 184 124 154 142 252 96 10 238 131 113
11 196 3 22 17 114 97 29 125 221 214 24 177 137 122 253 5 28 204 0 168 2 151 231 130 6 1 176 4 52 68 13 173 209 107 25 8 224 37 182 32 226 27 20 193 65 59 34 63 245 203 205 139 14 19 190 229 159 38 102 41 191 108 42 56 36 202 127 133 71 179 197 207 95 255 199 248 30 251 73 31 115 47 109 44 123 185 220 78 35 43 164 183 129 118 128 83 55 218 80 165 49 101 18 135 143 235 116 117 40 186 228 82 89 110 208 54 181 74 180 77 198 211 33 9 239 105 152 234 23 155 16 171 156 242 64 81 86 240 87 48 75 174 227 212 46 62 146 254 53 121 67 167 192 88 61 111 169 104 79 106 172 51 69 70 91 158 236 237 233 92 215 45 222 132 100 7 194 170 200 157 50 160 98 12 90 120 145 163 66 136 219 241 21 140 94 138 246 119 230 93 217 161 126 210 103 141 85 162 213 112 189 153 244 147 175 144 99 149 201 225 178 26 60 134 223 76 166 195 232 150 216 39 188 187 206 243 250 72 247 84 58 57 148 15 249 184 124 154 142 252 96 10 238 131 113
11 196 3 22 17 114 97 29 125 221 214 24 177 137 122 253 5 28 204 0 168 2 151 231 130 6 1 176 4 52 68 13 173 209 107 25 8 224 37 182 32 226 27 20 193 65 59 34 63 245 203 205 139 14 19 190 229 159 38 102 41 191 108 42 56 36 202 127 133 71 179 197 207 95 255 199 248 30 251 73 31 115 47 109 44 123 185 220 78 35 43 164 183 129 118 128 83 55 218 80 165 49 101 18 135 143 235 116 117 40 186 228 82 89 110 208 54 181 74 180 77 198 211 33 9 239 105 152 234 23 155 16 233 156 242 64 81 86 240 87 48 75 174 227 212 46 62 146 254 53 121 67 167 192 88 61 111 169 104 79 106 172 51 69 70 91 158 236 237 171 92 215 45 222 132 100 7 194 170 200 157 50 160 98 12 90 120 145 163 66 136 219 241 21 140 94 138 246 119 230 93 217 161 126 210 103 141 85 162 213 112 189 153 244 147 175 144 99 149 201 225 178 26 60 134 223 76 166 195 232 150 216 39 188 187 206 243 250 72 247 84 58 57 148 15 249 184 124 154 142 252 96 10 238 131 113
11 196 3 22 17 114 97 29 125 221 214 24 177 137 122 253 5 28 204 0 168 2 151 231 130 166 1 176 4 52 68 13 173 209 107 25 8 224 37 182 32 226 27 20 193 65 59 157 63 245 203 205 85 14 19 58 229 159 38 102 41 191 108 42 56 36 202 127 133 71 179 197 207 95 255 199 248 30 251 73 31 115 47 109 44 123 185 220 78 35 43 164 183 129 118 128 83 55 218 80 165 49 101 18 135 143 235 116 117 40 186 228 82 89 110 208 54 181 74 180 77 198 211 33 9 239 105 152 192 23 155 16 171 156 242 64 81 86 240 87 48 75 174 227 212 46 62 146 254 53 121 67 167 234 88 61 111 169 104 79 106 172 51 69 70 91 158 236 237 233 92 215 45 222 132 100 7 194 170 200 6 50 160 98 12 90 120 145 163 66 136 219 241 21 140 94 138 246 119 230 93 217 161 126 210 103 141 139 162 76 112 189 153 244 147 175 144 99 149 201 225 178 26 60 134 223 131 34 195 232 150 216 39 188 187 206 243 250 72 247 84 190 57 148 15 249 184 124 154 142 252 96 10 238 213 113
11 196 3 22 17 114 97 29 125 221 214 190 177 137 122 253 5 28 204 0 168 2 151 231 130 166 1 176 4 52 68 13 173 209 107 25 8 224 37 182 32 226 27 20 193 65 59 157 63 245 132 205 85 14 19 58 229 159 38 102 126 191 108 42 56 36 202 127 133 71 179 197 207 95 255 199 248 30 251 73 31 115 47 109 44 123 185 220 78 35 43 164 183 129 118 128 83 55 218 80 165 49 101 18 135 143 235 116 117 40 186 228 82 89 110 208 54 181 74 180 77 198 211 33 9 239 105 152 192 23 155 16 171 156 242 64 41 86 240 87 48 75 174 227 212 46 62 146 254 53 121 67 167 234 88 61 111 169 104 79 106 172 51 69 70 91 158 236 237 233 92 215 45 222 203 100 7 194 170 200 6 50 160 98 12 90 120 145 163 66 136 219 241 21 140 94 138 246 119 230 93 217 161 81 210 103 141 139 162 76 112 189 153 244 147 175 144 99 149 201 225 178 26 60 134 223 131 34 195 232 150 216 39 188 187 206 243 250 72 247 84 24 57 148 15 249 184 124 154 142 252 96 10 238 213 113
11 196 3 22 17 114 97 29 125 221 214 190 177 137 122 253 5 28 204 0 168 2 151 231 130 166 1 176 4 52 68 13 173 209 107 25 8 224 37 182 32 226 27 20 193 65 59 157 63 245 203 205 85 14 19 58 229 159 38 102 41 191 108 42 56 36 202 127 133 71 179 197 207 95 255 199 248 30 251 73 31 115 47 109 44 123 185 220 78 35 43 164 183 129 118 128 83 55 218 80 165 49 101 18 135 143 235 116 117 40 186 228 82 89 110 208 54 181 74 180 77 198 211 33 9 239 105 152 192 23 155 16 171 156 242 64 81 86 240 87 48 75 174 227 212 46 62 146 254 53 121 67 167 234 88 61 111 169 104 79 106 172 51 69 70 91 158 236 237 233 92 215 45 222 132 100 7 194 170 200 6 50 160 98 12 90 120 145 163 66 136 219 241 21 140 94 138 246 119 230 93 217 161 126 210 103 141 139 162 76 112 189 153 244 147 175 144 99 149 201 225 178 26 60 134 223 131 34 195 232 150 216 39 188 187 206 243 250 72 247 84 24 57 148 15 249 184 124 154 142 252 96 10 238 213 113
11 196 3 22 17 114 97 29 125 221 225 24 177 137 122 253 5 28 204 0 168 2 151 231 130 214 1 176 4 52 68 13 173 209 107 25 8 224 37 182 32 226 27 20 193 65 59 6 63 245 203 205 85 14 19 58 229 159 38 102 41 191 108 42 56 36 202 127 133 71 179 197 207 95 255 199 248 30 251 73 31 115 47 109 44 123 185 220 78 35 43 164 183 129 118 128 83 55 218 80 165 49 101 18 135 143 235 116 117 40 186 228 82 89 110 208 54 181 74 180 77 198 211 33 9 239 105 152 192 23 155 16 171 156 242 64 81 86 240 87 48 75 174 34 212 46 62 146 254 53 121 67 167 234 88 61 111 169 104 79 106 172 51 69 70 91 158 236 237 233 92 215 45 222 132 100 7 194 170 200 157 50 160 98 12 90 120 145 163 66 136 219 241 21 140 94 138 246 119 230 93 217 161 238 210 76 141 139 162 103 112 189 153 244 147 175 144 99 149 201 227 178 26 60 134 223 131 166 195 232 150 216 39 188 187 206 243 250 72 247 84 190 57 148 15 249 184 124 154 142 252 96 10 126 213 113
11 196 3 22 17 114 97 29 125 221 225 24 177 137 122 253 5 28 204 0 168 2 151 231 130 214 1 176 4 52 68 13 173 209 107 25 8 224 37 182 32 226 27 20 193 65 59 6 63 245 203 205 85 14 19 58 229 159 38 102 41 191 108 42 56 36 202 127 133 71 179 197 207 95 255 199 248 30 251 73 31 115 47 109 44 123 185 220 78 35 43 164 183 157 118 128 83 55 218 80 165 49 101 18 135 143 235 116 117 40 186 228 82 89 110 208 54 181 74 180 77 198 211 33 9 239 105 152 192 23 155 16 171 156 242 64 81 86 240 87 48 75 174 34 212 46 62 146 254 53 121 67 167 234 88 61 111 169 104 79 106 172 51 69 70 91 158 236 237 233 92 215 45 222 132 100 7 194 170 200 129 50 160 98 12 90 120 145 163 66 136 219 241 21 140 94 138 246 119 230 93 217 161 238 210 76 141 139 162 103 112 189 153 244 147 175 144 99 149 201 227 178 26 60 134 223 131 166 195 232 150 216 39 188 187 206 243 250 72 247 84 190 57 148 15 249 184 124 154 142 252 96 10 126 213 113
11 196 3 22 17 114 97 29 125 221 227 24 177 137 122 253 5 28 204 0 168 2 151 231 130 214 1 176 4 52 68 13 173 209 107 25 8 224 37 182 32 226 27 20 193 65 59 6 63 245 203 205 85 14 19 58 229 159 38 102 41 191 108 42 56 36 202 127 133 71 179 197 207 95 255 199 248 30 251 73 31 115 47 109 44 123 185 220 78 35 43 164 183 129 118 128 83 55 218 80 165 49 101 18 135 143 212 116 117 40 186 228 82 89 110 208 54 181 74 180 77 198 211 33 9 239 105 152 192 23 155 16 171 156 242 64 81 86 240 87 48 75 174 34 235 46 62 146 254 53 121 67 167 12 88 61 111 169 104 79 106 172 51 69 70 91 158 236 237 233 92 215 45 222 132 100 7 194 170 200 157 50 160 98 234 90 120 145 163 66 136 219 241 21 140 94 138 246 119 230 93 217 161 126 210 103 141 139 162 76 112 189 153 244 147 175 144 99 149 201 225 178 26 60 134 223 131 166 195 232 150 216 39 188 187 206 243 250 72 247 84 190 57 148 15 249 184 124 154 142 252 96 10 238 213 113
11 196 3 22 17 114 97 29 125 221 227 24 177 137 122 253 5 28 204 0 168 2 151 231 130 214 1 176 4 52 68 13 173 209 107 25 8 224 37 182 32 226 27 20 193 65 59 6 63 245 203 205 85 14 19 58 229 159 38 102 41 191 108 42 56 36 202 127 133 71 179 197 207 95 255 199 248 30 251 73 31 115 47 109 44 123 185 220 78 35 43 164 183 129 118 128 83 55 218 80 165 49 101 18 135 143 212 116 117 40 186 228 82 89 110 208 54 181 74 180 77 198 211 33 9 239 105 152 192 23 155 16 171 156 242 64 81 86 240 87 48 75 174 34 235 46 62 146 254 53 121 67 167 234 88 61 111 169 104 79 106 172 51 69 70 91 158 236 237 233 92 215 45 222 132 100 7 194 170 200 157 50 160 98 12 90 120 145 163 66 136 219 241 21 140 94 138 246 119 230 93 217 161 126 210 103 141 139 162 76 112 189 153 244 147 175 144 99 149 201 225 178 26 60 134 223 131 166 195 232 150 216 39 188 187 206 243 250 72 247 84 190 57 148 15 249 184 124 154 142 252 96 10 238 213 113
11 196 3 22 17 114 97 29 125 221 227 24 177 137 122 253 5 28 204 0 168 2 201 231 130 174 1 176 4 52 68 13 173 209 107 25 8 224 37 182 32 226 27 20 234 65 59 6 63 245 203 205 85 14 19 58 229 159 38 102 41 191 108 42 56 36 202 127 133 71 179 197 207 95 255 199 248 30 251 73 31 115 47 109 44 123 185 220 78 35 43 164 183 129 118 128 83 55 218 80 165 49 101 18 135 143 235 116 117 40 186 228 82 89 110 208 54 181 74 180 77 198 211 33 9 239 105 152 192 23 155 16 171 156 242 64 81 86 240 87 48 75 214 34 212 46 62 146 254 53 121 67 167 193 88 61 111 169 104 79 106 172 51 69 70 91 158 236 237 233 92 215 45 222 132 100 7 194 170 200 157 50 160 98 12 90 120 145 163 66 136 219 241 21 140 94 138 246 119 230 93 217 161 126 210 103 141 139 162 76 112 189 153 244 147 175 144 99 149 151 225 178 26 60 134 223 131 166 195 232 150 216 39 188 187 206 243 250 72 247 84 190 57 148 15 249 184 124 154 142 252 96 10 238 213 113
11 196 3 22 17 114 97 29 144 221 227 24 177 164 122 253 5 28 204 0 168 2 201 231 130 214 1 176 4 52 68 13 173 209 107 25 8 224 37 132 32 226 27 20 193 65 59 6 63 245 203 205 85 14 19 58 229 159 38 102 41 191 108 42 56 36 202 127 172 71 142 197 207 95 255 199 248 30 251 73 77 115 47 109 44 123 185 220 147 35 43 137 183 129 230 128 83 225 218 80 165 49 101 18 135 143 235 116 117 40 186 228 82 89 110 208 54 181 74 180 78 198 211 33 9 239 105 152 192 55 155 213 171 156 242 64 81 86 240 87 48 75 174 34 212 46 62 146 254 53 121 67 167 234 88 61 111 169 104 79 106 133 51 69 70 91 158 236 237 233 92 215 45 222 179 100 7 194 170 200 157 50 160 98 12 90 120 145 163 66 136 219 241 21 140 94 138 246 119 118 93 217 161 126 210 103 141 139 162 76 112 189 153 244 31 175 15 99 149 151 23 178 26 60 134 223 131 166 195 232 150 216 39 188 187 206 243 250 72 247 84 190 57 148 125 249 184 124 154 182 252 96 10 238 16 113
11 196 3 22 17 114 97 29 170 221 34 123 177 76 122 253 5 28 204 0 168 2 151 231 130 214 1 176 4 52 68 13 173 209 107 25 8 224 37 182 32 213 27 20 193 65 59 6 63 245 203 205 85 14 19 58 229 159 38 102 41 191 108 42 56 36 202 127 133 71 179 197 207 95 255 199 248 30 251 73 31 115 47 109 44 24 185 220 78 35 43 164 183 129 118 128 83 55 218 80 165 49 101 18 135 143 235 116 117 40 186 228 82 89 88 208 54 181 74 180 77 198 211 33 9 239 105 152 192 23 155 16 171 156 242 64 81 86 240 87 48 75 174 227 212 46 62 146 254 53 121 67 167 234 110 61 111 169 104 79 106 172 51 69 70 91 158 236 237 233 92 215 45 222 132 100 7 194 15 200 157 50 160 98 12 90 120 145 163 66 136 219 241 21 140 94 138 246 119 230 93 217 161 126 210 103 141 139 162 137 112 189 153 244 147 175 144 99 149 201 225 178 26 60 134 223 131 166 195 232 150 216 39 188 187 206 243 250 72 247 84 190 57 148 125 249 184 124 154 142 252 96 10 238 226 113
11 196 3 22 17 114 97 29 170 221 34 123 177 76 122 253 5 28 204 0 168 2 151 231 130 214 1 176 4 52 68 13 173 209 107 25 8 224 37 182 32 213 27 20 193 65 59 6 63 245 203 205 85 14 19 58 229 159 38 102 41 191 108 42 56 36 202 127 133 71 179 197 207 95 255 199 248 30 251 73 31 115 47 109 44 233 185 220 78 35 43 164 183 129 118 128 83 55 218 80 165 49 101 18 135 143 235 116 117 40 186 228 82 89 88 208 54 181 74 180 77 198 211 33 9 239 105 152 192 23 155 16 171 156 242 64 81 86 240 87 48 75 174 227 212 46 62 146 254 53 121 67 167 234 110 61 111 169 104 79 106 172 51 69 70 91 158 236 237 24 92 215 45 222 132 100 7 194 15 200 157 50 160 98 12 90 120 145 163 66 136 219 241 21 140 94 138 246 119 230 93 217 161 126 210 103 141 139 162 137 112 189 153 244 147 175 144 99 149 201 225 178 26 60 134 223 131 166 195 232 150 216 39 188 187 206 243 250 72 247 84 190 57 148 125 249 184 124 154 142 252 96 10 238 226 113
11 196 3 22 17 114 97 29 172 221 227 24 177 137 122 253 5 28 204 0 168 2 201 231 130 214 1 176 4 52 68 13 173 209 107 25 8 224 37 182 32 226 27 20 193 65 59 6 63 245 203 205 85 14 19 58 229 159 38 102 41 191 108 42 56 36 202 147 133 71 179 197 207 95 255 199 248 30 251 73 31 115 47 109 44 123 185 220 78 35 43 164 183 129 118 128 83 55 218 80 165 49 101 18 135 143 235 116 117 40 186 228 82 89 110 208 54 181 74 180 77 198 211 33 9 239 105 152 192 23 155 16 171 156 242 64 81 195 240 87 48 75 174 34 212 46 62 146 254 53 121 67 167 234 88 61 111 169 104 79 106 15 51 69 70 91 158 236 237 233 92 215 45 222 132 100 7 194 170 200 157 50 160 98 12 90 120 145 163 66 136 219 241 21 140 94 138 246 119 230 93 217 161 126 210 103 141 139 162 76 112 189 153 244 127 175 144 99 149 151 225 178 26 60 134 223 131 166 86 232 150 216 39 188 187 206 243 250 72 247 84 190 57 148 125 249 184 124 154 142 252 96 10 238 213 113
11 196 3 22 17 114 97 29 189 221 227 24 177 137 122 253 5 28 147 0 168 2 151 231 130 214 1 176 4 52 68 13 173 209 107 25 8 224 37 182 32 226 27 20 193 65 59 6 63 245 203 205 85 14 19 58 229 159 38 102 41 191 108 42 56 36 202 127 133 71 179 197 207 95 255 199 248 30 251 73 31 115 47 109 44 123 185 220 78 35 43 164 183 129 118 128 83 55 218 80 165 49 101 18 135 143 235 116 117 40 186 228 82 89 110 208 54 181 74 180 77 198 211 33 9 239 105 152 192 23 155 16 171 156 242 64 81 86 240 87 48 75 174 34 212 46 62 146 254 53 121 67 167 234 88 61 111 169 104 79 106 172 51 69 70 91 158 236 237 233 92 215 45 222 132 100 7 194 170 200 157 50 160 98 12 90 120 145 163 66 136 219 241 21 15 94 138 246 119 230 93 217 161 126 204 103 141 139 162 76 112 140 153 244 210 175 144 99 149 201 225 178 26 60 134 223 131 166 195 232 150 216 39 188 187 206 243 250 72 247 84 190 57 148 125 249 184 124 154 142 252 96 10 238 213 113
11 196 3 22 17 114 97 29 189 221 227 24 177 137 122 253 5 28 204 0 168 2 165 231 130 214 186 176 4 52 172 13 173 125 107 25 8 205 37 182 32 226 27 20 193 65 59 6 63 201 203 199 85 14 19 58 127 159 38 102 41 191 108 42 56 36 202 229 133 71 179 197 207 95 255 224 248 30 251 73 31 115 47 109 44 123 185 220 78 35 18 164 183 43 118 128 83 55 218 80 166 49 101 68 135 143 34 57 117 40 129 228 82 89 110 208 54 181 74 180 77 198 139 33 9 239 105 152 243 23 155 16 171 156 242 64 81 86 240 87 48 75 174 235 212 46 62 146 254 53 121 67 167 234 88 1 111 169 104 79 106 61 51 69 15 91 131 236 92 233 237 215 45 222 132 100 7 194 170 200 157 50 160 98 12 90 120 145 163 66 136 219 241 21 140 94 138 246 119 230 93 217 161 126 210 103 225 211 162 209 112 70 153 244 147 175 144 99 149 151 245 178 26 60 134 223 141 158 195 232 150 216 39 188 187 206 192 250 72 247 84 190 116 148 124 249 184 76 154 142 252 96 10 238 213 113
11 196 3 22 17 114 97 29 189 221 227 24 177 137 122 253 5 28 204 0 168 2 165 231 130 214 186 176 4 52 172 13 173 125 107 25 8 205 37 182 32 226 27 20 193 65 59 6 63 201 203 199 85 14 160 58 127 159 38 102 41 191 108 42 56 36 202 229 133 71 179 197 207 95 255 224 248 30 251 73 31 115 47 109 44 123 185 220 78 35 18 164 183 43 118 128 83 55 218 80 166 49 101 68 135 143 34 57 117 40 129 228 82 89 110 208 54 181 74 180 77 198 139 33 9 239 105 152 243 23 155 16 171 156 242 64 81 86 240 87 48 75 174 235 212 46 62 146 254 53 121 67 167 234 88 1 111 169 104 79 106 61 51 69 15 91 131 236 92 233 237 215 45 222 132 100 7 194 170 200 157 50 19 98 12 90 120 145 163 66 136 219 241 21 140 94 138 246 119 230 93 217 161 126 210 103 225 211 162 209 112 70 153 244 147 175 144 99 149 151 245 178 26 60 134 223 141 158 195 232 150 216 39 188 187 206 192 250 72 247 84 190 116 148 124 249 184 76 154 142 252 96 10 238 213 113
11 196 3 22 17 114 97 29 189 221 227 24 177 137 122 253 5 28 204 0 168 2 201 231 130 214 1 176 4 52 68 13 173 209 107 25 8 224 37 182 32 226 27 20 193 65 59 6 63 187 203 205 85 14 19 58 229 159 38 102 41 191 108 42 56 36 202 127 133 71 179 197 162 95 255 199 248 30 251 73 31 115 47 109 44 123 185 220 78 35 43 164 183 129 118 128 83 55 218 80 165 49 101 18 135 143 235 116 117 40 186 228 82 89 110 208 54 181 74 180 77 198 211 33 9 239 105 152 192 23 155 16 171 156 242 64 81 86 240 87 48 75 174 34 212 46 62 146 254 53 121 66 167 234 88 61 111 169 104 79 106 172 51 69 70 91 158 236 237 233 92 215 45 222 144 100 7 194 170 200 124 50 160 98 12 90 120 145 163 67 136 219 241 21 140 94 138 246 119 230 93 217 161 126 210 103 141 139 207 76 112 15 153 244 147 175 132 99 149 151 142 178 26 60 134 223 131 166 195 232 150 216 39 188 245 206 243 250 72 247 84 190 57 148 125 249 184 157 154 225 252 96 10 238 213 113
11 196 3 22 17 114 97 29 189 221 227 24 177 137 122 253 5 28 204 0 168 2 201 231 130 214 1 176 4 52 68 13 173 209 107 25 8 224 37 182 32 226 27 20 193 65 59 6 63 187 203 205 85 14 19 58 229 159 38 102 41 191 108 42 56 36 202 127 133 71 179 197 162 95 255 199 248 30 251 73 31 115 47 109 44 123 185 220 78 35 43 164 183 129 118 128 83 55 218 80 165 49 101 18 135 143 235 116 117 40 186 228 82 89 110 208 54 181 74 180 77 198 211 33 9 239 105 152 192 23 155 16 171 156 242 64 81 86 240 87 48 75 174 34 212 46 62 146 254 53 121 67 167 234 88 61 111 169 104 79 106 172 51 69 70 91 158 236 237 233 92 215 45 222 132 100 7 194 170 200 157 50 160 98 12 90 120 145 163 66 136 219 241 21 140 94 138 246 119 230 93 217 161 126 210 103 141 139 207 76 112 15 153 244 147 175 144 99 149 151 142 178 26 60 134 223 131 166 195 232 150 216 39 188 245 206 243 250 72 247 84 190 57 148 125 249 184 124 154 225 252 96 10 238 213 113
11 196 3 22 17 114 97 29 189 221 227 24 177 137 122 253 5 28 204 0 168 2 201 231 130 214 1 176 4 52 68 13 173 209 107 25 8 224 37 182 32 226 27 20 193 65 59 6 63 187 203 205 85 14 19 58 229 159 38 102 41 191 108 42 56 36 202 127 133 71 179 197 162 95 255 199 248 30 251 73 31 115 47 109 44 123 185 220 78 35 43 164 183 129 118 128 83 55 218 80 165 49 101 18 135 143 235 116 117 40 186 228 82 89 110 208 54 181 74 180 77 198 211 33 9 239 105 152 192 23 155 16 171 156 242 64 81 86 240 87 48 75 174 34 212 46 62 146 254 53 121 67 167 234 88 61 111 169 104 79 106 172 51 69 70 91 158 236 237 233 92 215 45 222 144 100 7 194 170 200 157 50 160 98 12 90 120 145 163 66 136 219 241 21 140 94 138 246 119 230 93 217 161 126 210 103 141 139 207 76 112 15 153 244 147 175 132 99 149 151 142 178 26 60 134 223 131 166 195 232 150 216 39 188 245 206 243 250 72 247 84 190 57 148 125 249 184 124 154 225 252 96 10 238 213 113
11 196 3 22 17 114 97 29 189 221 227 24 177 137 122 253 5 28 204 0 168 2 201 231 130 214 1 176 4 52 68 13 173 209 107 25 8 224 37 182 32 226 27 20 193 65 59 6 63 187 203 205 85 14 19 58 229 159 38 102 41 191 108 42 56 36 202 127 133 71 179 197 162 95 255 199 248 30 251 73 31 115 47 109 44 123 185 220 78 35 43 164 183 143 118 128 83 55 218 80 165 49 101 18 135 129 235 116 117 40 186 228 82 89 110 208 54 181 74 180 77 198 211 33 9 239 105 152 192 23 155 16 171 156 242 64 81 86 240 87 48 75 174 34 212 46 62 146 254 53 121 66 167 234 88 61 111 169 104 79 106 172 51 69 70 91 158 236 237 233 92 215 45 222 144 100 7 194 170 200 124 50 160 98 12 90 120 145 163 67 136 219 241 21 140 94 138 246 119 230 93 217 161 126 210 103 141 139 207 76 112 15 153 244 147 175 132 99 149 151 142 178 26 60 134 223 131 166 195 232 150 216 39 188 245 206 243 250 72 247 84 190 57 148 125 249 184 157 154 225 252 96 10 238 213 113
11 196 3 22 17 114 97 29 189 221 227 24 177 137 122 253 5 28 204 0 168 2 201 231 130 214 109 176 4 52 68 13 173 209 107 25 8 224 37 182 32 226 27 20 193 65 59 6 63 245 12 205 139 14 19 106 229 159 38 102 41 191 108 42 56 36 202 127 133 71 179 197 207 95 255 199 248 30 251 73 31 115 47 1 44 123 185 220 78 35 43 164 183 129 118 128 83 55 218 80 165 49 101 18 135 143 235 116 117 40 186 228 124 89 110 208 54 181 74 180 77 198 211 33 9 239 105 152 192 23 155 16 171 156 242 64 81 86 240 87 48 75 174 34 212 46 62 146 254 53 121 67 167 234 88 61 111 169 104 79 58 172 51 69 70 91 158 236 237 233 92 215 45 222 132 100 7 194 170 200 157 50 160 98 125 90 120 145 163 66 136 219 241 21 140 94 138 246 119 230 93 217 161 126 210 103 141 85 162 76 112 15 153 244 147 175 144 99 149 151 225 178 26 60 134 223 131 166 195 232 150 216 39 188 187 206 243 250 72 247 84 190 57 148 203 249 184 82 154 142 252 96 10 238 213 113
11 196 3 22 17 114 97 29 192 221 166 24 177 137 122 253 5 28 204 0 168 2 201 231 130 214 1 176 4 52 172 13 173 125 107 65 18 224 37 182 32 226 47 20 193 25 59 6 63 254 203 205 85 14 19 58 129 159 38 102 41 191 108 42 56 36 202 127 133 71 179 197 207 95 255 199 248 30 251 73 31 115 27 109 44 123 185 220 8 35 43 164 183 227 118 128 83 55 218 80 165 49 101 68 135 143 235 116 117 40 131 228 82 89 110 208 54 181 74 180 77 198 211 33 9 239 105 152 15 23 155 16 171 156 242 64 141 86 240 87 48 75 174 34 212 46 62 146 78 53 121 67 167 234 88 61 111 169 104 79 106 81 51 69 70 91 229 236 237 233 92 215 45 222 132 100 7 194 170 200 157 50 160 98 12 90 120 145 163 66 136 219 241 21 140 94 138 246 119 230 93 217 161 126 210 103 225 139 162 209 112 189 153 244 147 175 144 99 149 151 245 178 26 60 134 223 186 158 195 232 150 216 39 188 187 206 243 250 72 247 84 190 57 148 124 249 184 76 154 142 252 96 10 238 213 113
11 196 3 22 17 114 97 29 192 221 225 24 177 137 122 253 5 28 75 0 168 2 201 231 130 214 1 176 4 52 68 13 173 209 107 25 8 224 37 182 32 226 27 20 193 65 59 6 63 245 203 205 85 14 19 58 229 159 38 102 41 191 108 42 56 36 202 127 133 71 179 197 207 95 255 199 236 30 251 73 31 115 47 109 44 123 185 220 78 35 43 164 183 129 118 128 83 55 218 80 165 49 101 18 135 143 235 116 117 40 186 228 82 89 110 208 54 181 74 180 148 198 211 33 9 239 105 152 15 23 155 16 171 156 242 64 81 86 240 87 48 204 174 34 212 46 62 146 254 53 121 67 167 234 88 61 111 169 104 79 106 172 51 69 70 91 158 248 237 233 92 215 45 222 132 100 7 194 170 200 157 50 160 98 12 90 120 145 163 66 136 219 241 21 140 94 138 246 119 230 93 217 161 126 210 103 141 139 162 124 112 189 153 244 147 175 144 99 149 151 227 178 26 60 134 223 131 166 195 232 150 216 39 188 187 206 243 250 72 247 84 190 57 77 125 249 184 76 154 142 252 96 10 238 213 113
11 196 3 22 17 114 97 29 192 221 225 24 177 137 122 253 5 28 75 0 168 2 201 231 130 214 1 176 4 52 68 13 173 209 107 25 8 224 37 182 32 226 27 20 193 65 59 6 63 245 203 205 85 14 19 58 229 159 38 102 41 191 108 42 56 36 202 127 133 71 179 197 207 95 255 199 248 30 251 73 31 115 47 109 44 123 185 220 78 35 43 164 183 129 118 128 83 55 218 80 165 49 101 18 135 143 235 116 117 40 186 228 82 89 110 208 54 181 74 180 148 198 211 33 9 239 105 152 15 23 155 16 171 156 242 64 81 86 240 87 48 204 174 34 212 46 62 146 254 53 121 67 167 234 88 61 111 169 104 79 106 172 51 69 70 91 158 236 237 233 92 215 45 222 132 100 7 194 170 200 157 50 160 98 12 90 120 145 163 66 136 219 241 21 140 94 138 246 119 230 93 217 161 126 210 103 141 139 162 124 112 189 153 244 147 175 144 99 149 151 227 178 26 60 134 223 131 166 195 232 150 216 39 188 187 206 243 250 72 247 84 190 57 77 125 249 184 76 154 142 252 96 10 238 213 113
11 196 3 22 17 114 97 29 192 221 227 24 177 252 122 253 5 28 204 0 168 2 201 231 130 214 186 176 4 52 68 13 173 125 107 25 8 224 37 182 32 226 27 20 193 65 59 6 63 245 203 205 85 14 19 58 229 159 38 102 41 191 108 42 56 36 202 127 133 71 179 197 207 95 255 199 248 30 251 73 31 115 47 109 44 123 185 220 78 35 43 164 183 1 118 128 83 55 218 80 165 49 101 18 135 143 235 116 117 40 129 228 82 89 110 208 54 181 74 180 77 198 211 33 9 239 105 152 15 23 155 16 171 156 242 64 81 86 124 87 48 75 174 34 212 46 62 146 254 53 121 67 167 234 88 61 111 169 104 137 106 172 51 69 70 91 158 236 237 233 92 215 45 222 132 100 7 194 170 200 157 50 160 98 12 90 120 145 163 66 136 219 241 21 140 94 138 246 119 230 93 217 161 126 210 76 141 139 162 103 112 189 153 244 147 175 144 99 149 151 225 178 26 60 134 223 131 166 195 232 150 216 39 188 187 206 243 250 72 247 84 190 57 148 209 249 184 240 154 142 79 96 10 238 213 113
11 196 3 22 17 114 97 29 192 221 227 24 177 252 122 253 5 28 204 0 168 155 201 231 130 214 186 176 4 52 68 13 173 125 107 25 8 224 37 182 32 226 27 20 193 65 59 6 63 245 203 205 85 14 19 58 229 159 38 102 41 191 108 42 56 36 202 127 133 71 179 197 207 95 255 199 248 30 251 73 31 115 47 109 44 123 185 220 78 35 43 164 183 1 118 128 83 55 218 80 165 49 101 18 135 143 235 116 117 40 129 228 82 89 110 208 54 181 74 180 77 198 211 33 9 239 105 152 15 23 2 16 171 156 242 64 81 86 124 87 48 75 174 34 212 46 62 146 254 53 121 67 167 234 88 61 111 169 104 137 106 172 51 69 70 91 158 236 237 233 92 215 45 222 132 100 7 194 170 200 157 50 160 98 12 90 120 145 163 66 136 219 241 21 140 94 138 246 119 230 93 217 161 126 210 76 141 139 162 103 112 189 153 244 147 175 144 99 149 151 225 178 26 60 134 223 131 166 195 232 150 216 39 188 187 206 243 250 72 247 84 190 57 148 209 249 184 240 154 142 79 96 10 238 213 113
11 196 3 22 17 114 97 29 210 221 36 24 177 137 122 253 5 28 204 0 168 2 201 231 130 214 1 176 4 52 172 13 173 125 107 65 8 224 37 182 32 226 47 20 193 25 59 6 63 78 203 205 85 14 19 58 129 159 38 102 110 191 108 42 56 166 202 127 133 71 179 142 207 95 255 199 248 30 251 73 31 115 27 109 44 123 185 220 18 35 43 164 183 227 118 128 83 55 218 80 165 49 101 68 135 143 235 116 117 40 229 254 82 89 41 208 54 181 74 180 77 198 211 33 9 239 105 152 192 228 155 16 171 156 242 64 81 86 240 87 48 75 174 34 212 46 62 146 23 53 121 67 167 234 88 61 111 169 104 79 106 141 51 69 70 91 131 236 237 233 92 215 45 222 132 100 7 194 170 200 157 50 160 98 12 90 120 145 163 66 136 219 241 21 140 94 138 246 119 230 93 217 161 126 15 103 225 139 162 209 112 189 153 244 147 175 144 99 149 151 245 178 26 60 134 223 186 158 195 232 150 216 39 188 187 206 243 250 72 247 84 190 57 148 124 249 184 76 154 197 252 96 10 238 213 113
11 196 3 22 17 114 97 29 210 221 227 24 177 137 122 253 5 28 204 0 168 2 151 231 130 214 1 176 4 52 68 13 173 209 107 25 8 224 142 182 32 226 27 20 193 65 59 6 63 245 203 205 85 14 19 58 229 159 38 102 41 191 108 42 56 115 202 127 133 71 179 197 207 95 255 199 248 30 251 73 31 36 47 109 44 123 185 220 170 35 43 164 183 129 118 128 83 55 218 80 165 49 101 18 135 143 235 116 117 40 186 228 82 89 110 208 54 181 172 180 77 198 211 33 9 239 105 152 192 23 155 16 171 156 242 64 81 86 240 154 48 75 174 34 153 46 62 146 254 53 121 67 167 234 88 61 111 169 104 79 106 74 51 69 70 91 158 236 237 233 92 215 45 222 132 100 7 194 78 200 157 50 160 98 12 90 120 145 163 66 136 219 241 21 140 94 138 246 119 230 93 217 161 126 15 76 141 139 162 103 112 189 212 244 147 175 144 99 149 201 225 178 26 60 134 223 131 166 195 232 150 216 39 188 187 206 243 250 72 247 84 190 57 148 87 249 184 124 125 37 252 96 10 238 213 113
11 196 3 22 17 114 97 29 245 221 227 24 177 137 122 253 5 28 204 0 168 2 201 231 130 214 1 176 4 52 68 13 173 125 107 25 8 111 37 182 32 226 27 20 193 65 59 6 63 15 203 205 85 14 19 58 229 159 38 102 41 191 108 42 56 36 202 127 133 71 179 197 207 95 255 199 248 30 251 73 31 115 155 92 44 123 185 228 78 35 43 164 183 129 118 128 83 55 218 80 165 49 101 18 135 217 235 116 117 40 186 220 82 89 110 208 54 181 74 180 77 198 211 33 9 239 105 152 192 23 47 16 171 156 242 64 81 86 240 87 48 75 174 34 212 46 62 146 254 106 121 67 167 234 88 61 224 169 104 79 53 172 51 69 70 91 158 236 237 233 109 215 45 222 132 100 7 194 170 200 157 50 160 98 12 90 120 145 163 66 136 219 241 21 140 94 138 246 119 230 93 143 161 126 210 103 141 139 162 76 112 189 153 244 147 175 144 99 149 151 225 178 26 60 134 223 131 166 195 232 150 216 39 188 187 206 243 250 72 247 84 190 57 148 209 249 184 124 154 142 252 96 10 238 213 113
11 196 3 22 17 114 97 29 245 221 227 24 177 137 122 253 5 28 204 0 168 6 201 231 130 214 1 176 4 52 68 13 173 209 107 25 8 224 15 182 32 226 27 20 193 65 59 2 63 37 125 205 85 14 19 58 229 159 38 134 41 191 108 42 56 36 202 127 133 71 179 197 207 95 255 199 248 30 251 73 31 115 47 109 44 123 200 220 78 35 43 164 183 129 118 128 83 147 218 80 165 49 101 18 135 143 235 116 117 40 186 228 82 89 110 208 54 181 74 180 77 198 211 33 9 239 66 51 192 23 155 16 171 156 242 64 124 86 240 87 48 234 174 34 212 46 151 146 254 53 121 67 167 75 88 61 111 169 104 79 106 172 139 69 70 91 158 236 237 233 92 215 45 222 132 100 7 194 170 185 157 50 160 98 12 90 120 145 163 203 136 219 241 21 140 94 138 246 119 230 93 217 161 126 210 103 141 152 162 76 112 189 153 244 55 175 144 99 149 62 225 178 26 60 102 223 131 166 195 232 150 216 39 188 187 206 243 250 72 247 84 190 57 148 105 249 184 81 154 142 252 96 10 238 213 113
11 196 3 22 17 114 97 50 15 127 166 24 177 137 122 253 5 28 74 0 168 231 201 2 130 173 1 176 4 52 94 13 214 125 107 25 8 224 37 182 32 226 27 20 193 65 59 6 63 78 203 205 85 14 19 58 129 159 38 102 255 191 108 42 56 36 202 240 133 71 179 197 207 95 41 199 248 30 251 73 31 115 47 109 44 123 185 151 70 35 43 164 183 227 118 128 83 55 218 80 165 49 101 68 135 143 235 116 117 40 131 228 82 89 110 208 54 181 204 180 77 198 211 33 9 239 105 152 192 23 155 16 113 171 242 64 252 86 221 87 48 156 174 34 212 46 62 146 254 53 121 67 167 234 88 61 111 100 104 79 106 141 51 69 172 91 229 236 237 233 92 215 45 222 132 169 7 194 170 200 157 29 160 98 12 90 120 145 163 66 136 219 241 21 140 18 138 246 119 230 93 217 161 126 210 103 225 139 162 209 112 189 153 244 147 175 144 99 149 220 245 178 26 60 134 223 186 158 195 232 150 216 39 188 187 206 243 250 72 247 84 190 57 148 124 249 184 76 154 142 81 96 10 238 213 75
11 196 3 22 17 114 97 61 15 221 227 24 177 137 122 197 5 28 204 0 168 2 201 231 130 214 1 116 4 52 68 13 173 125 107 25 8 224 37 182 32 226 27 20 193 65 59 6 63 245 203 205 85 14 19 58 229 159 38 102 41 191 108 42 56 54 202 127 133 71 179 253 40 95 255 199 248 30 251 73 31 115 247 109 44 123 185 220 78 35 43 176 183 129 118 128 83 55 218 80 165 49 101 18 135 143 235 164 117 207 186 228 82 89 110 208 36 181 74 180 77 198 211 33 9 136 105 152 192 23 155 16 171 156 242 64 81 86 240 87 48 75 174 34 212 46 62 146 254 53 121 67 167 234 88 29 111 169 104 79 106 172 51 69 70 91 158 236 237 233 92 215 45 222 132 100 7 194 170 200 157 50 160 98 12 90 120 145 163 66 239 219 241 21 140 94 138 246 119 230 93 217 161 126 210 76 141 139 162 103 112 189 153 244 147 175 144 99 149 151 225 178 26 60 134 223 131 166 195 232 150 216 39 188 187 206 243 250 72 47 84 190 57 148 209 249 184 124 154 142 252 96 10 238 213 113
11 196 3 22 17 114 97 61 15 221 227 24 177 137 122 253 5 28 204 0 168 2 201 231 130 214 1 116 4 52 68 13 173 125 107 25 8 224 37 182 32 226 27 20 193 65 59 6 63 245 203 205 85 14 19 58 229 159 38 102 41 191 108 42 56 36 202 127 133 71 179 197 40 95 255 199 248 30 251 73 31 115 247 109 44 123 185 220 78 35 43 176 183 129 118 128 83 55 218 80 165 49 101 18 135 143 235 164 117 207 186 228 82 89 110 208 54 181 74 180 77 198 211 33 9 136 105 152 192 23 155 16 171 156 242 64 81 86 240 87 48 75 174 34 212 46 62 146 254 53 121 67 167 234 88 29 111 169 104 79 106 172 51 69 70 91 158 236 237 233 92 215 45 222 132 100 7 194 170 200 157 50 160 98 12 90 120 145 163 66 239 219 241 21 140 94 138 246 119 230 93 217 161 126 210 76 141 139 162 103 112 189 153 244 147 175 144 99 149 151 225 178 26 60 134 223 131 166 195 232 150 216 39 188 187 206 243 250 72 47 84 190 57 148 209 249 184 124 154 142 252 96 10 238 213 113
11 196 3 22 17 114 97 61 15 221 227 24 177 137 122 253 5 28 204 0 168 2 201 231 130 214 1 116 4 52 68 13 173 125 107 25 8 224 37 182 32 226 27 20 193 65 59 6 63 245 203 205 85 14 19 58 229 159 38 102 41 191 108 42 56 54 202 127 133 71 179 197 40 95 255 199 248 30 251 73 31 115 247 109 44 123 185 220 78 35 43 176 183 129 118 128 83 55 218 80 165 49 101 18 135 143 235 164 117 207 186 228 82 89 110 208 36 181 74 180 77 198 211 33 9 136 105 152 192 23 155 16 171 156 242 64 81 86 240 87 48 75 174 34 212 46 62 146 254 53 121 67 167 234 88 29 111 169 104 79 106 172 51 69 70 91 158 236 237 233 92 215 45 222 132 100 7 194 170 200 157 50 160 98 12 90 120 145 163 66 239 219 241 21 140 94 138 246 119 230 93 217 161 126 210 76 141 139 162 103 112 189 153 244 147 175 144 99 149 151 225 178 26 60 134 223 131 166 195 232 150 216 39 188 187 206 243 250 72 47 84 190 57 148 209 249 184 124 154 142 252 96 10 238 213 113
11 196 3 22 17 114 97 63 15 221 227 24 177 137 122 253 5 28 204 0 168 2 201 231 130 214 1 176 4 52 172 13 173 125 107 25 8 224 37 182 32 226 27 20 193 65 59 6 225 166 203 205 85 14 19 58 229 159 38 102 41 191 108 42 56 36 202 127 133 71 179 197 207 95 255 199 248 30 251 73 31 115 47 109 44 123 185 220 78 35 43 164 183 18 118 128 83 55 218 80 165 49 101 68 135 143 235 116 117 40 129 187 82 89 110 208 54 181 74 152 77 198 211 33 9 239 105 158 192 23 155 16 171 156 242 64 81 86 240 87 48 75 174 34 212 46 62 146 254 53 121 67 167 234 88 61 111 169 104 79 106 141 51 69 70 91 131 236 92 233 237 215 45 222 132 100 7 194 170 200 157 50 160 98 12 90 120 145 163 66 136 219 241 21 140 94 138 246 119 230 93 217 161 126 210 103 76 139 162 209 112 189 153 244 147 175 144 99 149 151 245 178 26 60 134 223 186 180 195 232 150 216 39 188 228 206 243 250 72 247 84 190 57 148 124 249 184 29 154 142 252 96 10 238 213 113
11 196 3 22 17 114 97 66 37 221 227 24 177 137 122 253 5 28 204 0 168 2 201 231 130 214 254 176 4 52 68 13 173 209 107 46 8 224 15 182 32 226 27 20 193 147 59 6 63 245 203 205 85 14 19 58 229 159 38 102 41 191 108 42 56 36 202 127 133 45 179 197 207 95 255 199 248 30 251 143 31 115 123 109 44 47 185 220 78 35 43 164 183 129 118 128 83 55 218 80 165 49 101 18 135 73 235 116 117 40 186 228 82 89 110 208 54 181 74 180 77 198 211 33 9 239 105 152 192 23 155 16 154 156 242 64 81 86 240 87 48 75 174 34 212 25 62 146 1 53 121 67 167 234 88 61 111 169 104 79 106 172 51 69 70 91 158 236 237 233 92 215 71 222 132 100 7 194 170 200 157 50 160 98 12 90 120 145 163 29 136 219 241 21 140 94 138 246 119 230 93 217 161 126 210 103 141 139 162 124 112 189 153 244 65 175 144 99 149 151 225 178 26 60 134 223 131 166 195 232 150 216 39 188 187 206 243 250 72 247 84 190 57 148 125 249 184 76 171 142 252 96 10 238 213 113
11 196 3 22 17 114 97 84 15 221 227 24 177 252 122 253 5 28 204 0 168 2 201 231 130 214 1 176 4 52 68 13 173 125 107 243 8 226 37 182 32 108 27 20 193 65 59 224 63 245 203 205 85 14 19 58 229 159 38 102 41 191 6 42 56 36 202 127 133 71 179 197 207 95 255 199 248 30 251 73 31 104 47 109 44 123 185 220 78 35 43 164 183 18 118 128 83 55 218 80 165 49 101 172 135 143 235 116 117 40 129 228 82 89 110 208 54 181 74 180 77 198 211 33 9 239 105 152 192 23 155 16 171 156 242 64 81 86 240 87 48 75 174 34 212 46 62 146 254 53 121 67 167 234 88 61 111 169 115 79 106 103 51 69 70 166 131 236 237 233 92 215 45 222 132 100 7 194 170 200 157 50 160 142 12 90 120 145 163 66 136 219 241 21 140 94 76 246 119 230 93 217 161 126 210 91 141 139 162 209 112 189 153 244 147 175 144 99 149 29 225 178 26 60 134 223 186 158 195 232 150 216 39 188 187 206 25 250 72 247 151 190 57 148 124 249 184 138 154 98 137 96 10 238 213 113
11 196 3 22 17 114 97 89 15 221 227 24 177 137 122 253 5 28 204 0 168 2 151 231 130 214 1 176 4 52 68 13 173 237 107 25 8 224 37 182 32 226 27 20 193 65 59 6 63 245 203 205 85 14 19 58 229 159 38 102 41 191 108 42 56 36 202 127 133 71 179 197 207 95 255 199 248 30 251 73 31 115 47 109 44 123 185 243 78 35 43 164 183 129 118 128 83 55 218 80 165 49 101 18 135 143 235 116 117 40 186 228 82 29 110 208 54 181 74 180 77 198 211 33 9 239 105 152 192 23 155 16 171 156 242 64 81 86 240 87 48 75 174 34 212 46 62 146 254 53 121 67 167 234 88 61 111 169 104 79 106 172 51 69 70 91 158 236 125 233 92 215 45 222 132 100 7 194 170 200 220 50 160 98 12 90 120 145 163 66 136 219 241 21 140 94 138 246 119 230 93 217 161 126 210 103 141 223 162 76 112 189 153 244 147 175 144 99 149 201 225 178 26 60 134 157 131 166 195 232 150 216 39 188 187 206 139 250 72 247 84 190 57 148 209 249 184 124 154 142 252 96 10 238 213 113
11 196 3 22 17 114 97 89 15 221 227 24 177 137 122 253 5 28 204 0 168 2 151 231 130 214 1 176 4 52 68 13 173 237 107 25 8 224 37 182 32 226 27 20 193 65 59 6 63 245 203 205 85 14 19 58 229 159 38 102 41 191 108 42 56 36 202 127 133 71 179 197 207 95 255 199 248 84 251 73 31 115 47 109 44 123 185 243 78 35 43 164 183 129 118 128 83 55 218 80 165 49 101 18 135 143 235 116 117 40 186 228 82 29 110 208 54 181 74 180 77 198 211 33 9 239 105 152 192 23 155 16 171 156 242 64 81 86 240 87 48 75 174 34 212 46 62 146 254 53 121 67 167 234 88 61 111 169 104 79 106 172 51 69 70 91 158 236 125 233 92 215 45 222 132 100 7 194 170 200 220 50 160 98 12 90 120 145 163 66 136 219 241 21 140 94 138 246 119 230 93 217 161 126 210 103 141 223 162 76 112 189 153 244 147 175 144 99 149 201 225 178 26 60 134 157 131 166 195 232 150 216 39 188 187 206 139 250 72 247 30 190 57 148 209 249 184 124 154 142 252 96 10 238 213 113
11 196 3 22 17 114 97 89 15 221 227 24 177 137 122 253 5 28 204 0 168 2 209 231 130 214 1 176 4 52 68 13 173 125 107 25 8 224 37 182 32 226 27 20 193 65 59 6 63 245 203 205 85 14 19 58 229 159 38 102 124 191 108 42 56 36 202 127 133 71 179 197 207 95 255 199 248 30 251 73 31 115 47 109 44 123 185 220 78 35 43 164 183 129 118 128 83 55 218 80 165 49 101 18 135 143 235 116 117 40 186 228 82 29 110 208 54 181 74 180 77 198 211 33 9 239 105 152 192 23 155 16 171 156 242 64 81 86 240 87 48 75 174 34 212 46 62 146 254 53 121 67 167 234 88 61 111 169 104 79 106 172 51 69 70 91 158 236 237 233 92 215 45 222 132 100 7 194 170 200 157 50 160 98 12 90 120 145 163 66 136 219 241 21 140 94 138 246 119 230 93 217 161 126 210 103 141 139 162 76 112 189 153 244 147 175 144 99 149 151 225 178 26 60 134 223 131 166 195 232 150 216 39 188 187 206 243 250 72 247 84 190 57 148 201 249 184 41 154 142 252 96 10 238 213 113
11 196 3 22 17 114 97 89 15 221 227 24 177 137 122 253 5 28 204 0 168 2 209 231 130 214 1 176 4 52 68 171 173 125 107 25 8 224 37 182 32 226 27 20 193 65 59 6 63 245 203 205 85 14 19 58 229 159 38 102 124 191 108 42 56 36 202 127 133 71 179 197 207 95 255 199 248 30 251 73 31 115 47 109 44 123 185 220 78 35 43 164 183 129 118 128 83 55 218 80 165 49 101 18 135 143 235 116 117 40 186 228 82 29 110 208 54 181 74 180 77 198 211 33 9 239 105 152 192 23 155 16 13 156 242 64 81 86 240 87 48 75 174 34 212 46 62 146 254 53 121 67 167 234 88 61 111 169 104 79 106 172 51 69 70 91 158 236 237 233 92 215 45 222 132 100 7 194 170 200 157 50 160 98 12 90 120 145 163 66 136 219 241 21 140 94 138 246 119 230 93 217 161 126 210 103 141 139 162 76 112 189 153 244 147 175 144 99 149 151 225 178 26 60 134 223 131 166 195 232 150 216 39 188 187 206 243 250 72 247 84 190 57 148 201 249 184 41 154 142 252 96 10 238 213 113
11 196 3 22 17 114 97 89 15 221 227 24 177 154 122 253 5 28 204 0 168 2 194 231 130 214 129 176 4 52 68 13 173 209 107 25 8 224 37 182 32 226 27 20 193 65 59 6 63 245 203 205 85 14 19 58 229 159 38 102 41 191 108 42 56 36 202 127 133 71 179 197 207 95 255 199 248 30 251 73 31 115 47 109 44 123 185 220 78 35 43 164 183 1 118 128 83 55 218 80 165 49 101 18 135 143 235 116 117 40 186 228 82 29 110 208 54 181 74 180 77 198 211 33 9 239 105 152 192 23 155 16 171 156 242 64 81 86 240 87 48 75 174 34 212 46 62 146 254 53 121 67 167 234 88 61 111 169 104 79 106 172 51 69 70 91 158 236 237 233 92 215 45 222 132 100 7 151 170 200 157 50 160 98 12 90 120 145 163 66 136 219 241 21 140 94 138 246 119 230 93 217 161 126 210 76 141 139 162 103 112 189 153 244 147 175 144 99 149 201 225 178 26 60 134 223 131 166 195 232 150 216 39 188 187 206 243 250 72 247 84 190 57 148 137 249 184 124 125 142 252 96 10 238 213 113
11 196 3 22 17 114 97 122 15 221 166 24 177 137 29 253 5 28 204 0 168 2 201 231 130 214 1 176 4 52 172 13 173 237 107 25 8 224 37 182 32 226 27 20 193 65 59 6 63 78 203 205 85 14 19 58 129 159 38 102 41 191 108 42 56 36 202 127 133 71 179 197 207 95 255 199 248 30 251 73 31 115 47 109 44 218 185 220 18 35 242 164 183 227 118 128 83 55 123 80 165 49 101 68 135 229 235 116 117 40 143 228 82 89 110 208 54 181 74 180 77 198 211 33 9 239 105 152 192 23 155 16 171 156 43 64 81 86 240 87 48 75 174 34 212 46 62 146 254 53 121 67 167 234 88 61 111 169 104 79 106 141 51 69 70 91 131 236 125 233 92 215 45 222 132 100 7 194 170 200 157 50 160 98 12 90 120 145 163 66 136 219 241 21 140 94 138 246 119 230 93 217 161 126 210 103 225 139 162 209 112 189 153 244 147 175 144 99 149 151 245 178 26 60 134 223 186 158 195 232 150 216 39 188 187 206 243 250 72 247 84 190 57 148 124 249 184 76 154 142 252 96 10 238 213 113
11 196 3 22 17 114 97 124 15 221 227 24 177 137 122 253 5 28 204 0 168 2 151 231 34 214 1 176 4 52 68 13 173 209 107 25 8 224 37 182 32 226 40 20 108 65 59 6 63 245 203 205 85 14 19 58 229 159 38 102 41 191 193 42 56 36 202 127 133 71 179 197 207 95 255 199 248 30 251 73 31 115 47 109 44 123 185 220 78 35 43 164 183 129 118 128 83 55 218 80 165 49 101 18 135 143 235 239 117 27 186 228 82 89 110 208 54 181 74 180 77 198 211 79 9 116 105 152 192 23 155 16 171 156 242 64 81 86 240 87 48 75 174 130 212 46 62 146 254 53 121 67 167 234 88 61 111 169 104 33 106 172 51 69 70 91 158 236 237 233 92 215 45 222 132 100 7 194 170 200 157 50 160 98 12 90 120 145 163 66 136 219 241 21 140 94 138 246 119 230 93 217 161 126 210 76 141 139 162 103 112 189 153 244 147 175 144 99 149 201 225 178 26 60 134 223 131 166 195 232 150 216 39 188 187 206 243 250 72 247 84 190 57 148 154 249 184 29 238 142 252 96 10 125 213 113
11 196 3 22 17 114 97 129 15 221 227 29 177 137 122 253 5 28 204 0 168 2 201 231 130 214 1 176 4 52 68 13 173 125 107 25 8 224 37 182 32 226 27 20 193 65 59 6 63 245 203 205 85 14 19 58 229 159 38 102 41 191 108 42 56 36 202 127 133 71 179 197 138 95 255 199 248 30 251 73 31 115 47 109 44 123 185 220 78 35 43 164 183 24 118 128 83 55 218 80 165 49 101 18 135 143 235 116 117 40 186 228 82 89 110 208 54 181 74 180 77 198 211 33 9 239 105 152 192 23 155 16 171 156 242 64 81 86 240 87 48 75 174 34 212 46 62 146 254 53 121 67 167 234 88 61 111 169 104 79 106 172 51 69 70 91 158 236 237 233 92 215 45 222 132 100 7 194 170 200 157 50 160 98 12 90 120 145 163 66 136 219 241 21 140 94 207 246 119 230 93 217 161 126 210 76 141 139 162 103 112 189 153 244 147 175 144 99 149 151 225 178 26 60 134 223 131 166 195 232 150 216 39 188 187 206 243 250 72 247 84 190 57 148 209 249 184 124 154 142 252 96 10 238 213 113
11 196 3 22 17 114 97 129 15 221 227 29 177 137 122 253 5 28 204 0 168 2 201 231 130 214 1 176 4 52 68 13 173 125 107 25 8 224 37 182 32 226 27 20 193 65 59 6 63 245 203 205 85 14 19 58 229 159 38 102 41 191 108 42 56 36 202 127 133 71 179 197 138 95 255 199 248 30 251 73 31 115 47 109 44 123 185 220 78 35 43 164 183 24 118 128 83 55 218 80 165 49 101 18 135 143 235 116 117 40 186 228 82 89 110 208 54 181 74 180 77 198 211 33 9 239 105 152 192 23 155 16 171 156 242 64 81 86 240 87 48 75 174 34 212 46 62 146 254 53 121 67 167 234 88 61 111 169 104 79 106 172 51 69 70 247 158 236 237 233 92 215 45 222 132 100 7 194 170 200 157 50 160 98 12 90 120 145 163 66 136 219 241 21 140 94 207 246 119 230 93 217 161 126 210 76 141 139 162 103 112 189 153 244 147 175 144 99 149 151 225 178 26 60 134 223 131 166 195 232 150 216 39 188 187 206 243 250 72 91 84 190 57 148 209 249 184 124 154 142 252 96 10 238 213 113
11 196 3 22 17 114 97 147 15 221 227 24 177 137 122 253 5 28 204 0 168 2 201 231 130 214 1 176 4 52 172 13 173 125 107 25 8 224 37 182 32 226 27 211 193 65 59 6 63 166 203 205 85 14 19 58 229 159 38 102 41 191 108 42 56 36 202 127 133 71 179 197 207 95 255 199 248 30 251 73 31 115 47 43 44 123 185 220 78 35 109 164 183 134 118 128 83 55 67 80 165 49 101 68 135 143 235 116 117 40 129 228 82 89 110 208 54 181 74 180 77 198 139 33 9 239 105 152 192 23 155 16 171 156 242 64 81 86 240 87 48 75 174 34 212 210 62 146 254 53 121 218 167 234 88 61 111 169 26 79 106 141 51 69 70 91 131 72 92 233 237 215 45 222 132 100 7 194 170 200 157 50 160 98 12 90 120 145 163 66 136 219 241 21 140 94 138 246 119 230 93 217 161 126 46 103 225 20 162 209 112 189 153 244 29 175 144 99 149 151 245 178 104 60 18 223 186 158 195 232 150 216 39 188 187 206 243 250 236 247 84 190 57 148 124 249 184 76 154 142 252 96 10 238 213 113
11 196 3 22 17 114 97 147 15 221 227 24 177 137 122 253 5 28 204 0 168 2 201 231 130 214 1 176 4 52 172 13 173 125 107 25 8 224 37 182 32 226 27 211 193 65 59 6 63 166 203 205 85 14 19 58 229 159 38 102 41 191 108 42 56 36 202 127 133 71 179 197 207 95 255 199 248 30 251 73 31 115 47 43 44 123 185 220 78 35 109 164 183 134 118 128 83 55 67 80 165 49 101 68 135 143 235 116 117 40 129 228 82 89 110 208 54 181 74 180 77 198 139 33 9 239 105 152 192 23 155 16 171 156 242 64 81 86 240 87 48 75 174 34 212 210 62 146 254 53 121 218 167 234 88 61 111 169 26 79 106 141 51 69 70 91 131 72 92 233 237 215 45 222 145 100 7 194 170 200 157 50 160 98 12 90 120 132 163 66 136 219 241 21 140 94 138 246 119 230 93 217 161 126 46 103 225 20 162 209 112 189 153 244 29 175 144 99 149 151 245 178 104 60 18 223 186 158 195 232 150 216 39 188 187 206 243 250 236 247 84 190 57 148 124 249 184 76 154 142 252 96 10 238 213 113
11 196 3 22 17 114 97 149 15 64 34 123 177 137 122 253 5 28 204 0 168 2 151 231 130 214 1 176 4 52 68 13 173 209 107 67 8 224 37 182 32 226 27 20 193 65 59 6 63 245 203 205 85 14 19 58 229 159 81 102 41 191 108 42 56 247 202 45 133 140 179 197 207 95 255 199 248 30 251 73 31 115 47 109 120 24 185 220 78 35 43 164 183 129 118 128 83 55 218 80 165 49 101 18 135 143 235 116 117 40 186 228 82 89 110 208 54 181 74 180 77 198 211 33 9 239 105 152 192 23 155 16 171 156 242 221 38 86 240 87 48 75 174 227 212 46 62 146 254 53 121 25 167 234 88 61 111 169 104 79 106 172 51 69 70 91 158 236 237 233 92 215 71 222 132 100 7 194 170 200 157 50 160 98 12 90 243 145 163 66 136 219 241 21 162 94 138 246 119 230 93 217 161 126 210 103 141 139 127 213 112 189 153 244 147 175 144 99 29 201 225 178 26 60 134 223 131 166 195 232 150 216 39 188 187 206 44 250 72 36 84 190 57 148 125 249 184 124 154 142 252 96 10 238 76 113
11 196 3 22 17 114 97 156 15 221 227 24 177 76 122 253 5 28 204 0 168 2 151 231 130 214 1 176 4 52 68 13 173 209 107 25 8 224 37 182 32 226 27 20 193 65 59 6 63 245 203 205 85 14 19 58 229 159 81 102 41 191 108 42 56 47 202 127 133 71 179 197 207 95 255 199 248 30 251 73 31 115 155 109 44 123 185 220 40 35 43 164 183 201 118 70 83 55 218 80 165 49 101 18 135 143 235 116 117 78 186 228 82 89 110 208 54 181 74 180 77 198 211 33 9 239 105 152 192 23 36 16 171 29 242 64 38 86 240 87 48 75 174 34 212 46 166 146 254 53 121 67 167 234 88 61 111 169 104 79 238 172 51 69 128 91 125 236 237 233 92 215 45 222 132 100 7 194 170 200 157 50 160 98 12 90 120 145 137 66 136 219 241 21 140 94 138 246 119 230 93 217 161 126 210 103 141 139 162 163 112 189 153 244 147 175 144 99 149 129 225 178 26 60 134 223 131 62 195 232 150 216 39 188 187 206 243 250 72 247 84 190 57 148 158 249 184 124 154 142 252 96 10 106 213 113
11 196 3 22 17 114 97 156 15 221 227 24 177 76 122 253 5 28 204 0 168 2 151 231 130 214 1 176 4 52 68 13 173 209 107 25 8 224 37 182 32 226 27 20 193 65 59 6 63 245 203 205 85 14 19 58 229 159 81 102 41 191 108 42 56 47 202 127 133 71 179 197 207 95 255 199 248 30 251 73 31 115 155 109 44 123 185 220 78 35 43 164 183 201 118 70 83 55 218 80 165 49 101 18 135 143 235 116 117 40 186 228 82 89 110 208 54 181 74 180 77 198 211 33 9 239 105 152 192 23 36 16 171 29 242 64 38 86 240 87 48 75 174 34 212 46 166 146 254 53 121 67 167 234 88 61 111 169 104 79 238 172 51 69 128 91 125 236 237 233 92 215 45 222 132 100 7 194 170 200 157 50 160 98 12 90 120 145 137 66 136 219 241 21 140 94 138 246 119 230 93 217 161 126 210 103 141 139 162 163 112 189 153 244 147 175 144 99 149 129 225 178 26 60 134 223 131 62 195 232 150 216 39 188 187 206 243 250 72 247 84 190 57 148 158 249 184 124 154 142 252 96 10 106 213 113
11 196 3 22 17 114 97 175 15 221 227 24 177 154 122 253 5 28 204 0 168 2 194 231 130 214 129 176 4 52 68 13 173 209 107 25 8 224 37 182 32 226 27 20 193 65 59 6 63 245 203 205 85 14 19 58 229 159 38 102 41 191 108 42 56 36 202 127 133 71 179 197 207 95 255 199 248 30 251 73 31 115 47 109 44 123 185 220 78 35 43 164 183 1 118 128 83 55 218 80 165 49 101 18 135 143 235 116 117 40 186 228 82 29 110 208 54 181 74 180 77 198 211 33 9 239 105 152 192 23 155 16 171 156 242 64 81 86 240 87 48 75 174 34 212 46 62 146 254 53 121 67 167 234 88 61 111 169 104 79 106 172 51 69 70 91 158 236 237 233 92 215 45 222 132 100 7 151 170 200 157 50 160 98 12 90 120 145 163 66 136 219 241 21 140 94 138 246 119 230 93 217 161 126 210 76 141 139 162 103 112 189 153 244 147 89 144 99 149 201 225 178 26 60 134 223 131 166 195 232 150 216 39 188 187 206 243 250 72 247 84 190 57 148 137 249 184 124 125 142 252 96 10 238 213 113
11 196 3 22 17 114 97 175 15 221 227 24 177 154 122 253 5 28 204 0 168 2 194 231 130 214 129 176 4 52 68 13 173 209 107 25 8 224 37 182 32 226 27 20 193 65 59 6 63 245 203 205 85 14 19 58 229 159 38 102 41 191 108 42 56 36 202 127 133 71 179 197 207 95 255 199 248 30 251 73 31 115 47 109 44 123 185 220 78 35 43 164 183 1 118 128 83 55 218 80 165 49 101 18 135 143 235 116 117 40 186 228 82 29 110 208 54 181 74 180 77 198 211 33 9 239 105 152 192 23 155 16 171 156 242 64 81 86 240 87 48 75 174 34 212 46 62 146 254 53 121 67 167 234 88 61 111 169 104 137 106 172 51 69 70 91 158 236 237 233 92 215 45 222 132 100 7 151 170 200 157 50 160 98 12 90 120 145 163 66 136 219 241 21 140 94 138 246 119 230 93 217 161 126 210 76 141 139 162 103 112 189 153 244 147 89 144 99 149 201 225 178 26 60 134 223 131 166 195 232 150 216 39 188 187 206 243 250 72 247 84 190 57 148 79 249 184 124 125 142 252 96 10 238 213 113
11 196 3 22 17 114 97 177 210 221 227 24 29 137 122 253 5 28 204 0 168 2 151 231 130 214 1 176 4 52 68 13 173 209 107 25 8 224 142 182 32 226 27 20 193 65 59 6 63 245 203 205 85 14 19 58 229 159 38 102 41 191 108 42 56 115 202 127 133 71 179 197 207 95 255 199 248 30 251 73 31 36 47 109 44 123 185 220 170 35 43 164 183 129 118 128 83 55 218 80 165 49 101 18 135 143 235 116 117 40 186 228 82 89 110 208 54 181 172 180 77 198 211 33 9 239 105 152 192 23 155 16 171 156 242 64 81 86 240 154 48 75 174 34 153 46 62 146 254 53 121 67 167 234 88 61 111 169 104 79 106 74 51 69 70 91 158 236 237 233 92 215 45 222 132 100 7 194 78 200 157 50 160 98 12 90 120 145 163 66 136 219 241 21 140 94 138 246 119 230 93 217 161 126 15 76 141 139 162 103 112 189 212 244 147 175 144 99 149 201 225 178 26 60 134 223 131 166 195 232 150 216 39 188 187 206 243 250 72 247 84 190 57 148 87 249 184 124 125 37 252 96 10 238 213 113
11 196 3 22 17 114 97 194 15 221 227 24 177 137 122 253 5 28 204 0 168 2 201 231 130 214 1 176 4 52 172 13 173 125 107 25 8 224 37 182 32 226 27 20 193 65 59 6 63 80 203 205 85 14 19 58 229 159 38 102 41 191 108 42 56 36 202 127 133 71 179 197 207 95 255 199 248 30 251 73 31 115 47 109 44 123 185 220 78 35 43 164 183 18 118 128 83 55 218 166 165 49 101 68 135 143 235 116 117 40 129 124 82 89 110 208 54 181 74 180 77 198 211 33 9 239 105 152 192 23 155 16 171 156 242 64 81 86 240 87 48 75 174 34 212 46 62 146 254 53 121 67 167 234 88 61 111 169 104 79 106 141 51 69 70 91 131 236 92 233 237 215 45 222 132 100 7 29 170 200 157 50 160 98 12 90 120 145 163 66 136 219 241 21 140 94 138 246 119 230 93 217 161 126 210 103 225 139 162 209 112 189 153 244 147 175 144 99 149 151 245 178 26 60 134 223 186 158 195 232 150 216 39 188 187 206 243 250 72 247 84 190 57 148 228 249 184 76 154 142 252 96 10 238 213 113
11 196 3 22 17 114 97 194 15 221 227 24 177 186 122 253 5 28 204 0 168 144 201 231 130 214 1 176 4 52 172 13 173 125 107 25 8 224 37 182 32 226 27 20 193 65 59 6 63 166 203 205 85 14 19 58 229 159 38 102 41 191 108 42 56 36 202 127 133 71 179 197 207 95 255 199 248 30 251 73 31 115 67 109 44 123 185 220 131 35 43 164 183 18 118 128 83 55 218 80 165 149 101 68 135 143 212 247 117 40 129 228 82 89 110 208 54 181 74 180 77 198 211 33 9 239 92 152 192 23 155 16 2 156 242 64 81 86 240 87 48 75 174 34 235 46 62 146 254 53 121 47 167 234 88 61 111 169 104 79 106 141 51 69 70 91 171 236 105 233 237 215 45 222 132 100 7 29 170 200 157 50 160 98 12 90 120 145 163 66 136 219 241 21 140 94 138 246 119 230 93 217 161 126 210 103 225 139 162 209 112 189 153 244 147 175 78 99 49 151 245 178 26 60 116 223 137 158 195 232 150 216 39 188 187 206 243 250 72 134 84 190 57 148 124 249 184 76 154 142 252 96 10 238 213 113
11 196 3 22 17 114 97 194 44 221 227 24 177 186 122 253 5 28 204 0 168 144 201 231 130 214 1 176 4 52 172 13 173 125 107 25 8 224 37 182 32 226 27 20 193 65 59 6 63 166 203 205 85 14 19 58 229 159 38 102 41 191 108 42 56 36 202 127 133 71 179 197 207 95 255 199 248 30 251 73 31 115 67 109 15 123 185 220 131 35 43 164 183 18 118 128 83 55 218 80 165 149 101 68 135 143 212 247 117 40 129 228 82 89 110 208 54 181 74 180 77 198 211 33 9 239 92 152 192 23 155 16 2 156 242 64 81 86 240 87 48 75 174 34 235 46 62 146 254 53 121 47 167 234 88 61 111 169 104 79 106 141 51 69 70 91 171 236 105 233 237 215 45 222 132 100 7 29 170 200 157 50 160 98 12 90 120 145 163 66 136 219 241 21 140 94 138 246 119 230 93 217 161 126 210 103 225 139 162 209 112 189 153 244 147 175 78 99 49 151 245 178 26 60 116 223 137 158 195 232 150 216 39 188 187 206 243 250 72 134 84 190 57 148 124 249 184 76 154 142 252 96 10 238 213 113
11 196 3 22 17 114 97 201 15 221 227 24 177 137 122 253 5 28 204 0 168 2 151 231 130 214 1 176 4 52 172 13 173 125 107 25 8 224 37 182 32 226 27 20 193 65 59 6 63 245 203 205 85 14 19 58 229 159 38 102 41 191 108 42 56 36 202 127 133 131 179 197 207 95 255 199 248 30 251 73 31 115 47 109 44 123 185 220 78 35 43 164 183 181 118 128 83 55 218 80 165 49 101 68 135 143 235 116 117 40 129 228 82 67 110 208 54 225 74 180 77 198 211 33 9 239 105 152 192 23 155 16 171 156 242 64 81 86 240 87 48 75 174 92 212 46 62 146 254 53 121 89 167 234 88 61 111 169 104 79 106 18 51 69 70 91 71 236 237 233 34 215 45 222 132 100 7 194 170 200 157 50 160 98 12 90 120 145 163 66 136 219 241 21 140 94 138 246 119 230 93 217 161 126 210 103 141 139 162 209 112 189 153 244 147 175 144 99 149 29 166 178 26 60 134 223 186 158 195 232 150 216 39 188 187 206 243 250 72 247 84 190 57 148 124 249 184 76 154 142 252 96 10 238 213 113
11 196 3 22 17 114 97 201 15 221 227 24 177 137 122 253 5 28 204 0 168 2 151 231 130 214 1 176 4 52 172 13 173 125 107 25 8 224 37 182 32 226 27 20 193 65 59 6 63 245 203 205 85 14 19 58 229 159 38 102 41 191 108 42 56 36 202 127 133 131 179 197 207 95 255 199 248 30 251 73 31 115 47 109 44 123 185 220 78 35 43 164 183 181 118 128 83 55 218 80 165 49 101 68 135 143 235 116 117 40 129 228 82 67 110 208 54 225 74 180 77 198 211 33 9 239 105 152 192 23 155 16 171 156 242 64 81 86 240 87 48 75 174 92 212 46 62 146 254 53 121 89 167 234 88 61 111 169 104 79 106 76 51 69 70 91 71 236 237 233 34 215 45 222 132 100 7 194 170 200 157 50 160 98 12 90 120 145 163 66 136 219 241 21 140 94 138 246 119 230 93 217 161 126 210 103 141 139 162 209 112 189 153 244 147 175 144 99 149 29 166 178 26 60 134 223 186 158 195 232 150 216 39 188 187 206 243 250 72 247 84 190 57 148 124 249 184 18 154 142 252 96 10 238 213 113
11 196 3 22 17 114 97 201 15 221 227 24 177 137 122 253 5 28 204 0 168 2 151 231 130 214 1 176 4 52 172 13 173 125 107 25 8 224 37 182 32 226 27 20 193 65 59 6 63 245 203 205 85 14 19 58 229 159 38 102 41 191 108 42 56 36 202 127 133 131 179 197 207 95 255 199 248 30 251 73 31 115 47 109 44 123 185 220 78 35 43 164 183 181 118 128 83 55 218 80 165 49 101 68 135 143 235 116 117 40 129 228 82 67 110 208 54 225 74 180 77 198 211 33 9 239 105 152 192 23 155 16 171 156 242 64 81 86 240 87 48 75 174 92 212 46 96 146 254 53 121 89 167 234 88 61 111 169 104 79 106 76 51 69 70 91 71 236 237 233 34 215 45 222 132 100 7 194 170 200 157 50 160 98 12 90 120 145 163 66 136 219 241 21 140 94 138 246 119 230 93 217 161 126 210 103 141 139 162 209 112 189 153 244 147 175 144 99 149 29 166 178 26 60 134 223 186 158 195 232 150 216 39 188 187 206 243 250 72 247 84 190 57 148 124 249 184 18 154 142 252 62 10 238 213 113
11 196 3 22 17 114 97 201 15 221 227 24 177 137 122 253 5 28 204 0 168 2 151 231 130 214 104 176 4 52 172 13 173 125 107 25 8 224 37 182 32 226 27 20 193 65 59 6 63 245 203 205 85 14 19 58 229 159 38 102 41 191 108 42 56 36 202 127 133 131 179 197 207 95 255 199 248 30 251 73 31 115 47 109 44 123 185 220 78 35 43 164 183 181 118 128 83 55 218 80 165 49 101 68 135 143 235 116 117 40 129 228 82 67 110 208 54 225 74 180 77 198 211 33 9 239 105 152 192 23 155 16 171 156 242 64 81 86 240 87 48 75 174 92 212 46 96 146 254 53 121 89 167 234 88 61 111 169 1 79 106 76 51 69 70 91 71 236 237 233 34 215 45 222 132 100 7 194 170 200 157 50 160 98 12 90 120 145 163 66 136 219 241 21 140 94 138 246 119 230 93 217 161 126 210 103 141 139 162 209 112 189 153 244 147 175 144 99 149 29 166 178 26 60 134 223 186 158 195 232 150 216 39 188 187 206 243 250 72 247 84 190 57 148 124 249 184 18 154 142 252 62 10 238 213 113
11 196 3 22 17 114 97 214 15 207 227 24 177 137 122 253 5 28 204 0 168 2 151 231 130 29 1 176 4 52 68 13 173 125 107 25 8 224 37 182 32 226 27 20 193 65 59 245 63 6 203 205 85 14 19 58 229 159 38 102 41 191 108 42 56 36 202 127 133 71 179 197 221 95 255 199 248 30 251 73 31 115 47 109 44 123 185 220 78 35 124 164 183 129 118 128 83 55 218 80 165 49 101 18 135 143 235 116 117 40 186 228 43 89 110 208 54 181 74 180 77 198 211 33 9 239 105 152 192 23 155 16 171 156 242 64 81 86 240 87 48 75 174 34 212 46 62 146 254 53 121 67 167 234 88 61 111 169 104 79 106 172 51 69 70 91 158 236 237 233 178 215 45 222 132 100 7 194 170 200 157 50 160 98 12 90 120 145 163 66 136 219 241 21 140 94 138 246 119 230 93 217 161 126 210 103 141 139 162 76 112 189 153 244 147 175 144 99 149 201 225 209 26 60 134 223 131 166 195 232 150 216 39 188 187 206 243 250 72 247 84 190 57 148 92 249 184 82 154 142 252 96 10 238 213 113
11 196 3 22 17 114 97 225 15 207 18 24 177 137 122 253 5 28 204 0 168 2 201 231 130 214 1 176 4 52 172 13 173 125 107 25 8 224 71 182 32 226 27 20 193 65 59 6 63 39 203 205 85 14 19 58 229 159 38 102 41 191 108 42 56 36 202 127 133 37 179 197 221 95 255 199 248 30 251 73 31 115 47 109 44 123 185 220 78 35 43 164 183 227 118 128 83 55 218 80 165 49 101 68 135 143 235 116 117 40 129 124 82 89 110 208 54 181 74 180 77 198 211 33 9 239 105 152 192 23 155 16 171 156 242 64 81 86 240 87 48 75 174 34 212 46 62 146 254 53 121 67 167 234 228 61 111 169 104 79 106 141 51 69 70 91 131 236 92 233 237 215 45 222 132 100 7 194 170 200 157 50 160 98 12 90 120 145 29 66 136 219 241 21 140 94 138 246 119 230 93 217 161 126 210 103 144 139 162 209 112 189 153 244 147 175 163 99 149 151 245 178 26 60 134 223 186 158 195 232 150 216 166 188 187 206 243 250 72 247 84 190 57 148 88 249 184 76 154 142 252 96 10 238 213 113
11 196 3 22 17 114 97 225 15 221 166 24 177 137 122 253 5 28 204 0 168 2 201 231 130 214 1 176 4 52 172 13 173 125 107 25 8 47 37 182 32 226 27 20 193 65 59 6 63 78 203 205 85 14 19 58 229 159 38 102 197 191 108 42 56 36 202 127 133 135 179 41 207 95 255 199 248 30 251 73 31 115 45 109 44 123 185 220 18 35 43 164 183 227 118 128 83 55 218 80 165 49 101 68 71 143 235 116 117 40 129 34 82 89 110 208 54 181 74 180 77 198 211 33 9 239 105 152 192 23 155 16 171 156 242 64 81 86 240 87 48 75 174 149 212 46 62 146 254 53 121 67 167 234 88 61 111 169 104 79 106 141 51 69 70 91 131 236 237 233 92 215 224 222 132 100 7 194 170 200 157 50 160 98 12 90 120 145 163 66 136 219 241 21 140 94 138 246 119 230 93 217 161 126 210 103 29 139 162 209 112 189 153 244 147 175 144 99 228 148 245 178 26 60 134 223 186 158 195 232 150 216 39 188 187 206 243 250 72 247 84 190 57 151 124 249 184 76 154 142 252 96 10 238 213 113
11 196 3 22 17 114 97 225 15 221 166 24 177 137 122 253 5 28 204 0 168 2 201 231 130 214 1 176 4 52 172 198 173 125 107 25 8 224 37 182 32 226 27 20 193 65 59 6 63 158 203 205 85 14 19 58 229 159 38 102 41 191 108 42 56 36 202 127 133 71 179 197 207 95 255 199 248 30 251 73 31 115 47 109 44 123 185 220 18 35 43 164 183 227 118 128 83 55 218 80 165 49 101 68 135 143 235 116 117 40 129 228 82 89 110 208 54 181 74 180 77 98 211 33 9 239 105 152 192 23 155 16 171 156 242 64 81 86 240 87 48 75 174 34 212 46 62 146 254 53 121 67 167 234 88 61 111 169 104 79 106 141 51 69 70 91 131 236 237 233 92 215 45 222 132 100 7 194 170 200 157 50 160 13 12 90 120 145 163 66 136 219 241 21 140 94 138 246 119 230 93 217 161 126 210 103 29 139 162 209 112 189 153 244 147 175 144 99 149 151 245 178 26 60 134 223 186 78 195 232 150 216 39 188 187 206 243 250 72 247 84 190 57 148 124 249 184 76 154 142 252 96 10 238 213 113
11 196 3 22 17 114 97 225 15 221 227 24 177 137 122 253 5 28 204 0 168 2 201 231 130 214 1 176 4 52 172 13 173 125 107 25 8 224 37 182 32 226 27 20 193 65 59 6 63 166 203 205 85 14 19 58 229 159 38 102 41 191 108 42 56 36 202 127 133 71 179 197 207 95 255 199 248 30 251 73 31 115 47 109 44 123 185 220 78 35 43 164 183 18 118 128 83 55 218 80 165 49 101 68 135 143 235 116 117 40 129 124 82 89 110 208 54 181 74 180 77 198 211 33 9 239 105 152 192 23 155 16 171 156 242 64 81 86 240 87 48 75 174 34 212 46 62 146 254 53 121 67 167 234 228 61 111 169 104 79 106 141 51 69 70 91 131 236 92 233 237 215 45 222 132 100 7 194 170 200 157 50 160 98 12 90 120 145 163 66 136 219 241 21 140 94 138 246 119 230 93 217 161 126 210 103 29 139 162 209 112 189 153 244 147 175 144 99 149 151 245 178 26 60 134 223 186 158 195 232 150 216 39 188 187 206 243 250 72 247 84 190 57 148 88 249 184 76 154 142 252 96 10 238 213 113
11 196 3 22 17 114 97 225 15 221 227 24 177 137 122 253 5 28 204 0 168 2 201 231 130 214 1 176 4 52 172 13 173 125 107 25 8 224 37 182 32 226 27 20 193 65 59 6 63 166 203 205 85 14 19 58 229 159 38 102 41 191 108 42 56 36 202 127 133 71 179 197 207 95 255 199 248 30 251 73 31 115 47 109 44 123 185 220 78 35 43 164 183 18 118 128 83 55 218 80 165 49 101 68 135 143 235 116 117 40 129 187 82 89 110 208 54 181 74 152 77 198 211 33 9 239 105 158 192 23 155 16 171 156 242 64 81 86 240 87 48 75 174 34 212 46 62 146 254 53 121 67 167 234 88 61 111 169 104 79 106 141 51 69 70 91 131 236 92 233 237 215 45 222 132 100 7 194 170 200 157 50 160 98 12 90 120 145 163 66 136 219 241 21 140 94 138 246 119 230 93 217 161 126 210 103 76 139 162 209 112 189 153 244 147 175 144 99 149 151 245 178 26 60 134 223 186 180 195 232 150 216 39 188 228 206 243 250 72 247 84 190 57 148 124 249 184 29 154 142 252 96 10 238 213 113
11 196 3 22 17 114 97 225 15 221 227 24 177 137 122 253 5 28 204 0 168 2 201 231 130 214 1 176 4 52 172 13 173 125 107 25 8 224 37 182 32 226 27 20 193 65 59 6 63 166 203 205 85 14 19 58 229 159 38 102 41 191 108 42 56 36 202 127 133 71 179 197 207 95 255 199 248 30 251 73 31 115 47 109 44 123 185 220 78 35 43 164 183 18 118 128 83 55 218 80 165 49 101 68 135 143 235 116 117 40 129 187 82 89 110 208 54 181 74 180 77 198 90 33 9 239 105 152 192 16 155 23 171 156 242 64 81 86 240 87 48 75 174 34 212 46 62 146 254 53 121 67 167 234 88 61 111 169 104 79 106 141 51 69 70 91 131 236 92 233 237 215 45 222 132 100 7 194 170 200 157 50 160 98 12 211 120 145 163 66 136 219 241 21 140 94 138 246 119 230 93 217 161 126 210 103 29 139 162 209 112 189 153 244 147 175 144 99 149 151 245 178 26 60 134 223 186 158 195 232 150 216 39 188 228 206 243 250 72 247 84 190 57 148 124 249 184 76 154 142 252 96 10 238 213 113
11 196 3 22 17 114 105 0 15 221 121 24 177 137 122 253 5 28 74 153 168 2 201 231 130 214 1 176 4 52 172 13 173 125 107 25 8 224 37 182 32 226 27 20 193 65 59 111 63 245 203 205 85 14 19 58 229 159 38 102 191 190 108 42 56 36 202 127 133 145 179 197 207 95 255 199 248 30 251 73 31 115 47 109 44 143 185 220 78 35 43 164 183 18 118 128 83 55 218 80 165 49 101 68 135 138 235 116 117 62 129 228 82 89 41 233 54 181 204 29 77 198 71 33 9 239 97 10 192 86 155 16 171 156 242 64 81 23 240 87 48 75 208 92 212 46 40 146 254 53 252 151 167 234 88 61 6 169 104 79 106 166 51 69 70 91 131 236 237 174 34 215 45 222 132 100 7 194 170 200 157 50 160 98 12 90 120 211 163 66 136 219 241 21 140 94 123 246 119 230 93 217 161 126 210 103 141 139 162 209 112 189 180 244 227 175 144 99 149 67 225 178 26 60 134 223 186 158 195 232 150 216 39 188 187 206 243 250 72 247 84 110 57 148 124 249 184 76 154 142 147 96 152 238 213 113
11 196 3 22 17 114 105 0 15 221 121 24 177 137 122 253 5 28 74 153 168 2 201 231 130 214 1 176 4 52 172 13 173 125 107 25 8 224 37 182 32 226 27 20 193 65 59 111 63 245 203 205 85 14 19 58 229 159 38 102 191 190 108 42 56 36 202 127 133 211 179 197 207 95 255 199 248 30 251 73 31 115 47 109 44 143 185 220 78 35 43 164 183 18 118 128 83 55 218 80 165 49 101 68 135 138 235 116 117 62 129 228 82 89 41 233 54 181 204 29 77 198 71 33 9 239 97 10 192 86 155 16 171 156 242 64 81 23 240 87 48 75 208 92 212 46 40 146 254 53 252 151 167 234 88 61 6 169 104 79 106 166 51 69 70 91 131 236 237 174 34 215 45 222 132 100 7 194 170 200 157 50 160 98 12 90 120 145 163 66 136 219 241 21 140 94 123 246 119 230 93 217 161 126 210 103 141 139 162 209 112 189 180 244 227 175 144 99 149 67 225 178 26 60 134 223 186 158 195 232 150 216 39 188 187 206 243 250 72 247 84 110 57 148 124 249 184 76 154 142 147 96 152 238 213 113
11 196 3 22 17 114 105 0 15 221 121 24 177 137 122 253 5 28 74 153 168 2 201 231 130 214 1 176 4 52 172 13 173 125 107 25 8 224 37 182 32 226 27 20 193 65 59 111 63 245 203 205 85 14 19 58 229 159 129 102 191 190 108 42 56 36 202 127 133 145 179 197 207 95 255 199 248 30 251 73 31 115 47 109 44 143 185 220 78 35 43 164 183 18 118 128 83 55 218 80 165 49 101 68 135 138 235 116 117 62 38 228 82 89 41 233 54 181 204 29 77 198 71 33 9 239 97 10 192 86 155 16 171 156 242 64 81 23 240 87 48 75 208 92 212 46 40 146 254 53 252 151 167 234 88 61 6 169 104 79 106 166 51 69 70 91 131 236 237 174 34 215 45 222 132 100 7 194 170 200 157 50 160 98 12 90 120 211 163 66 136 219 241 21 140 94 123 246 119 230 93 217 161 126 210 103 141 139 162 209 112 189 180 244 227 175 144 99 149 67 225 178 26 60 134 223 186 158 195 232 150 216 39 188 187 206 243 250 72 247 84 110 57 148 124 249 184 76 154 142 147 96 152 238 213 113
11 196 3 22 17 114 105 29 15 221 227 24 38 137 122 253 5 28 204 0 168 2 201 231 130 214 186 20 4 124 68 13 173 125 107 25 8 224 37 182 32 226 27 176 193 65 59 6 63 245 203 205 16 14 19 58 229 159 56 102 41 191 108 42 34 36 202 127 133 71 179 197 207 95 255 199 248 30 251 73 31 115 47 109 44 123 237 148 78 35 43 164 183 1 118 128 83 55 218 80 165 49 101 18 135 143 235 116 117 40 129 228 82 89 110 208 54 181 74 180 77 198 211 33 9 239 97 152 192 23 155 85 171 156 242 64 81 86 240 87 48 75 174 222 212 46 62 146 254 53 121 67 167 234 88 61 111 169 104 79 106 172 51 69 70 91 158 236 189 233 92 215 45 177 132 100 7 194 170 200 157 50 160 98 12 90 120 145 163 66 136 219 241 21 140 94 138 246 119 230 93 217 161 126 210 103 141 139 162 76 112 185 153 244 147 175 144 99 149 151 225 178 26 60 134 223 131 166 195 232 150 216 39 188 187 206 243 250 72 247 84 190 57 52 209 249 184 220 154 142 252 96 10 238 213 113
11 196 3 22 17 114 105 29 15 221 227 24 177 137 122 253 5 28 74 153 168 2 201 231 130 214 1 176 4 52 172 13 173 125 107 25 8 224 37 182 32 226 27 20 193 65 59 111 63 245 203 205 85 14 19 58 229 159 38 102 110 191 108 42 56 36 202 127 133 211 179 197 207 95 255 199 248 30 251 73 31 115 47 109 44 123 185 220 78 35 43 164 183 18 118 128 83 55 218 80 165 49 101 68 135 143 235 116 117 40 129 228 82 89 41 208 54 181 204 180 77 198 71 33 9 239 97 152 192 23 155 16 171 156 242 64 81 86 240 87 48 75 233 92 212 46 62 146 254 53 121 151 167 234 88 61 6 169 104 79 106 166 51 69 70 91 131 236 237 174 34 215 45 222 132 100 7 194 170 200 157 50 160 98 12 90 120 145 163 66 136 219 241 21 140 94 138 246 119 230 93 217 161 126 210 103 141 139 162 209 112 189 0 244 147 175 144 99 149 67 225 178 26 60 134 223 186 158 195 232 150 216 39 188 187 206 243 250 72 247 84 190 57 148 124 249 184 76 154 142 252 96 10 238 213 113
11 196 3 22 17 114 105 29 15 221 227 24 177 137 122 253 5 28 204 0 168 2 201 231 130 214 186 176 4 52 68 13 173 125 107 25 8 224 37 182 32 226 27 20 193 65 59 6 63 245 203 205 85 14 19 58 229 159 38 102 41 191 108 42 56 36 202 127 133 71 179 197 207 95 255 199 248 30 251 73 31 115 47 109 44 123 185 124 78 35 43 164 183 1 118 128 83 55 218 80 165 49 101 18 135 143 235 116 117 40 129 228 82 89 110 208 54 181 74 180 77 198 211 33 9 239 97 152 192 23 155 16 171 156 242 64 81 86 240 87 48 75 174 34 212 46 62 146 254 53 121 67 167 234 88 61 111 169 104 79 106 172 51 69 70 91 158 236 237 233 92 215 45 222 132 100 7 194 170 200 157 50 160 98 12 90 120 145 163 66 136 219 241 21 140 94 138 246 119 230 93 217 161 126 210 103 141 139 162 76 112 189 153 244 147 175 144 99 149 151 225 178 26 60 134 223 131 166 195 232 150 216 39 188 187 206 243 250 72 247 84 190 57 148 209 249 184 220 154 142 252 96 10 238 213 113
11 196 3 22 17 114 105 29 15 221 227 24 177 137 122 253 5 28 204 0 168 2 201 231 130 214 186 176 4 124 68 13 173 125 107 25 8 224 37 182 32 226 27 20 193 65 59 6 63 245 203 205 85 14 19 58 229 159 38 102 41 191 108 42 56 36 202 127 133 71 179 197 207 95 255 199 248 30 251 73 31 115 47 109 44 123 185 52 78 35 43 164 183 1 118 128 83 55 218 80 165 49 101 18 135 143 235 116 117 40 129 228 82 89 110 208 54 181 74 180 77 198 211 33 9 239 97 152 192 23 155 16 171 156 242 64 81 86 240 87 48 75 174 34 212 46 62 146 254 53 121 67 167 234 88 61 111 169 104 79 106 172 51 69 70 91 158 236 237 233 92 215 45 222 132 100 7 194 170 200 157 50 160 98 12 90 120 145 163 66 136 219 241 21 140 94 138 246 119 230 93 217 161 126 210 103 141 139 162 76 112 189 153 244 147 175 144 99 149 151 225 178 26 60 134 223 131 166 195 232 150 216 39 188 187 206 243 250 72 247 84 190 57 148 209 249 184 220 154 142 252 96 10 238 213 113
11 196 3 22 17 114 105 199 15 221 166 24 177 137 122 253 5 28 204 0 168 2 201 231 130 214 1 176 4 52 172 13 173 125 107 25 8 224 37 182 32 226 27 41 193 65 59 6 63 245 203 205 85 14 19 153 229 159 38 102 20 191 108 42 56 36 202 127 133 71 179 197 207 95 255 192 248 30 251 73 31 115 47 109 44 123 185 220 78 35 43 164 183 225 118 128 83 55 218 80 165 49 101 68 135 143 235 116 117 40 129 228 82 89 110 208 54 181 74 180 77 198 211 33 9 239 97 152 29 23 155 16 171 156 242 64 81 86 240 87 48 75 174 92 212 46 62 146 254 53 121 67 167 234 88 61 111 169 104 79 106 18 51 69 70 91 131 236 237 233 34 215 45 222 132 100 7 194 170 200 157 50 160 98 12 90 120 145 163 66 136 219 241 21 140 94 138 246 119 230 93 217 161 126 210 103 141 139 162 209 112 189 58 244 147 175 144 99 149 151 227 178 26 60 134 223 186 158 195 232 150 216 39 188 187 206 243 250 72 247 84 190 57 148 124 249 184 76 154 142 252 96 10 238 213 113
11 196 3 22 17 114 105 199 15 221 227 24 177 137 122 253 5 28 204 0 168 2 201 231 130 214 1 176 4 52 172 13 173 125 107 25 8 224 37 182 32 226 27 41 193 65 59 6 63 245 203 205 85 14 19 153 229 159 38 102 20 191 108 42 56 36 202 127 133 71 179 197 207 95 255 192 248 30 251 73 31 115 47 109 44 123 185 220 78 35 43 164 183 225 118 128 83 55 218 80 165 49 101 68 135 143 235 116 117 40 129 228 82 89 110 208 54 181 74 180 77 198 211 33 9 239 97 152 29 23 155 16 171 156 242 64 81 86 240 87 48 75 174 92 212 46 62 146 254 53 121 67 167 234 88 61 111 169 104 79 106 18 51 69 70 91 131 236 237 233 34 215 45 222 132 100 7 194 170 200 157 50 160 98 12 90 120 145 163 66 136 219 241 21 140 94 138 246 119 230 93 217 161 126 210 103 141 139 162 209 112 189 58 244 147 175 144 99 149 151 166 178 26 60 134 223 186 158 195 232 150 216 39 188 187 206 243 250 72 247 84 190 57 148 124 249 184 76 154 142 252 96 10 238 213 113
11 196 3 22 17 114 105 199 40 221 166 24 177 137 122 253 5 28 204 0 168 2 201 231 130 214 1 176 4 52 172 13 173 125 107 25 8 224 37 182 32 226 27 41 193 65 59 6 63 245 203 205 85 14 19 153 229 159 38 102 20 191 108 42 56 36 202 127 133 71 179 197 207 95 255 192 248 30 251 73 31 115 47 109 44 123 185 220 78 35 43 164 183 225 118 128 83 55 218 80 165 49 101 68 135 143 235 116 117 15 129 228 82 89 110 208 54 181 74 180 77 198 211 33 9 239 97 152 29 23 155 16 171 156 242 64 81 86 240 87 48 75 174 92 212 46 62 146 254 53 121 67 167 234 88 61 111 169 104 79 106 18 51 69 70 91 131 236 237 233 34 215 45 222 132 100 7 194 170 200 157 50 160 98 12 90 120 145 163 66 136 219 241 21 140 94 138 246 119 230 93 217 161 126 210 103 141 139 162 209 112 189 58 244 147 175 144 99 149 151 227 178 26 60 134 223 186 158 195 232 150 216 39 188 187 206 243 250 72 247 84 190 57 148 124 249 184 76 154 142 252 96 10 238 213 113
11 196 3 22 17 114 138 29 15 221 227 24 177 137 122 253 5 28 204 0 168 2 151 231 222 214 1 176 4 52 160 198 173 209 107 25 8 224 37 182 32 226 27 20 193 164 59 6 63 245 203 205 85 14 19 13 229 159 38 180 41 191 108 42 56 130 202 218 133 71 179 197 207 95 255 199 248 30 251 73 31 115 45 109 44 123 185 220 78 35 43 9 183 129 118 128 83 55 243 80 165 49 101 18 135 143 235 116 117 40 186 228 82 89 110 208 54 181 74 102 77 58 211 33 65 239 105 152 192 23 155 16 171 156 242 64 194 86 240 87 48 75 174 34 212 46 62 146 254 53 121 67 167 234 88 61 111 169 104 79 106 172 51 69 70 91 158 236 237 233 92 215 47 36 132 100 7 81 170 200 157 50 68 98 12 90 120 145 163 66 136 219 241 21 140 94 97 246 119 230 93 217 161 126 210 76 141 139 162 103 112 189 153 244 147 175 144 99 149 201 113 178 26 60 134 223 131 166 195 232 150 216 39 188 187 206 127 250 72 247 84 190 57 148 154 249 184 124 125 142 252 96 10 238 213 225
11 196 3 22 17 114 151 29 15 221 225 24 177 137 122 253 5 28 204 0 168 2 201 231 130 214 1 176 4 52 172 13 173 125 107 25 8 224 37 182 32 226 27 20 193 65 59 6 63 245 203 205 85 14 19 58 229 159 194 102 41 191 108 42 56 36 202 127 133 71 179 197 207 95 255 199 152 30 251 73 31 115 47 109 44 123 185 220 78 35 43 164 183 18 118 128 83 55 218 80 165 49 101 68 135 143 38 116 117 40 129 228 82 89 88 208 54 181 74 180 77 198 211 33 9 239 105 248 192 23 249 155 171 156 242 64 81 86 240 87 48 75 174 92 212 46 62 146 254 53 121 67 167 234 110 61 111 169 104 79 106 166 51 69 70 91 131 236 237 233 34 215 45 222 132 100 7 235 170 200 157 50 160 98 12 90 120 145 163 66 136 219 241 21 140 94 138 246 119 230 93 217 161 126 210 103 141 139 162 209 112 189 153 244 147 175 144 99 149 39 227 178 26 60 134 223 186 158 195 232 150 216 97 188 187 206 243 250 72 247 84 190 57 148 124 16 184 76 154 142 252 96 10 238 213 113
11 196 3 22 17 114 151 29 15 221 227 24 177 137 122 253 5 28 204 0 168 2 201 231 130 214 1 176 4 52 172 13 173 125 107 25 8 224 37 182 32 226 27 20 193 65 59 6 63 245 203 205 85 14 19 58 70 159 38 102 41 191 108 42 56 36 202 127 133 71 179 197 207 95 255 199 248 30 251 73 31 225 47 109 44 123 185 220 78 35 43 164 183 18 118 128 83 55 218 80 165 49 101 68 135 143 235 116 117 40 129 228 82 89 88 208 54 181 74 180 77 198 211 33 9 239 105 152 192 23 155 16 171 156 242 64 81 86 240 87 48 75 174 99 212 46 62 146 254 53 121 67 167 234 110 61 111 169 104 79 106 166 51 69 229 91 131 236 237 233 34 215 45 222 132 100 7 194 170 200 157 50 160 98 12 90 120 145 163 66 136 219 241 21 140 94 138 246 119 230 93 217 161 126 210 103 141 139 162 209 112 189 153 244 147 175 144 92 149 97 115 178 26 60 134 223 186 158 195 232 150 216 39 188 187 206 243 250 72 247 84 190 57 148 124 249 184 76 154 142 252 96 10 238 213 113
11 196 3 22 17 114 151 29 15 221 227 24 177 137 122 253 5 28 204 0 168 2 201 231 130 214 1 176 4 52 172 13 173 125 107 25 8 224 37 182 32 226 27 20 193 65 59 6 63 245 203 205 85 14 19 58 229 159 38 102 41 191 108 42 56 36 202 127 133 71 179 197 207 95 255 199 248 30 251 73 31 225 47 109 44 123 185 220 78 35 43 164 183 18 118 128 83 55 218 80 165 49 101 68 135 143 235 116 117 40 129 228 82 89 88 208 54 181 74 180 77 198 211 33 9 239 105 152 192 23 155 16 171 156 242 64 81 86 240 87 48 75 174 92 212 46 62 146 254 53 121 67 167 234 110 61 111 169 104 79 106 166 51 69 70 91 131 34 237 233 236 215 45 222 132 100 7 194 170 200 157 50 160 98 12 90 120 145 163 66 136 219 241 21 140 94 138 246 119 230 93 217 161 126 210 103 141 139 162 209 112 189 153 244 147 175 144 99 149 97 115 178 26 60 134 223 186 158 195 232 150 216 39 188 187 206 243 250 72 247 84 190 57 148 124 249 184 76 154 142 252 96 10 238 213 113
11 196 3 22 17 114 151 29 15 221 227 24 177 137 122 253 5 28 204 0 168 2 201 231 130 214 1 176 4 52 172 13 173 125 107 25 8 224 37 182 32 226 27 20 193 65 59 6 63 245 203 205 85 14 19 58 229 159 38 102 41 191 108 42 56 36 202 127 133 71 179 197 207 95 255 199 248 30 251 73 31 225 47 109 44 123 185 220 78 35 43 164 183 18 118 128 83 55 218 80 165 49 101 68 135 143 235 116 117 40 129 228 82 89 88 208 54 181 74 180 77 198 211 33 9 239 105 152 192 23 155 16 171 156 242 64 81 86 240 87 48 75 174 92 212 46 62 146 254 53 121 67 167 234 110 61 111 169 104 79 106 166 51 69 70 91 131 236 237 233 34 215 45 222 132 100 7 194 170 200 157 50 160 98 12 90 120 145 163 66 136 219 241 21 140 94 138 246 119 230 93 217 161 126 210 103 141 139 162 209 112 189 153 244 147 175 144 99 149 97 115 178 26 60 134 223 186 158 195 232 150 216 39 188 187 206 243 250 72 247 84 190 57 148 124 249 184 76 154 142 252 96 10 238 213 113
11 196 3 22 17 114 151 29 15 221 227 24 177 137 122 253 5 28 204 0 168 2 201 231 130 214 1 176 4 52 172 13 173 125 107 25 8 224 37 182 32 226 27 20 193 65 59 6 63 245 203 205 85 14 19 58 229 159 38 102 41 191 108 42 56 36 202 127 133 71 179 197 207 95 255 199 248 30 251 73 31 225 47 109 44 123 185 220 78 35 43 164 183 18 118 128 83 55 218 80 165 49 101 68 135 143 235 116 117 40 129 228 82 89 88 208 54 181 74 180 77 198 211 33 9 239 105 152 192 23 155 16 171 156 242 64 81 86 240 87 48 75 174 99 212 46 62 146 254 53 121 67 167 234 110 61 111 169 104 79 106 166 51 69 70 91 131 236 237 233 34 215 45 222 132 100 7 194 170 200 157 50 160 98 12 90 120 145 163 66 136 219 241 21 140 94 138 246 119 230 93 217 161 126 210 103 141 139 162 209 112 189 153 244 147 175 144 92 149 97 115 178 26 60 134 223 186 158 195 232 150 216 39 188 187 206 243 250 72 247 84 190 57 148 124 249 184 76 154 142 252 96 10 238 213 113
11 196 3 22 17 114 193 29 247 221 220 24 177 137 122 253 5 28 204 172 168 2 201 231 130 214 52 164 4 129 68 13 173 125 212 25 8 224 37 182 32 226 27 20 97 65 59 6 63 245 252 205 85 14 19 58 229 159 38 102 41 191 108 42 56 36 9 127 133 71 179 197 207 95 26 199 248 30 251 73 31 115 47 109 44 123 185 227 78 35 242 176 183 1 118 128 67 55 218 80 165 49 101 215 135 131 235 116 117 40 143 228 82 89 110 208 54 181 74 180 77 198 211 33 202 239 105 152 192 23 155 16 171 156 43 64 81 86 240 87 48 75 103 34 107 46 62 146 254 53 121 83 167 234 88 61 111 169 104 79 106 0 51 69 70 91 158 236 237 233 92 18 45 222 132 100 7 194 170 200 157 50 160 98 12 90 120 145 163 66 136 219 241 21 140 94 138 246 119 230 93 217 161 126 210 76 141 139 162 174 112 189 153 244 147 175 144 99 149 151 225 178 255 60 134 223 195 166 186 232 150 216 39 188 187 206 243 250 72 15 84 190 57 148 209 249 184 124 154 142 203 96 10 238 213 113
11 196 3 22 17 114 213 29 37 221 118 66 177 137 122 253 5 28 204 0 168 2 201 231 130 112 1 176 4 52 68 13 223 209 107 25 8 224 15 182 32 226 27 20 193 65 59 6 63 245 203 205 85 14 19 58 229 159 38 102 41 191 108 42 56 36 202 127 172 71 179 197 99 95 255 199 248 30 251 73 31 115 123 109 44 47 185 220 78 35 43 164 183 129 227 128 83 166 218 80 165 49 101 18 135 143 235 116 117 40 186 228 82 210 110 208 54 181 74 180 147 198 211 33 67 239 105 152 192 23 155 16 171 156 242 64 81 86 240 173 48 75 174 34 212 46 62 146 254 53 162 121 167 234 88 61 111 169 104 79 106 133 51 69 70 91 158 236 237 233 92 215 45 222 132 100 7 194 170 200 157 50 160 98 12 90 120 145 163 24 136 87 241 21 140 94 138 246 119 230 93 217 161 126 89 103 141 139 9 76 214 189 153 244 77 175 144 207 149 151 225 178 26 60 134 219 131 55 195 232 150 216 39 188 187 206 243 250 72 247 84 190 57 148 125 249 184 124 154 142 252 96 10 238 97 113
11 196 3 22 17 114 249 190 15 221 227 24 177 137 122 253 5 28 204 0 168 2 201 231 130 214 1 176 4 52 68 13 173 125 62 25 8 224 37 182 32 226 220 20 193 65 59 6 63 245 203 205 85 14 19 58 229 159 38 102 41 191 108 42 56 36 202 127 133 71 179 197 207 103 255 199 189 30 251 73 31 115 47 109 44 123 185 27 78 35 170 164 183 18 118 128 83 55 218 80 165 49 101 172 135 206 235 116 117 40 79 228 82 89 110 208 54 181 74 180 77 198 211 33 9 239 105 152 192 23 155 16 92 156 242 64 81 86 240 87 48 75 174 34 212 46 107 146 254 53 121 67 167 234 88 61 111 169 104 129 106 95 51 69 70 91 131 236 237 233 171 215 45 222 132 100 7 194 43 200 157 50 160 98 12 90 120 145 163 66 136 219 241 21 140 94 138 246 119 230 93 217 161 126 210 84 141 139 162 209 112 248 153 244 147 175 144 99 149 151 225 178 26 60 134 223 186 158 195 232 150 216 39 188 187 143 243 250 72 247 213 29 57 148 124 97 184 76 154 142 252 96 10 238 166 113
11 196 3 22 17 114 250 29 15 221 227 24 177 137 122 253 5 28 204 0 168 2 201 231 130 214 1 176 4 52 172 13 173 125 165 25 8 224 37 182 32 226 27 20 193 65 59 6 63 51 203 205 85 14 19 58 229 159 38 102 41 191 108 42 56 36 202 127 133 71 179 197 207 95 255 199 248 30 251 73 31 115 47 109 44 123 185 220 78 35 43 164 183 18 118 86 83 55 218 139 107 49 101 119 135 143 235 116 117 40 129 228 82 89 110 208 54 181 74 180 77 198 211 33 9 239 105 152 192 23 155 16 171 156 242 64 81 128 240 87 48 75 174 34 212 46 62 146 254 53 121 67 167 234 76 61 111 169 104 79 106 166 245 69 70 93 131 236 237 233 92 215 45 222 132 100 7 194 170 200 157 50 160 98 12 90 120 145 163 66 136 219 241 21 140 94 138 246 68 230 91 217 161 126 210 103 141 80 162 209 112 189 153 151 147 175 144 99 149 244 225 178 26 60 134 223 186 158 195 232 150 216 39 188 187 206 243 97 72 247 84 190 57 148 124 249 184 88 154 142 252 96 10 238 213 113
11 196 3 22 17 125 97 29 15 221 214 24 177 52 122 253 5 28 204 0 168 2 151 231 130 34 1 176 4 137 68 13 173 114 107 25 8 224 37 84 32 226 27 20 193 65 59 6 63 245 203 205 85 14 19 58 229 159 38 102 41 191 108 42 56 36 202 127 133 71 179 197 207 95 255 199 248 30 251 73 31 115 47 109 44 123 185 220 78 35 43 164 183 129 118 128 83 55 218 80 165 49 101 18 135 143 235 116 117 40 186 228 82 89 110 208 54 181 74 180 77 198 211 33 9 239 105 152 192 23 155 16 171 156 242 64 81 178 240 87 48 75 174 227 212 46 62 146 254 53 121 67 167 94 88 61 111 169 104 79 106 172 51 69 70 91 158 236 237 233 92 215 45 222 132 100 7 194 170 200 157 50 160 98 12 90 120 145 163 66 136 219 241 21 140 234 138 246 119 230 93 217 161 126 210 103 141 139 162 76 112 189 153 244 147 175 144 99 149 201 225 86 26 60 134 223 131 166 195 232 150 216 39 188 187 206 243 250 72 247 182 190 57 148 209 249 184 124 154 142 252 96 10 238 213 113
11 196 3 22 17 125 97 29 15 221 214 24 177 137 122 253 5 28 204 0 168 2 151 231 130 34 1 176 4 52 68 13 173 114 107 25 8 224 37 84 32 226 27 20 193 65 59 6 63 245 203 205 85 14 19 58 229 159 38 102 41 191 108 42 56 36 202 127 133 71 179 197 207 95 255 199 248 30 251 73 31 115 47 109 44 123 185 220 78 35 43 164 183 129 118 128 83 55 218 80 165 49 101 18 135 143 235 116 117 40 186 228 82 89 110 208 54 181 74 180 77 198 211 33 9 239 105 152 192 23 155 16 171 156 242 64 81 178 240 87 48 75 174 227 212 46 62 146 254 53 121 67 167 94 88 61 111 169 104 79 106 172 51 69 70 91 158 236 237 233 92 215 45 222 132 100 7 194 170 200 157 50 160 98 12 90 120 145 163 66 136 219 241 21 140 234 138 246 119 230 93 217 161 126 210 103 141 139 162 76 112 189 153 244 147 175 144 99 149 201 225 86 26 60 134 223 131 166 195 232 150 216 39 188 187 206 243 250 72 247 182 190 57 148 209 249 184 124 154 142 252 96 10 238 213 113
11 196 3 22 17 222 97 29 172 221 227 24 76 137 122 253 5 28 204 0 168 2 201 231 130 214 113 176 4 52 68 13 173 209 107 25 8 224 37 182 32 226 27 20 193 65 59 6 63 245 203 205 85 14 19 58 229 159 38 102 124 191 108 42 56 36 202 127 133 71 179 197 207 95 255 199 248 30 251 149 31 115 47 109 44 123 185 129 78 35 43 164 183 220 118 128 83 55 218 80 165 49 101 18 135 143 235 116 117 40 186 228 82 89 110 208 54 114 74 180 77 198 211 33 9 239 105 152 192 23 155 16 171 156 242 64 81 86 240 87 48 75 174 34 212 46 62 146 254 53 98 67 167 234 88 61 111 169 104 79 106 15 51 69 70 91 158 236 237 233 92 215 45 181 132 100 7 194 170 200 157 50 160 121 12 90 120 145 163 66 136 219 241 21 140 94 138 246 119 230 93 217 161 126 210 103 141 139 162 177 112 189 153 244 147 175 144 99 73 151 225 178 26 60 134 223 131 166 195 232 150 216 39 188 187 206 243 250 72 247 84 190 57 148 125 249 184 41 154 142 252 96 10 238 213 1
11 196 3 22 42 114 97 29 15 221 117 24 177 253 122 137 5 28 204 0 168 2 201 231 130 214 1 176 100 52 68 13 173 125 107 25 8 224 37 182 32 226 27 20 193 65 59 6 63 4 203 205 181 14 187 58 229 159 38 102 124 191 108 17 56 36 202 127 133 71 179 197 207 95 255 199 248 129 251 73 31 115 47 109 44 123 185 220 78 35 43 164 183 30 118 48 83 55 218 80 165 49 101 18 135 143 235 116 227 40 186 228 82 89 110 208 54 85 74 244 77 198 211 33 9 239 105 152 192 23 155 16 171 156 242 64 81 86 240 87 128 75 174 34 212 46 62 146 254 53 121 67 167 234 88 61 111 169 104 79 106 172 51 69 70 91 158 236 237 233 92 215 45 222 132 103 7 194 170 200 157 50 160 98 12 90 120 145 163 66 136 219 241 21 140 94 138 246 119 230 93 217 161 126 210 245 141 139 162 76 112 189 153 180 147 175 144 99 149 151 225 178 26 60 134 223 131 166 195 232 150 216 39 188 19 206 243 250 72 247 84 190 57 148 209 249 184 41 154 142 252 96 10 238 213 113
11 196 3 22 78 114 97 29 41 221 166 24 23 137 122 253 5 28 204 0 168 2 201 231 130 214 1 176 4 52 172 13 173 125 107 25 8 224 37 17 32 226 27 109 193 65 59 6 63 182 203 205 85 14 19 58 129 159 38 102 15 191 108 42 56 36 202 127 133 71 179 197 207 95 255 199 248 30 251 73 31 115 47 20 44 123 185 220 18 35 43 164 183 227 118 128 83 55 218 80 165 49 101 68 135 143 235 116 117 40 229 228 82 89 110 208 54 181 74 180 77 198 211 33 9 239 105 152 192 177 155 16 171 156 242 64 81 86 240 87 48 75 174 34 212 46 62 146 254 53 121 67 167 234 88 61 111 169 104 79 106 141 51 69 70 91 131 236 237 233 92 215 45 222 132 100 7 194 170 200 157 50 160 98 12 90 120 145 163 66 136 219 241 21 140 94 138 246 119 230 93 217 161 126 124 103 225 139 162 209 112 189 153 244 147 175 144 99 149 151 245 178 26 60 134 223 186 158 195 232 150 216 39 188 187 206 243 250 72 247 84 190 57 148 210 249 184 76 154 142 252 96 10 238 213 113
11 196 3 22 78 114 97 29 41 221 166 24 23 137 122 253 5 28 204 0 168 2 201 231 130 214 1 176 4 52 172 13 173 125 107 25 8 224 37 17 32 226 27 109 193 65 59 6 63 182 203 205 85 14 19 58 129 159 38 102 15 191 108 42 56 36 202 127 133 71 179 197 207 95 255 199 248 30 251 73 31 115 47 20 44 123 185 220 18 35 43 164 183 227 118 128 83 55 218 80 165 49 101 68 135 143 235 116 117 40 229 228 82 89 110 208 54 181 74 180 77 198 211 33 9 239 105 152 192 177 155 16 171 156 242 64 81 86 240 87 48 75 174 34 212 46 62 146 254 53 121 67 167 234 88 61 111 169 104 79 106 141 51 69 70 91 131 236 237 233 92 215 45 222 132 100 7 194 170 200 157 50 160 98 12 90 120 145 163 66 136 219 241 21 140 94 138 246 119 230 93 217 161 126 154 103 225 139 162 209 112 189 153 244 147 175 144 99 149 151 245 178 26 60 134 223 186 158 195 232 150 216 39 188 187 206 243 250 72 247 84 190 57 148 210 249 184 76 124 142 252 96 10 238 213 113
11 196 3 22 112 114 97 29 15 221 129 24 177 215 122 253 5 28 204 0 168 2 151 231 130 214 205 176 4 52 68 13 173 125 107 25 8 224 37 182 32 226 27 20 193 65 59 6 63 245 203 1 85 14 19 58 229 159 38 102 41 191 108 42 56 36 202 127 133 71 179 197 207 95 255 199 248 30 251 73 31 81 54 109 44 123 185 220 211 35 43 164 183 104 118 128 246 55 218 80 165 49 101 18 135 143 235 116 117 40 186 228 82 89 110 208 47 181 74 180 77 198 78 33 9 239 105 152 192 23 155 16 171 156 92 64 115 86 240 87 48 75 174 34 212 46 62 146 254 53 121 67 167 234 88 61 111 169 227 79 106 172 51 69 70 91 158 236 237 233 209 137 45 222 132 100 7 194 170 200 157 50 160 98 12 90 120 145 163 66 136 219 241 21 140 94 138 83 119 230 93 217 161 126 210 103 141 139 162 76 17 187 153 244 147 175 144 99 149 201 225 178 26 60 134 223 131 166 195 232 150 216 39 188 189 206 243 250 72 247 84 190 57 148 242 249 184 124 154 142 252 96 10 238 213 113
11 196 3 22 131 114 97 29 15 221 227 24 177 219 122 253 5 28 204 0 168 2 151 231 130 214 129 176 4 52 68 13 173 209 107 25 8 240 37 182 32 226 27 20 193 65 59 6 63 245 203 205 85 14 238 58 229 159 38 102 124 191 108 42 56 36 202 127 133 71 179 197 207 95 255 199 248 30 251 73 31 115 47 109 44 123 185 220 90 35 43 164 183 1 118 128 83 55 218 80 165 49 101 18 135 143 235 116 117 40 186 228 82 89 110 208 54 181 74 180 77 198 211 33 9 239 105 152 192 23 155 16 171 156 242 64 81 86 224 87 48 75 174 34 212 46 62 146 254 53 121 67 167 234 88 61 111 169 104 79 106 172 51 69 70 91 158 236 237 233 92 215 45 222 132 100 7 194 170 200 157 50 160 98 12 78 120 145 163 66 136 137 241 21 140 94 138 246 119 230 93 217 161 126 210 103 141 139 162 76 112 189 153 244 147 175 144 99 149 201 225 178 26 60 134 223 17 166 195 232 150 216 39 188 187 206 243 250 72 247 84 190 57 148 125 249 184 41 154 142 252 96 10 19 213 113
11 196 3 22 131 114 97 29 15 221 235 24 177 137 122 253 5 28 204 0 168 2 201 231 130 214 1 176 103 52 68 13 173 233 107 25 8 224 37 182 32 226 27 20 193 65 59 6 63 4 203 205 85 14 187 58 229 159 38 102 124 191 108 42 56 36 202 127 133 71 179 197 207 95 255 199 248 30 251 73 31 115 47 109 44 123 185 220 78 35 43 164 183 129 118 128 83 55 218 80 165 49 101 18 135 143 227 116 117 40 186 228 82 89 110 208 54 181 74 180 77 198 211 33 9 239 105 152 192 23 155 16 171 156 242 64 81 86 240 87 48 75 174 34 212 46 62 146 254 53 121 67 167 234 88 61 111 169 104 79 106 172 51 69 70 91 158 236 237 125 92 215 45 222 132 100 7 194 170 200 157 50 160 98 12 90 120 145 163 66 136 219 241 21 140 94 138 246 119 230 93 99 161 126 210 245 141 139 162 76 112 189 153 244 147 175 144 217 149 151 225 178 26 60 134 223 17 166 195 232 150 216 39 188 19 206 243 250 72 247 84 190 57 148 209 249 184 41 154 142 252 96 10 238 213 113
11 196 3 22 131 114 97 29 15 221 235 24 177 137 122 253 5 28 204 0 168 200 201 231 130 214 1 2 103 52 68 13 173 233 107 25 8 224 37 182 7 91 27 20 193 65 59 6 63 4 203 205 85 14 187 58 229 159 38 102 124 191 108 42 56 36 202 127 133 71 67 197 207 95 255 199 248 30 251 73 31 115 47 109 44 123 185 220 153 35 43 164 183 129 118 128 83 55 218 80 165 49 101 18 135 143 227 116 117 40 186 228 82 89 110 208 54 181 74 180 77 198 211 171 9 239 105 152 192 23 17 16 33 156 242 64 81 86 240 87 48 75 174 34 212 46 62 146 254 53 121 179 167 12 88 61 111 169 104 79 106 172 51 69 70 226 158 236 237 125 92 215 45 222 132 100 32 194 170 113 157 50 160 98 234 90 120 145 163 66 136 219 241 21 140 94 138 246 119 230 93 99 161 126 210 245 141 139 162 76 112 189 78 244 147 175 144 217 149 151 225 178 26 60 134 223 155 166 195 232 150 216 39 188 19 206 243 250 72 247 84 190 57 148 209 249 184 41 154 142 252 96 10 238 213 176
11 196 3 22 163 114 97 29 37 221 227 24 177 137 122 253 5 28 204 0 168 2 201 231 130 214 1 176 4 52 68 13 173 209 107 25 26 224 15 182 32 226 27 20 193 65 59 6 63 245 203 205 85 14 19 58 229 159 38 102 41 191 108 42 56 115 202 127 133 71 179 197 207 95 255 199 248 30 251 73 31 36 123 109 44 47 185 220 78 35 43 164 183 129 118 128 83 55 218 80 165 49 101 18 135 143 235 116 117 40 212 228 82 89 110 208 54 181 74 180 77 198 211 33 9 239 105 152 192 23 155 16 171 156 242 64 81 86 240 87 48 75 174 34 186 46 62 146 254 53 121 67 167 234 88 61 111 169 104 79 106 172 51 69 70 91 158 236 237 233 92 215 45 222 132 100 7 194 170 200 157 50 160 98 12 90 120 145 17 66 136 219 241 21 140 94 138 246 119 230 93 217 161 126 210 103 141 139 162 76 112 189 153 244 147 175 144 99 149 151 225 178 8 60 134 223 131 166 195 232 150 216 39 188 187 206 243 250 72 247 84 190 57 148 125 249 184 124 154 142 252 96 10 238 213 113
11 196 3 22 163 114 97 29 245 221 227 24 177 137 122 253 5 28 204 0 168 2 201 231 130 214 1 176 4 52 68 13 173 209 107 25 8 224 15 182 32 226 27 20 193 65 59 6 63 37 203 205 85 14 19 58 229 159 38 102 41 191 108 42 56 36 202 127 133 71 179 197 207 95 255 199 237 30 251 73 169 115 123 109 44 47 185 220 78 35 43 164 183 129 118 128 83 55 218 80 165 49 101 18 135 143 235 116 117 40 186 228 82 89 110 208 54 181 74 180 77 198 211 33 9 239 105 152 192 23 155 16 171 156 242 64 81 86 240 87 48 75 174 34 212 46 62 146 254 53 121 67 167 234 88 61 111 31 104 79 106 172 51 69 70 91 158 236 248 233 92 215 45 76 132 100 7 194 170 200 157 50 160 98 12 90 120 145 17 66 136 219 241 21 140 94 138 246 119 230 93 217 161 126 210 103 141 139 150 222 112 189 153 244 147 175 144 99 149 151 225 178 39 60 134 223 131 166 195 232 162 216 26 188 187 206 243 250 72 247 84 190 57 148 125 249 184 124 154 142 252 96 10 238 213 113
11 196 3 22 163 114 97 29 245 221 227 24 177 137 122 253 5 28 204 0 168 2 201 231 130 214 1 176 4 52 68 13 173 209 107 25 8 224 15 182 32 226 27 20 193 65 59 6 63 37 203 205 85 14 19 58 229 159 38 102 41 191 108 42 56 36 202 127 133 71 179 197 207 95 255 199 248 30 251 73 169 115 123 109 44 47 185 220 78 35 43 164 183 129 118 128 83 55 218 80 165 49 101 18 135 143 235 116 117 40 186 228 82 89 110 208 54 181 74 180 77 198 211 33 9 239 105 152 192 23 155 16 171 156 242 64 81 86 240 87 48 75 174 34 212 46 62 146 254 53 121 67 167 234 88 61 111 31 104 79 106 172 51 69 70 91 158 236 237 233 92 215 45 76 132 100 7 194 170 200 157 50 160 98 12 90 120 145 17 66 136 219 241 21 140 94 138 246 119 230 93 217 161 126 210 103 141 139 150 222 112 189 153 244 147 175 144 99 149 151 225 178 39 60 134 223 131 166 195 232 162 216 26 188 187 206 243 250 72 247 84 190 57 148 125 249 184 124 154 142 252 96 10 238 213 113
11 196 3 22 163 114 97 29 245 221 227 24 177 137 122 253 5 28 204 0 168 2 201 231 130 214 1 176 4 52 68 13 173 209 107 25 8 224 15 182 32 226 27 20 193 65 59 6 63 37 203 205 85 14 19 58 229 159 38 102 41 191 108 42 56 36 202 127 133 71 179 197 207 95 255 199 248 30 251 73 169 115 123 109 44 47 185 220 78 35 43 164 183 129 118 128 83 55 218 80 165 49 101 18 135 143 235 116 117 40 186 228 82 89 110 208 54 181 74 180 77 198 211 33 9 239 105 152 192 23 155 16 171 156 242 64 81 86 240 87 48 75 174 34 212 46 62 146 254 53 121 67 167 234 88 61 111 31 104 79 106 172 51 69 70 91 158 236 237 233 92 215 45 222 132 100 7 194 170 200 157 50 160 98 12 90 120 145 17 66 136 219 241 21 140 94 138 246 119 230 93 217 161 126 210 103 141 139 150 76 112 189 153 244 147 175 144 99 149 151 225 178 39 60 134 223 131 166 195 232 162 216 26 188 187 206 243 250 72 247 84 190 57 148 125 249 184 124 154 142 252 96 10 238 213 113
11 196 3 22 163 114 97 29 245 221 227 24 177 137 122 253 5 28 204 0 168 2 201 231 130 214 1 176 4 52 68 13 173 209 107 25 8 224 15 182 32 226 27 20 193 65 59 6 63 37 203 205 85 14 19 58 229 159 38 102 41 191 108 42 56 36 202 127 133 71 179 197 207 95 255 199 248 30 251 73 169 115 123 109 44 47 185 220 78 35 43 164 183 129 118 128 83 55 218 80 165 49 101 18 135 143 235 116 117 40 186 228 82 89 110 208 54 181 74 180 77 198 211 33 9 239 105 152 192 23 155 16 171 156 242 64 81 86 240 87 48 75 174 34 212 46 62 146 254 53 121 67 167 234 88 61 111 31 104 79 106 172 51 69 70 91 158 236 237 233 92 215 45 222 132 100 7 194 170 200 157 50 160 98 12 90 120 145 17 66 136 219 241 21 140 94 138 246 119 230 93 217 161 126 210 103 141 139 162 76 112 189 153 244 147 175 144 99 149 151 225 178 39 60 134 223 131 166 195 232 150 216 26 188 187 206 243 250 72 247 84 190 57 148 125 249 184 124 154 142 252 96 10 238 213 113
11 196 3 22 167 114 97 29 15 221 227 24 177 137 122 253 5 28 204 0 168 2 151 140 130 214 1 176 4 52 68 13 173 209 107 25 8 224 37 182 32 226 27 20 234 65 59 6 63 245 203 205 85 14 19 58 229 159 38 102 41 191 108 42 56 36 202 127 133 71 179 197 207 109 255 199 248 30 251 73 31 115 47 95 44 123 185 220 78 35 43 164 183 129 118 128 83 55 218 80 165 49 101 18 135 143 235 116 117 40 186 228 82 89 110 208 54 181 74 180 77 198 211 33 9 239 105 152 192 23 155 16 171 156 242 64 81 86 240 87 48 75 174 34 212 46 62 146 254 53 121 67 17 193 88 61 111 169 104 79 106 172 51 69 70 91 158 236 237 233 92 215 45 222 132 100 7 194 170 200 157 50 160 98 12 90 120 145 163 66 136 219 241 21 231 94 138 246 119 230 93 217 161 126 210 103 141 139 162 76 112 189 153 244 147 175 144 99 149 201 225 178 26 60 134 223 131 166 195 232 150 216 39 188 187 206 243 250 72 247 84 190 57 148 125 249 184 124 154 142 252 96 10 238 213 113
11 196 3 22 167 114 97 29 15 221 227 24 177 137 122 253 5 28 204 0 168 2 151 140 130 214 1 176 4 52 68 13 173 209 107 25 8 224 37 182 32 226 27 20 234 65 59 6 63 245 203 205 85 14 19 58 229 159 38 102 41 191 108 42 56 36 202 233 133 71 179 197 207 109 255 199 248 30 251 73 31 115 47 95 44 123 185 220 78 35 43 164 183 129 118 128 83 55 218 80 165 49 101 18 135 143 235 116 117 40 186 228 82 89 110 208 54 181 74 180 77 198 211 33 9 239 105 152 192 23 155 16 171 156 242 64 81 86 240 87 48 75 174 34 212 46 62 146 254 53 121 67 17 193 88 84 111 169 104 79 106 172 51 69 70 91 158 236 237 127 92 215 45 222 132 100 7 194 170 200 157 50 160 98 12 90 120 145 163 66 136 219 241 21 231 94 138 246 119 230 93 217 161 126 210 103 141 139 162 76 112 189 153 244 147 175 144 99 149 201 225 178 26 60 134 223 131 166 195 232 150 216 39 188 187 206 243 250 72 247 61 190 57 148 125 249 184 124 154 142 252 96 10 238 213 113
11 196 3 22 167 114 97 29 15 221 227 24 177 137 122 253 200 28 204 0 168 2 201 231 130 214 1 176 103 52 68 13 173 125 107 25 8 224 37 182 32 226 27 20 193 65 59 6 63 245 203 151 85 14 19 171 229 159 38 102 41 9 108 42 56 36 202 127 133 71 81 197 207 95 255 199 248 162 251 73 31 115 47 109 44 123 185 220 78 35 43 164 183 129 118 128 83 55 218 80 165 49 101 18 135 143 235 116 117 40 186 228 82 89 110 208 54 181 74 180 77 198 211 33 191 239 105 152 136 23 155 16 58 156 242 64 179 86 240 87 48 75 174 34 212 46 62 146 254 50 121 67 17 234 88 61 111 169 104 79 106 172 51 69 70 91 158 236 237 233 92 215 45 222 132 100 7 194 170 5 157 53 160 98 12 90 120 145 163 66 192 219 241 21 140 94 138 246 119 230 93 217 161 126 210 4 141 139 30 76 112 189 153 244 147 175 144 99 149 205 225 178 26 60 134 223 131 166 195 232 150 216 39 188 187 206 243 250 72 247 84 190 57 148 209 249 184 124 154 142 252 96 10 238 213 113
11 196 3 22 167 114 97 29 15 221 227 24 177 137 122 253 200 28 204 0 168 2 201 231 130 214 1 176 103 52 68 13 173 125 107 25 8 224 37 182 32 226 27 20 193 65 59 6 63 245 203 205 85 14 19 171 229 159 38 102 41 9 108 42 56 36 202 127 133 71 81 197 207 95 255 199 248 162 251 73 31 115 47 109 44 123 185 220 78 35 43 164 183 129 118 128 83 55 218 80 165 49 101 18 135 143 235 116 117 40 186 228 82 89 110 208 54 181 74 180 77 198 211 33 191 239 105 152 136 23 155 16 58 156 242 64 179 86 240 87 48 75 174 34 212 46 62 146 254 50 121 67 17 234 88 61 111 169 104 79 106 172 51 69 70 91 158 236 237 233 92 215 45 222 132 100 7 194 170 5 157 53 160 98 12 90 120 145 163 66 192 219 241 21 140 94 138 246 119 230 93 217 161 126 210 4 141 139 30 76 112 189 153 244 147 175 144 99 149 151 225 178 26 60 134 223 131 166 195 232 150 216 39 188 187 206 243 250 72 247 84 190 57 148 209 249 184 124 154 142 252 96 10 238 213 113
11 196 3 22 167 114 97 29 15 221 227 24 177 137 122 253 200 28 204 0 168 2 201 231 130 214 1 176 103 52 68 13 173 125 107 25 8 224 37 182 32 226 27 20 193 65 59 6 63 245 203 205 85 14 19 171 229 159 38 102 41 9 108 42 56 36 202 127 133 71 179 197 207 95 255 199 248 162 251 73 31 115 47 109 44 123 185 220 78 35 43 164 183 129 118 128 83 55 218 80 165 49 101 18 135 143 235 116 117 40 186 228 82 89 110 208 54 181 74 180 77 198 211 33 191 239 105 152 136 23 155 16 58 156 242 64 81 86 240 87 48 75 174 34 212 46 62 146 254 50 121 67 17 234 88 61 111 169 104 79 106 172 51 69 70 91 158 236 237 233 92 215 45 222 132 100 7 194 170 5 157 53 160 98 12 90 120 145 163 66 192 219 241 21 140 94 138 246 119 230 93 217 161 126 210 4 141 139 30 76 112 189 153 244 147 175 144 99 149 151 225 178 26 60 134 223 131 166 195 232 150 216 39 188 187 206 243 250 72 247 84 190 57 148 209 249 184 124 154 142 252 96 10 238 213 113
11 196 3 22 189 114 97 29 15 221 227 24 177 137 122 253 5 28 204 0 168 2 201 231 130 214 1 176 4 52 172 13 173 125 107 25 8 224 37 182 32 226 27 20 193 65 59 6 63 245 203 205 85 14 19 58 229 159 38 102 41 191 108 42 56 36 202 127 133 71 179 197 207 95 255 199 248 30 251 73 31 115 47 109 44 123 185 220 78 35 43 164 183 18 129 128 83 55 218 80 165 49 101 68 135 143 235 116 117 40 118 228 82 89 110 208 54 181 74 180 77 198 211 33 9 239 105 152 192 23 155 16 171 156 242 64 103 86 240 87 48 75 174 34 212 46 67 146 254 53 121 62 167 234 88 61 111 169 104 79 106 166 51 69 70 91 131 236 237 233 92 215 45 222 132 100 7 194 170 200 157 50 160 98 12 90 120 145 163 66 136 219 241 21 140 94 138 246 119 230 93 217 161 126 210 81 141 139 162 209 112 17 153 244 147 175 144 99 149 151 225 178 26 60 134 223 186 158 195 232 150 216 39 188 187 206 243 250 72 247 84 190 57 148 124 249 184 76 154 142 252 96 10 238 213 113
11 196 3 22 208 114 97 29 15 221 227 24 177 137 122 253 5 28 75 0 168 2 151 231 130 214 1 176 4 52 68 171 173 209 107 25 8 224 37 182 32 226 27 20 193 65 59 6 63 245 203 205 85 14 19 164 229 159 38 102 41 191 108 42 56 36 202 127 133 71 179 197 207 95 255 199 248 30 251 73 31 115 47 109 44 123 185 220 78 35 43 58 183 129 118 128 83 55 218 80 165 49 101 18 135 143 235 116 117 40 186 228 82 89 110 17 54 181 74 180 77 198 211 33 9 239 105 152 192 23 155 16 13 156 242 64 81 86 240 87 48 204 174 34 212 46 62 146 254 53 121 67 167 234 88 61 111 169 104 79 106 172 51 69 70 91 158 236 237 233 92 215 45 222 132 100 7 194 170 200 157 50 160 98 12 90 120 145 163 66 136 219 241 21 140 94 138 246 119 230 93 217 161 126 210 103 141 139 162 76 112 189 153 244 147 175 144 99 149 201 225 178 26 60 134 223 131 166 195 232 150 216 39 188 187 206 243 250 72 247 84 190 57 148 125 249 184 124 154 142 252 96 10 238 213 113
11 196 3 22 235 114 97 29 15 221 214 24 177 137 122 253 5 28 204 0 168 2 151 231 130 34 1 176 4 52 68 13 173 209 107 25 8 224 37 182 32 226 27 20 193 65 59 6 63 245 203 205 225 14 19 58 229 159 38 102 41 191 108 42 56 36 202 127 133 71 179 197 207 95 255 199 248 30 251 73 31 115 47 109 44 123 185 220 78 35 43 164 183 129 118 128 83 55 218 98 165 49 101 18 135 143 17 116 117 40 186 228 82 89 110 208 54 181 74 180 77 198 211 33 9 239 99 152 192 23 155 250 171 156 242 64 81 86 240 87 48 75 174 227 212 46 62 146 254 53 121 67 167 234 88 61 111 169 104 79 106 172 51 213 70 91 158 236 237 233 16 215 45 222 132 100 7 194 170 200 157 50 160 80 12 90 120 145 163 66 136 219 241 21 140 94 138 246 119 230 93 217 161 126 210 103 141 139 162 76 112 189 153 244 147 175 144 105 149 201 85 178 26 60 134 223 131 166 195 232 150 216 39 188 187 206 243 92 72 247 84 190 57 148 125 249 184 124 154 142 252 96 10 238 69 113
11 196 3 22 241 114 97 29 15 221 227 24 177 76 122 253 5 28 204 0 168 2 151 231 130 214 1 176 4 52 68 13 173 209 107 25 8 224 37 182 32 226 27 20 193 65 59 6 63 245 203 205 85 14 19 58 229 159 38 102 41 191 108 42 56 36 202 127 133 71 179 197 81 103 255 199 248 30 251 73 31 115 155 109 44 166 185 220 78 35 43 164 183 119 118 128 83 55 218 80 165 49 101 18 135 143 235 116 117 40 132 228 82 89 110 208 54 181 74 180 77 198 211 33 9 239 105 152 192 23 47 16 171 156 242 64 207 86 240 87 48 75 174 34 212 46 62 146 254 53 121 67 167 234 88 61 111 169 104 79 106 172 51 69 70 91 125 236 237 233 92 215 45 222 186 100 7 194 170 200 157 50 160 98 12 90 120 145 163 66 136 219 17 21 140 94 138 246 129 230 93 217 161 126 210 95 141 139 162 137 112 189 153 244 147 175 144 99 149 201 225 178 26 60 134 223 131 123 195 232 150 216 39 188 187 206 243 250 72 247 84 190 57 148 158 249 184 124 154 142 252 96 10 238 213 113
11 196 3 22 241 114 97 29 15 221 227 24 177 137 122 253 5 28 204 0 168 2 151 231 130 214 1 176 4 52 68 13 173 209 107 25 8 224 37 182 32 226 27 20 193 65 59 6 63 245 203 205 85 14 19 58 229 159 38 102 41 191 108 42 56 36 202 127 133 71 179 197 207 95 255 199 248 30 251 73 31 115 47 109 44 123 185 220 78 35 43 164 183 129 118 128 83 55 218 80 165 49 101 18 135 143 235 116 117 40 186 228 82 89 110 208 54 181 74 180 77 198 211 33 9 239 105 152 192 23 48 16 171 156 136 64 81 86 240 87 155 75 174 34 212 46 62 146 254 53 121 67 167 234 88 61 111 169 104 79 106 172 184 69 70 91 158 236 237 233 92 215 45 222 132 100 7 194 170 200 157 50 160 98 12 90 120 145 163 66 242 219 17 21 140 94 138 246 119 230 93 217 161 126 243 103 141 139 162 76 112 189 153 244 147 175 144 99 149 201 225 178 26 60 134 223 131 166 195 232 150 216 39 188 187 206 210 250 72 247 84 190 57 148 125 249 51 124 154 142 252 96 10 238 213 113
11 196 3 22 241 114 97 29 15 221 227 24 177 137 122 253 5 28 204 0 168 2 151 231 130 214 1 176 4 52 68 13 173 209 107 25 8 224 37 182 32 226 27 20 193 65 59 6 63 245 203 205 85 14 19 58 229 159 38 102 41 191 108 42 56 36 202 127 133 71 179 197 207 95 255 199 248 30 251 73 31 115 47 109 44 123 185 220 78 35 43 164 183 129 118 128 83 55 218 80 165 49 101 18 135 143 235 116 117 40 186 228 82 89 110 208 54 181 74 180 77 198 211 33 9 239 105 152 192 23 48 16 171 156 242 64 81 86 240 87 155 75 174 34 212 46 62 146 254 53 121 67 167 234 88 61 111 169 104 79 106 172 184 69 70 91 158 236 237 233 92 215 45 222 132 100 7 194 170 200 157 50 160 98 12 90 120 145 163 66 136 219 17 21 140 94 138 246 119 230 93 217 161 126 243 103 141 139 162 76 112 189 153 244 147 175 144 99 149 201 225 178 26 60 134 223 131 166 195 232 150 216 39 188 187 206 210 250 72 247 84 190 57 148 125 249 51 124 154 142 252 96 10 238 213 113
11 196 3 22 250 114 97 0 15 221 227 24 177 137 122 253 5 28 204 29 168 2 201 231 130 214 1 176 4 52 68 13 173 125 107 25 8 224 37 182 32 226 27 20 193 65 59 6 63 245 203 205 85 14 19 58 229 159 81 102 41 191 108 42 56 36 202 127 133 71 179 197 207 95 255 199 248 30 251 73 31 115 47 109 119 123 185 220 78 35 43 164 183 111 118 128 83 55 218 80 165 49 101 18 135 143 235 116 117 40 129 228 82 89 110 208 54 181 74 180 77 198 211 33 9 239 105 152 192 23 155 16 171 156 242 64 38 86 240 87 48 75 174 34 212 46 62 146 233 53 121 172 167 234 88 61 131 169 92 79 106 166 51 69 70 91 158 236 237 103 104 215 45 222 132 100 7 194 170 200 157 50 160 98 12 90 120 145 163 66 136 219 241 21 140 94 138 246 44 230 93 217 161 126 210 254 141 139 162 209 112 189 153 244 147 175 144 99 149 151 225 178 26 60 134 223 186 67 195 232 150 216 39 188 187 206 243 17 72 247 84 190 57 148 124 249 184 76 154 142 252 96 10 238 213 113
11 196 3 22 252 114 97 29 15 221 227 24 177 124 122 253 5 28 204 0 168 2 201 231 130 71 186 176 4 52 68 13 158 125 107 25 8 135 37 182 32 226 27 20 193 65 59 6 63 245 203 205 85 14 19 58 229 159 38 102 41 191 108 42 56 36 202 127 133 214 179 197 207 95 255 199 235 57 251 73 31 115 47 109 44 123 185 192 78 86 43 164 183 1 118 128 83 55 218 80 165 49 101 18 224 143 248 116 117 40 129 228 82 89 110 208 54 181 74 180 77 198 211 33 9 239 105 152 137 23 155 16 171 156 242 64 81 35 240 87 48 75 174 34 212 46 62 146 254 53 121 67 167 234 88 61 111 169 104 79 106 172 51 69 70 91 173 236 237 233 92 215 45 222 132 100 7 194 170 200 157 50 160 98 12 90 120 145 163 66 136 219 241 21 140 94 138 246 119 230 93 217 161 126 210 76 141 139 162 103 112 189 153 244 147 175 144 99 149 151 225 178 26 60 134 223 131 166 195 232 150 216 39 188 187 206 243 250 72 247 84 190 30 148 209 249 184 220 154 142 17 96 10 238 213 113
11 196 3 22 252 114 97 29 15 221 227 24 177 124 122 253 5 28 204 0 168 2 201 231 130 214 186 176 4 52 68 13 173 125 107 25 8 135 37 182 32 226 27 20 193 65 59 6 63 245 203 205 85 14 19 58 229 159 38 102 41 191 108 42 56 36 202 127 133 71 179 197 207 95 255 199 248 30 251 73 31 115 47 109 44 123 185 192 78 35 43 164 183 1 118 128 83 55 218 80 165 49 101 18 224 143 235 116 117 40 129 228 82 89 110 208 54 181 74 180 77 198 211 33 9 239 105 152 137 23 155 16 171 156 242 64 81 86 240 87 48 75 174 34 212 46 62 146 254 53 121 67 167 234 88 61 111 169 104 79 106 172 51 69 70 91 158 236 237 233 92 215 45 222 132 100 7 194 170 200 157 50 160 98 12 90 120 145 163 66 136 219 241 21 140 94 138 246 119 230 93 217 161 126 210 76 141 139 162 103 112 189 153 244 147 175 144 99 149 151 225 178 26 60 134 223 131 166 195 232 150 216 39 188 187 206 243 250 72 247 84 190 57 148 209 249 184 220 154 142 17 96 10 238 213 113
11 196 3 22 252 114 97 29 15 221 227 24 177 124 122 253 5 28 204 0 168 2 201 231 130 214 186 176 4 52 68 13 173 125 107 25 8 224 37 182 32 226 27 20 193 65 59 6 63 245 203 205 85 14 19 58 229 159 38 102 41 191 108 42 56 36 202 127 133 71 179 197 207 95 255 199 248 30 251 73 31 115 47 109 44 123 185 137 78 35 43 164 183 1 118 128 83 55 218 80 165 49 101 18 135 143 235 116 117 40 129 228 82 89 110 208 54 181 74 180 77 198 211 33 9 239 105 152 192 23 155 16 171 156 242 64 81 86 240 87 48 75 174 34 212 46 62 146 254 53 121 67 167 234 88 61 111 169 104 79 106 172 51 69 70 91 158 236 237 233 92 215 45 222 132 100 7 194 170 200 157 50 160 98 12 90 120 145 163 66 136 219 241 21 140 94 138 246 119 230 93 217 161 126 210 76 141 139 162 103 112 189 153 244 147 175 144 99 149 151 225 178 26 60 134 223 131 166 195 232 150 216 39 188 187 206 243 250 72 247 84 190 57 148 209 249 184 220 154 142 17 96 10 238 213 113
11 196 3 22 252 114 97 29 15 221 227 24 177 137 122 253 5 28 204 0 168 2 201 231 130 214 1 176 4 52 68 13 173 125 107 25 129 224 37 182 32 226 27 20 193 65 59 6 63 245 203 205 85 14 19 58 229 159 38 102 41 191 108 42 56 36 202 127 133 71 179 197 207 95 255 199 248 30 251 73 31 115 47 109 44 123 185 220 78 35 43 164 183 18 118 128 83 55 218 80 165 49 101 151 135 143 235 116 117 40 8 228 82 89 110 208 54 181 74 180 77 198 211 33 9 239 105 152 192 23 155 16 171 156 242 64 81 86 240 87 48 75 174 34 186 46 62 146 254 53 121 67 167 234 88 61 111 169 104 79 106 172 51 69 70 91 158 236 237 139 92 215 45 222 132 100 7 194 170 200 157 50 160 98 12 90 120 145 163 66 136 219 241 21 140 94 138 246 119 230 93 217 161 126 210 103 141 233 162 76 112 189 153 244 147 175 144 99 149 212 225 178 26 60 134 223 131 166 195 232 150 216 39 188 187 206 243 250 72 247 84 190 57 148 209 249 184 124 154 142 17 96 10 238 213 113
11 196 3 22 252 114 97 29 15 221 227 24 177 137 122 253 5 28 204 0 168 2 201 231 130 214 186 176 4 52 68 13 173 125 107 25 8 224 37 182 32 226 27 20 193 65 59 6 63 245 203 205 85 14 19 58 229 159 183 102 41 191 108 42 56 36 202 127 133 71 179 197 207 95 255 199 248 30 251 73 31 115 47 109 44 123 185 124 78 35 43 164 38 1 118 128 83 55 218 80 165 49 101 18 135 143 235 116 117 40 129 228 82 89 110 208 54 181 74 180 77 198 211 33 9 239 105 152 192 23 155 16 171 156 242 64 81 86 240 87 48 75 174 34 212 46 62 146 254 53 121 67 167 234 88 61 111 169 104 79 106 172 51 69 70 91 158 236 237 233 92 215 45 222 132 100 7 194 170 200 157 50 160 98 12 90 120 145 163 66 136 219 241 21 140 94 138 246 119 230 93 217 161 126 210 76 141 139 162 103 112 189 153 244 147 175 144 99 149 151 225 178 26 60 134 223 131 166 195 232 150 216 39 188 187 206 243 250 72 247 84 190 57 148 209 249 184 220 154 142 17 96 10 238 213 113
11 196 3 22 252 114 97 29 15 221 227 24 177 137 122 253 5 28 204 0 168 2 201 231 130 214 186 176 4 52 68 13 173 125 107 25 8 224 37 182 32 226 27 20 193 65 59 6 63 245 203 205 85 14 19 58 229 159 183 102 41 191 108 42 56 36 202 127 133 71 179 197 207 95 255 199 248 30 251 73 31 115 190 109 44 123 185 124 78 35 43 164 38 1 118 128 83 55 218 80 165 49 101 18 135 143 235 116 117 40 129 228 82 89 110 208 54 181 74 180 77 198 211 33 9 239 105 152 192 23 155 16 171 156 242 64 81 86 240 87 48 75 174 34 212 46 62 146 254 53 121 67 167 234 88 61 111 169 104 79 106 172 51 69 70 91 158 236 237 233 92 215 45 222 132 100 7 194 170 200 157 50 160 98 12 90 120 145 163 66 136 219 241 21 140 94 138 246 119 230 93 217 161 126 210 76 141 139 162 103 112 189 153 244 147 175 144 99 149 151 225 178 26 60 134 223 131 166 195 232 150 216 39 188 187 206 243 250 72 247 84 47 57 148 209 249 184 220 154 142 17 96 10 238 213 113
11 196 3 22 252 114 97 29 15 221 227 24 177 137 122 253 5 28 204 172 168 2 201 231 130 214 124 176 4 129 68 13 173 125 107 25 8 224 37 182 32 226 27 20 193 65 59 6 63 245 203 205 85 14 19 58 229 159 38 102 41 191 108 42 56 36 202 127 133 71 179 197 207 95 255 199 248 30 251 73 31 115 47 109 44 123 185 220 78 35 43 164 183 1 118 128 83 55 218 80 165 49 101 18 135 143 235 116 117 40 186 228 82 89 110 208 54 181 74 180 77 198 211 33 9 239 105 152 192 23 155 16 171 156 242 64 81 86 240 87 48 75 174 34 212 46 62 146 254 53 121 67 167 234 88 61 111 169 104 79 106 0 51 69 70 91 158 236 237 233 92 215 45 222 132 100 7 194 170 200 157 50 160 98 12 90 120 145 163 66 136 219 241 21 140 94 138 246 119 230 93 217 161 126 210 76 141 139 162 103 112 189 153 244 147 175 144 99 149 151 225 178 26 60 134 223 131 166 195 232 150 216 39 188 187 52 243 250 72 247 84 190 57 148 209 249 184 206 154 142 17 96 10 238 213 113
11 196 3 22 252 114 97 29 15 221 227 24 177 137 122 253 5 28 204 172 168 2 201 231 130 214 124 176 4 129 68 13 173 125 107 25 8 224 37 182 32 226 27 20 193 65 59 6 63 245 203 205 85 14 19 58 229 159 38 102 41 191 108 42 56 36 202 127 133 71 179 197 207 103 255 199 248 30 251 73 31 115 47 109 44 123 185 220 78 35 43 164 183 1 118 128 83 55 218 80 165 49 101 18 135 143 235 116 117 40 186 228 82 89 110 208 54 181 74 180 77 198 211 33 9 239 105 152 192 23 155 16 171 156 242 64 81 86 240 87 48 75 174 34 212 46 62 146 254 53 121 67 167 234 88 61 111 169 104 79 106 0 51 69 70 91 158 236 237 233 92 215 45 222 132 100 7 194 170 200 157 50 160 98 12 90 120 145 163 66 136 219 241 21 140 94 138 246 119 230 93 217 161 126 210 76 141 139 162 95 112 189 153 244 147 175 144 99 149 151 225 178 26 60 134 223 131 166 195 232 150 216 39 188 187 52 243 250 72 247 84 190 57 148 209 249 184 206 154 142 17 96 10 238 213 113
11 196 3 22 252 114 97 29 15 221 227 24 177 137 122 253 47 28 204 0 168 2 201 231 130 214 52 176 4 129 68 13 173 125 107 25 8 224 37 182 32 226 27 20 193 65 59 6 63 245 203 205 85 14 19 58 229 159 38 102 41 191 108 42 56 36 202 127 133 71 179 197 207 95 255 199 248 30 251 73 31 115 5 92 44 123 185 220 78 35 43 164 183 1 118 128 83 55 218 80 165 49 101 18 135 143 235 116 117 40 186 228 82 89 110 208 54 181 74 180 77 198 211 33 9 239 105 152 192 23 155 16 171 156 242 64 81 86 240 87 48 75 174 34 212 46 62 146 254 124 121 67 167 234 88 61 111 169 104 79 219 172 51 69 70 91 158 236 237 233 109 215 45 222 132 100 7 194 170 200 157 50 160 98 12 90 120 145 163 66 136 106 241 21 140 94 138 246 119 230 93 217 161 126 210 76 141 139 162 103 112 189 153 244 147 175 144 99 149 151 225 178 26 60 134 223 131 166 195 232 150 216 39 188 187 206 243 250 72 247 84 190 57 148 209 249 184 53 154 142 17 96 10 238 213 113
11 196 3 22 252 114 97 29 15 221 227 24 177 137 122 253 47 28 204 0 172 2 201 231 130 214 52 176 4 129 68 13 173 125 107 25 8 224 37 182 32 226 27 20 193 65 59 6 63 245 203 205 85 14 19 58 229 159 38 102 41 191 108 42 56 36 202 127 133 71 179 197 207 95 255 199 248 30 251 73 31 115 5 92 44 123 185 220 78 35 43 164 183 1 118 128 83 55 218 80 165 49 101 18 135 143 235 116 117 40 186 228 82 89 110 208 54 181 74 180 77 198 211 33 9 239 105 152 192 23 155 16 171 156 242 64 81 86 240 87 48 75 174 34 212 46 62 146 254 124 121 67 167 234 88 61 111 169 104 79 219 168 51 69 70 91 158 236 237 233 109 215 45 222 132 100 7 194 170 200 157 50 160 98 12 90 120 145 163 66 136 106 241 21 140 94 138 246 119 230 93 217 161 126 210 76 141 139 162 103 112 189 153 244 147 175 144 99 149 151 225 178 26 60 134 223 131 166 195 232 150 216 39 188 187 206 243 250 72 247 84 190 57 148 209 249 184 53 154 142 17 96 10 238 213 113
11 196 3 22 252 114 97 29 15 221 227 24 177 137 122 253 47 28 204 0 172 2 201 231 130 214 52 176 4 129 68 13 173 125 107 25 8 224 37 182 32 226 27 20 193 65 59 6 63 245 203 205 85 14 19 58 229 159 38 102 41 191 108 42 56 36 202 127 133 71 179 197 207 95 255 199 248 30 251 73 31 115 5 92 44 123 185 220 78 35 43 164 183 1 118 128 83 55 218 80 165 49 101 18 135 143 235 116 117 40 186 228 82 89 110 208 54 181 74 180 77 198 211 33 9 239 105 152 192 23 155 16 233 156 242 64 81 86 240 87 48 75 174 34 212 46 62 146 254 124 121 67 167 234 88 61 111 169 104 79 219 168 51 69 70 91 158 236 237 171 109 215 45 222 132 100 7 194 170 200 157 50 160 98 12 90 120 145 163 66 136 106 241 21 140 94 138 246 119 230 93 217 161 126 210 76 141 139 162 103 112 189 153 244 147 175 144 99 149 151 225 178 26 60 134 223 131 166 195 232 150 216 39 188 187 206 243 250 72 247 84 190 57 148 209 249 184 53 154 142 17 96 10 238 213 113
11 196 3 22 252 114 97 29 15 221 227 24 177 137 122 253 47 28 204 0 172 2 201 231 130 214 186 176 4 129 68 13 173 125 107 25 8 224 37 182 32 226 27 20 193 65 59 6 63 245 203 205 85 14 19 58 229 159 38 102 41 191 108 42 56 36 202 127 133 71 179 197 207 95 255 199 248 30 251 73 31 115 5 92 44 123 185 220 78 35 43 164 183 1 118 128 83 55 218 80 165 49 101 18 135 143 235 116 117 40 52 228 82 89 110 208 54 181 74 180 77 198 211 33 9 239 105 152 192 23 155 16 233 156 242 64 81 86 240 87 48 75 174 34 212 46 62 146 254 124 121 67 167 234 88 61 111 169 104 79 219 168 51 69 70 91 158 236 237 171 109 215 45 222 132 100 7 194 170 200 157 50 160 98 12 90 120 145 163 66 136 106 241 21 140 94 138 246 119 230 93 217 161 126 210 76 141 139 162 103 112 189 153 244 147 175 144 99 149 151 225 178 26 60 134 223 131 166 195 232 150 216 39 188 187 206 243 250 72 247 84 190 57 148 209 249 184 53 154 142 17 96 10 238 213 113
11 196 3 22 252 114 97 29 15 221 227 24 177 138 122 253 47 28 204 0 172 2 201 231 130 214 186 176 4 129 68 13 173 125 107 25 8 224 37 182 32 226 27 20 193 65 59 6 63 245 203 205 85 14 19 58 229 159 38 102 41 191 108 42 56 36 202 127 133 71 179 197 207 95 255 199 248 30 251 73 31 115 5 92 44 123 185 220 78 35 43 164 183 1 118 128 83 55 218 80 165 49 101 18 135 143 235 116 117 40 52 228 82 89 110 208 54 181 74 180 77 198 211 33 9 239 105 152 192 23 155 16 233 156 242 64 81 86 240 87 48 75 174 34 212 46 62 146 254 124 121 67 167 234 88 61 111 169 104 79 219 168 51 69 70 91 158 236 237 171 109 215 45 222 132 100 7 194 170 200 157 50 160 98 12 90 120 145 163 66 136 106 241 21 140 94 137 246 119 230 93 217 161 126 210 76 141 139 162 103 112 189 153 244 147 175 144 99 149 151 225 178 26 60 134 223 131 166 195 232 150 216 39 188 187 206 243 250 72 247 84 190 57 148 209 249 184 53 154 142 17 96 10 238 213 113
11 196 3 22 252 114 97 29 15 221 227 24 177 154 122 253 5 28 204 0 168 2 10 231 130 247 186 176 4 52 68 13 173 125 107 25 8 224 37 182 32 226 27 20 193 65 59 6 63 245 203 205 85 14 19 58 229 159 38 102 41 191 108 42 56 36 202 127 133 71 179 197 207 95 255 199 248 30 251 73 31 115 47 109 44 123 185 124 78 35 43 164 183 1 118 128 83 55 218 80 165 49 101 18 135 143 235 116 117 40 129 228 82 89 110 208 54 181 74 180 77 198 211 33 9 239 105 152 172 23 155 16 171 156 242 64 81 86 240 87 48 75 174 34 212 46 62 146 254 53 121 67 167 234 88 61 111 169 104 79 106 192 51 69 70 91 158 236 237 233 92 215 45 222 132 100 7 194 170 200 157 50 160 98 12 90 120 145 163 66 136 219 241 21 140 94 138 246 119 230 93 217 161 126 210 76 141 139 162 103 112 189 153 244 147 175 144 99 149 151 225 178 26 60 134 223 131 166 195 232 150 216 39 188 187 220 243 250 72 214 84 190 57 148 209 249 184 206 137 142 17 96 201 238 213 113
11 196 3 22 252 114 97 29 15 221 227 24 247 138 122 253 47 28 204 0 172 2 201 231 130 214 186 176 4 129 68 13 173 125 107 25 8 224 37 182 32 226 27 20 193 65 59 6 63 245 203 205 85 14 19 58 229 159 38 102 41 191 108 42 56 36 202 127 133 71 179 197 207 95 255 199 248 30 251 73 31 115 5 92 44 123 185 220 78 35 43 164 183 1 118 128 83 55 218 80 165 49 101 18 135 143 235 116 117 40 52 228 82 89 110 208 54 181 74 180 77 198 211 33 9 239 105 152 192 23 155 16 233 156 242 64 81 86 240 87 48 75 174 34 212 46 62 146 254 124 121 67 167 234 88 61 111 169 104 79 219 168 51 69 70 91 158 236 237 171 109 215 45 222 132 100 7 194 170 200 157 50 160 98 12 90 120 145 163 66 136 106 241 21 140 94 137 246 119 230 93 217 161 126 210 76 141 139 162 103 112 189 153 244 147 175 144 99 149 151 225 178 26 60 134 223 131 166 195 232 150 216 39 188 187 206 243 250 72 177 84 190 57 148 209 249 184 53 154 142 17 96 10 238 213 113
11 196 3 22 252 114 97 29 37 221 227 24 233 137 122 253 5 28 204 0 168 2 201 231 130 214 1 176 4 52 68 13 173 209 211 25 8 224 15 182 32 226 27 20 193 65 59 6 63 245 213 205 85 14 19 58 229 159 38 102 41 191 108 42 56 36 202 127 133 71 179 197 207 95 255 199 248 30 251 73 31 115 47 109 44 123 185 220 78 35 43 164 183 129 118 128 83 147 218 80 165 240 101 18 135 143 235 116 117 40 186 228 82 89 110 208 54 181 74 180 77 198 107 33 9 239 105 152 192 23 155 16 171 156 242 64 81 86 190 87 48 75 174 34 212 46 62 146 254 53 121 67 167 234 88 61 111 169 104 79 106 172 51 69 70 91 158 236 237 177 92 215 45 222 132 100 7 194 170 200 157 50 160 98 12 90 120 145 163 66 136 219 241 21 140 94 138 246 119 230 93 217 161 126 210 103 141 131 162 76 112 189 153 244 55 175 144 99 149 151 225 178 26 60 134 223 243 166 195 232 150 216 39 188 187 206 139 250 72 247 84 49 57 148 203 249 184 124 154 142 17 96 10 238 125 113
11 196 3 22 252 114 97 29 190 221 166 24 177 137 122 253 5 28 204 0 168 2 206 231 130 214 186 176 4 52 18 13 173 125 107 25 8 224 37 182 32 226 27 20 193 65 59 6 63 78 203 205 14 85 19 58 129 159 38 102 41 191 108 42 56 36 202 127 133 71 179 197 207 95 255 199 248 30 251 73 31 115 47 109 44 123 185 151 70 35 43 164 86 227 118 128 83 55 218 80 165 49 101 68 135 143 235 116 117 40 131 228 82 89 110 208 54 181 74 180 77 198 211 33 9 239 105 152 192 23 155 16 171 156 242 64 81 183 240 87 48 75 174 34 212 46 62 146 254 53 121 67 167 234 88 61 111 15 104 79 106 141 51 69 172 91 229 236 237 233 92 215 45 222 132 100 7 194 170 200 157 50 160 98 12 90 120 145 163 66 136 219 241 21 140 94 138 246 119 230 93 217 161 126 210 103 225 139 162 209 112 189 153 244 147 175 144 99 149 220 245 178 26 60 134 223 113 158 195 232 150 216 39 188 187 201 243 250 72 247 84 169 57 148 124 249 184 76 154 142 17 96 10 238 213 1
11 196 3 54 17 114 97 244 15 221 166 24 177 137 122 253 5 28 204 0 44 2 201 231 130 214 1 176 4 52 18 13 173 125 107 25 8 224 37 182 32 226 27 20 193 65 59 6 63 78 203 205 85 14 19 58 129 159 38 102 41 191 108 42 56 36 202 127 133 71 179 197 207 95 168 199 235 30 251 73 31 115 47 109 255 123 185 220 171 35 43 164 183 227 118 128 83 55 218 80 165 49 101 68 135 143 248 116 117 40 112 228 82 89 110 208 22 181 74 180 77 198 211 33 9 239 105 152 192 23 155 16 210 156 242 64 81 86 240 87 48 139 145 34 212 46 62 146 254 53 121 67 167 234 88 61 111 169 104 79 106 141 51 69 70 91 229 236 237 233 92 215 45 222 132 100 7 194 170 200 157 50 160 98 12 90 120 174 163 66 136 219 241 21 140 94 138 246 119 230 93 217 161 126 172 103 225 75 162 209 131 189 153 29 147 175 144 99 149 151 245 178 26 60 134 223 186 158 195 232 150 216 39 188 187 206 243 250 72 247 84 190 57 148 124 249 184 76 154 142 252 96 10 238 213 113
11 196 3 81 17 114 97 29 15 221 227 24 177 137 122 253 70 28 204 99 168 2 201 231 130 214 1 176 4 52 172 13 173 125 107 25 8 224 37 182 32 226 27 20 193 65 59 6 63 166 203 205 85 14 19 58 229 159 38 102 41 191 108 42 56 36 202 127 133 71 179 197 207 95 255 199 248 30 251 73 31 115 47 109 44 228 185 220 78 35 43 164 183 18 118 128 83 55 218 80 165 49 75 68 135 143 235 116 117 40 129 123 82 89 110 208 54 181 74 180 77 198 211 33 9 239 105 152 192 23 155 16 171 156 242 64 22 86 240 87 48 101 174 34 212 46 62 146 254 53 121 67 167 234 88 61 111 169 104 79 106 141 51 69 5 91 131 236 92 233 237 215 45 222 132 100 7 194 170 200 157 50 160 98 12 90 120 145 163 66 136 219 241 21 140 94 138 246 119 230 93 217 161 126 210 103 225 139 162 209 112 189 153 244 147 175 144 0 149 151 245 178 26 60 134 223 186 158 195 232 150 216 39 188 187 113 243 250 72 247 84 190 57 148 124 249 184 76 154 142 252 96 10 238 213 206
11 196 3 89 17 114 97 29 15 221 67 24 177 137 122 253 5 28 204 0 168 2 201 231 130 214 1 176 4 254 172 13 173 125 107 25 8 224 37 182 109 226 27 20 193 65 59 6 63 78 203 205 85 14 19 58 129 159 38 102 41 191 108 42 56 36 202 127 133 71 179 197 207 95 255 199 248 30 18 73 31 115 47 32 44 123 185 220 251 35 183 164 43 227 118 128 83 55 218 80 165 49 101 68 135 229 235 116 117 40 143 228 82 22 110 208 54 181 74 180 77 198 211 33 9 239 26 152 192 23 155 16 171 156 242 64 81 86 240 87 48 75 174 34 212 46 62 146 52 53 121 166 167 234 88 61 111 169 104 79 106 141 51 69 70 91 131 236 237 233 92 215 45 222 132 100 7 194 170 200 157 50 160 98 12 90 120 145 163 66 136 219 241 21 140 94 138 246 119 230 93 217 161 126 210 103 225 139 162 209 112 189 153 244 147 175 144 99 149 151 245 178 105 60 134 223 186 158 195 232 150 216 39 188 187 206 243 250 72 247 84 190 57 148 124 249 184 76 154 142 252 96 10 238 213 113
11 196 3 89 17 114 97 29 15 221 227 24 177 137 122 253 5 28 204 0 168 2 201 231 130 214 1 176 4 52 68 13 173 125 107 25 8 224 37 182 32 226 27 20 193 65 59 6 63 245 203 205 85 14 19 58 229 159 38 102 41 191 108 42 56 36 202 127 133 71 179 197 207 95 255 199 248 30 251 73 31 115 105 109 44 166 185 220 78 35 43 164 183 129 118 128 83 55 218 80 165 49 101 18 135 143 235 116 117 40 186 228 82 22 110 208 54 181 74 180 77 198 211 16 9 239 47 152 192 23 155 33 171 156 242 64 81 86 240 87 48 75 174 34 212 46 62 146 254 53 121 67 167 234 88 61 111 169 104 79 106 172 51 69 70 91 158 236 237 233 92 215 45 222 132 100 7 194 170 200 157 50 160 98 12 90 120 145 123 66 136 219 241 21 140 94 138 246 119 230 93 217 161 126 210 76 141 139 162 103 112 189 153 244 147 175 144 99 149 151 225 178 26 60 134 223 131 163 195 232 150 216 39 188 187 206 243 250 72 247 84 190 57 148 209 249 184 124 154 142 252 96 10 238 213 113
11 196 3 89 17 114 97 29 15 221 227 24 177 137 122 253 5 28 204 0 168 2 201 231 130 214 1 176 4 52 68 13 173 125 107 25 8 224 37 182 32 226 27 20 193 65 59 6 63 245 203 205 85 14 19 58 229 159 38 102 41 191 108 42 56 36 202 127 133 71 179 197 207 95 255 199 248 30 251 73 31 115 105 109 44 166 185 220 78 35 43 164 183 129 118 128 83 55 218 80 165 49 101 18 135 143 235 116 117 40 186 228 82 22 110 208 54 181 74 180 77 198 211 16 9 239 47 152 192 23 155 33 171 156 242 64 81 86 240 87 48 75 174 34 212 46 62 146 254 53 121 67 167 234 88 61 111 169 104 79 106 172 51 69 70 91 158 236 237 233 92 215 45 222 132 100 7 194 170 200 157 50 160 98 12 90 120 145 123 66 136 219 241 21 140 94 138 246 119 230 93 217 161 126 210 76 141 139 162 103 112 189 153 244 147 175 144 99 149 151 225 178 26 60 134 223 131 163 195 232 216 150 39 188 187 206 243 250 72 247 84 190 57 148 209 249 184 124 154 142 252 96 10 238 213 113
11 196 3 89 17 114 97 29 15 221 227 24 177 137 122 253 5 28 204 0 168 2 201 231 130 214 1 176 4 52 124 13 173 125 107 25 8 224 37 182 32 226 27 20 193 101 59 6 63 166 203 205 85 14 19 58 229 159 38 102 41 191 108 42 56 36 202 127 133 71 179 197 207 95 255 199 248 30 251 73 31 115 47 109 44 123 185 220 78 35 43 164 183 18 118 128 83 55 218 80 165 49 65 68 135 143 235 116 117 40 129 228 82 22 110 208 54 181 74 180 77 198 211 33 9 239 105 152 192 72 155 16 171 156 242 64 81 86 240 87 48 75 174 34 212 46 62 146 254 53 121 67 167 234 88 61 111 169 104 79 106 141 51 69 70 91 131 236 92 233 237 215 45 222 132 100 7 194 170 200 157 50 160 98 12 90 120 145 163 66 136 219 241 21 140 94 138 246 119 230 93 217 161 126 210 103 225 139 162 209 112 189 153 244 147 175 144 99 149 151 245 178 26 60 134 223 186 158 195 232 150 216 39 188 187 206 243 250 23 247 84 190 57 148 172 249 184 76 154 142 252 96 10 238 213 113
11 196 3 89 17 114 97 29 15 221 227 24 177 137 122 253 5 28 204 0 168 2 201 231 130 214 1 176 4 52 172 13 173 125 107 25 8 224 37 182 32 226 27 20 193 65 59 6 63 166 203 205 85 14 19 58 229 159 38 102 41 191 108 42 56 36 202 127 133 171 179 142 207 95 255 199 248 30 251 73 31 115 47 109 44 123 185 220 78 35 43 164 183 18 118 128 83 55 218 80 165 49 101 68 135 143 235 116 117 40 129 228 82 22 110 208 54 181 74 180 77 198 211 33 9 239 105 152 192 23 155 16 134 156 242 64 81 86 240 87 48 75 174 34 212 46 62 146 254 53 121 67 167 234 88 61 111 169 104 79 106 141 51 69 70 91 131 236 237 233 92 215 45 222 132 100 7 194 170 200 157 50 160 98 12 90 120 145 163 66 136 219 241 21 140 94 138 246 119 230 93 217 197 126 210 103 225 139 162 209 112 189 153 244 147 175 144 99 149 151 245 178 26 60 71 223 186 158 195 232 150 216 39 188 187 206 243 250 72 247 84 190 57 148 124 249 184 76 154 161 252 96 10 238 213 113
11 196 3 89 17 114 97 29 15 221 227 24 177 137 122 253 5 28 204 0 168 2 201 231 130 214 1 176 4 52 172 13 173 125 107 25 8 224 37 182 32 226 27 20 193 65 59 6 63 166 203 205 85 14 19 58 229 159 38 102 41 191 108 42 56 36 202 127 133 171 179 142 207 95 255 199 248 30 251 73 31 115 47 109 44 123 185 220 78 35 43 164 183 18 118 128 83 55 218 80 165 49 101 68 135 143 235 116 117 40 129 228 82 22 110 208 54 181 74 180 77 198 211 33 9 239 105 152 192 23 155 16 134 156 242 64 81 86 240 87 48 75 174 34 212 46 237 146 254 53 121 67 167 234 88 61 111 169 104 79 106 141 51 69 70 91 131 236 62 233 92 215 45 222 132 100 7 194 170 200 157 50 160 98 12 90 120 145 163 66 136 219 241 21 140 94 138 246 119 230 93 217 197 126 210 103 225 139 162 209 112 189 153 244 147 175 144 99 149 151 245 178 26 60 71 223 186 158 195 232 150 216 39 188 187 206 243 250 72 247 84 190 57 148 124 249 184 76 154 161 252 96 10 238 213 113
11 196 3 89 17 114 105 29 15 221 227 24 177 137 122 253 5 28 204 99 168 2 201 231 130 214 1 176 4 52 68 13 173 125 107 25 8 224 37 182 32 226 27 20 193 65 59 6 63 245 203 205 85 14 19 58 229 159 38 102 178 191 108 42 56 36 202 127 133 167 179 197 207 95 255 199 248 30 251 73 31 115 47 109 44 123 185 220 78 35 43 164 183 92 118 128 83 55 218 80 165 49 101 18 135 143 235 116 117 40 129 228 82 22 110 208 54 181 74 180 77 198 211 33 9 239 97 152 192 23 155 16 171 156 242 64 161 86 240 87 48 75 174 34 212 46 62 146 233 53 121 67 71 234 88 61 131 169 111 237 106 166 51 69 70 91 158 236 79 103 104 215 45 222 132 100 7 194 170 200 157 50 160 98 12 90 120 145 163 66 136 219 241 21 140 94 138 246 119 230 93 217 81 126 210 254 141 139 162 209 112 189 153 244 147 175 144 0 149 151 225 41 26 60 134 223 186 172 195 232 150 216 39 188 187 206 243 250 72 247 84 190 57 148 124 249 184 76 154 142 252 96 10 238 213 113
11 196 3 108 17 114 97 29 15 221 166 24 177 137 122 253 5 28 204 0 168 2 201 231 130 214 1 176 4 52 18 13 173 125 107 25 8 224 37 182 32 226 27 20 193 65 59 6 63 78 203 205 85 14 19 58 129 159 38 102 41 191 22 42 56 36 202 127 133 134 179 197 207 95 255 199 248 30 251 73 31 115 47 109 44 123 189 220 171 35 43 164 183 227 118 128 83 55 218 80 165 49 101 68 135 67 235 116 117 40 131 228 82 89 110 208 54 181 74 180 77 198 145 33 9 239 105 152 192 23 155 16 210 156 242 64 81 86 240 87 48 75 174 34 212 46 62 146 254 53 121 143 167 234 88 61 111 169 104 79 106 141 51 69 70 91 229 236 237 233 92 215 45 222 132 100 7 194 170 200 157 50 160 98 12 90 120 211 163 66 136 219 241 21 140 94 138 246 119 230 93 217 161 126 172 103 225 139 162 209 112 185 153 244 147 175 144 99 149 151 245 178 26 60 71 223 186 158 195 232 150 216 39 188 187 206 243 250 72 247 84 190 57 148 124 249 184 76 154 142 252 96 10 238 213 113
11 196 3 147 17 114 97 29 15 221 225 24 177 137 122 253 5 28 204 0 168 2 201 231 130 214 1 176 4 52 68 13 173 125 107 25 8 224 37 182 32 226 27 20 193 65 59 6 63 245 203 205 85 14 19 58 229 159 38 102 41 191 108 42 56 36 202 127 133 71 179 197 207 95 255 199 248 30 251 73 31 115 47 109 44 123 185 220 78 35 43 164 183 18 118 128 83 55 218 80 165 49 101 172 135 143 235 116 117 40 129 228 82 89 110 208 54 181 74 180 77 198 211 33 9 239 105 152 192 23 155 16 171 156 242 64 81 86 240 87 48 75 174 34 212 46 158 146 254 53 121 67 167 234 88 61 111 169 104 79 106 166 51 69 70 91 131 236 237 233 92 215 45 222 132 100 7 194 170 200 157 50 160 98 12 90 120 145 163 66 136 219 241 21 140 94 138 246 119 230 93 217 161 126 210 103 141 139 162 209 112 189 153 244 22 175 144 99 149 151 227 178 26 60 134 223 186 62 195 232 150 216 39 188 187 206 243 250 72 247 84 190 57 148 124 249 184 76 154 142 252 96 10 238 213 113
11 196 3 147 17 114 97 29 15 221 225 24 177 137 122 253 5 28 204 0 168 2 201 231 130 214 1 176 4 52 68 86 173 125 107 25 8 224 37 182 32 226 27 20 193 65 59 6 63 245 203 205 85 14 19 58 229 159 38 102 41 191 108 42 56 36 202 127 133 71 179 197 207 95 255 199 248 30 251 73 31 115 47 109 44 123 185 220 78 35 43 164 183 18 118 128 83 55 218 80 165 49 101 172 135 143 235 116 117 40 129 228 82 89 110 208 54 181 74 180 77 198 211 33 9 239 105 152 192 23 155 16 171 156 242 64 81 13 240 87 48 75 174 34 212 46 158 146 254 53 121 67 167 234 88 61 111 169 104 79 106 166 51 69 70 91 131 236 237 233 92 215 45 222 132 100 7 194 170 200 157 50 160 98 12 90 120 145 163 66 136 219 241 21 140 94 138 246 119 230 93 217 161 126 210 103 141 139 162 209 112 189 153 244 22 175 144 99 149 151 227 178 26 60 134 223 186 62 195 232 150 216 39 188 187 206 243 250 72 247 84 190 57 148 124 249 184 76 154 142 252 96 10 238 213 113
11 196 3 147 17 114 97 29 15 221 227 24 177 79 122 253 5 28 204 0 168 2 151 231 130 214 1 176 4 137 68 13 173 178 107 25 8 224 37 182 32 226 27 20 193 65 59 6 63 245 203 205 85 14 19 58 229 159 38 102 41 191 108 42 56 36 202 127 133 16 179 197 207 95 255 199 248 30 251 73 31 115 47 109 44 123 185 220 78 35 43 164 183 129 118 128 83 55 218 80 165 49 101 18 135 143 235 116 117 40 186 228 82 69 110 208 54 181 74 180 77 198 211 33 9 239 105 152 192 23 155 71 171 156 242 64 81 86 240 87 48 75 174 34 212 46 62 146 141 53 121 67 167 234 88 61 111 169 104 52 106 172 51 89 70 91 158 236 92 233 22 215 45 222 132 100 7 194 170 200 157 50 160 98 12 90 120 145 163 66 136 219 241 21 140 94 138 246 119 230 93 217 161 126 210 76 254 139 162 103 112 189 153 244 237 175 144 99 149 201 225 154 26 60 134 223 131 166 195 232 150 216 39 188 187 206 243 250 72 247 84 190 57 148 209 249 184 124 125 142 252 96 10 238 213 113
11 196 3 147 17 114 97 29 15 221 227 24 177 79 122 253 5 28 204 0 168 2 151 231 130 214 1 176 4 137 68 13 173 178 107 25 8 224 37 182 32 226 27 20 193 65 59 6 63 245 203 205 85 14 19 58 229 159 38 102 41 191 108 42 56 36 202 127 133 22 179 197 207 95 255 199 248 30 251 73 31 115 47 109 44 123 185 220 78 35 43 164 183 129 118 128 83 55 218 80 165 49 101 18 135 143 235 116 117 40 186 228 82 69 110 208 54 181 74 180 77 198 211 33 9 239 105 152 192 23 155 71 171 156 242 64 81 86 240 87 48 75 174 34 212 46 62 146 141 53 121 67 167 234 88 61 111 169 104 52 106 172 51 89 70 91 158 236 92 233 16 215 45 222 132 100 7 194 170 200 157 50 160 98 12 90 120 145 163 66 136 219 241 21 140 94 138 246 119 230 93 217 161 126 210 76 254 139 162 103 112 189 153 244 237 175 144 99 149 201 225 154 26 60 134 223 131 166 195 232 150 216 39 188 187 206 243 250 72 247 84 190 57 148 209 249 184 124 125 142 252 96 10 238 213 113
11 196 3 160 159 114 215 29 15 221 227 24 177 137 122 253 5 28 204 0 168 2 201 231 130 214 1 176 4 52 68 13 173 103 107 25 8 224 37 172 32 226 27 20 193 65 59 6 63 245 203 205 16 14 19 58 229 17 95 102 41 191 108 42 56 36 202 127 133 71 179 197 207 38 255 199 248 30 251 73 31 115 47 109 44 123 185 220 78 35 43 164 183 18 118 67 83 55 218 76 165 49 101 182 135 143 235 116 117 40 79 228 82 89 110 208 54 181 74 180 77 198 211 189 9 239 105 152 192 23 155 85 171 156 242 64 81 86 240 87 48 75 174 34 212 46 62 146 254 53 121 128 167 234 88 61 111 169 104 129 106 125 51 69 70 91 131 236 237 233 92 97 45 222 132 100 7 194 170 200 157 50 22 98 12 90 120 145 163 66 136 219 241 21 140 94 138 246 119 230 93 217 161 126 210 84 141 139 162 209 112 33 153 244 147 175 144 99 149 151 225 178 26 60 134 223 186 158 195 232 150 216 39 188 187 206 243 250 72 247 213 190 57 148 124 249 184 80 154 142 252 96 10 238 166 113
11 196 3 175 17 114 97 29 15 221 227 24 177 137 122 253 5 28 204 0 168 2 201 231 130 214 1 92 4 52 68 13 173 125 107 25 8 224 37 182 32 226 27 20 193 65 59 6 63 245 203 205 85 14 19 58 229 159 38 102 41 191 108 42 56 36 202 127 133 71 179 197 207 95 255 199 248 30 251 73 31 115 47 109 44 123 185 220 78 35 43 164 183 129 118 128 83 55 218 80 165 49 101 18 135 143 235 116 117 40 186 228 82 22 110 208 54 181 74 180 77 198 211 33 9 239 105 152 192 23 155 16 171 156 242 64 81 195 240 87 48 75 174 34 212 46 62 146 254 53 121 67 167 234 88 61 111 169 104 79 106 172 51 69 70 91 158 236 237 233 176 215 45 222 206 100 7 194 170 200 157 50 160 98 103 90 120 145 163 66 136 219 241 21 140 94 138 246 119 230 93 217 161 126 210 12 141 139 162 76 112 189 153 244 147 89 144 99 149 151 225 178 26 60 134 223 131 166 86 232 150 216 39 188 187 132 243 250 72 247 84 190 57 148 209 249 184 124 154 142 252 96 10 238 213 113
11 196 3 175 17 114 97 29 15 221 227 24 177 137 122 253 5 28 204 0 168 2 201 231 130 214 1 92 4 52 68 13 173 125 107 25 8 224 37 182 32 226 27 20 193 65 59 6 63 245 203 205 85 14 19 58 229 159 38 102 41 191 108 42 56 36 202 127 133 71 179 197 207 95 255 199 248 30 251 73 31 115 47 109 44 123 185 220 78 35 43 164 183 129 118 128 83 55 218 80 165 49 101 18 135 143 235 116 117 40 186 228 82 22 110 208 54 181 74 180 77 198 211 33 9 239 105 152 192 23 155 16 171 156 242 64 81 195 240 87 48 75 174 34 212 46 62 146 254 53 121 67 167 234 88 61 111 169 104 79 106 172 51 69 70 91 158 236 237 233 176 215 45 222 206 100 7 194 170 200 157 50 160 98 103 90 120 145 163 66 136 219 241 21 140 94 138 246 119 230 93 217 161 126 210 12 141 139 162 76 112 189 153 244 147 89 144 99 149 151 225 178 26 60 134 223 131 166 86 232 150 216 39 188 190 132 243 250 72 247 84 187 57 148 209 249 184 124 154 142 252 96 10 238 213 113
11 196 3 175 17 114 97 29 15 221 227 24 177 137 122 253 5 28 204 0 168 2 201 231 130 214 1 176 4 52 68 13 173 125 107 25 8 224 37 182 32 226 27 20 193 65 59 6 63 245 203 205 85 14 19 58 229 159 38 102 41 191 108 42 56 36 202 127 133 71 179 197 207 95 255 199 248 30 251 73 31 115 47 109 44 123 185 220 78 35 43 164 183 129 118 128 83 55 218 80 165 49 101 18 135 143 235 116 117 40 186 228 82 22 110 208 54 181 74 180 77 198 211 33 9 239 105 152 192 23 155 16 171 156 242 64 81 195 240 87 48 75 174 34 212 46 62 146 254 53 121 67 167 234 88 61 111 169 104 79 106 172 51 69 70 91 158 236 237 233 92 215 45 222 206 100 7 194 170 200 157 50 160 98 103 90 120 145 163 66 136 219 241 21 140 94 138 246 119 230 93 217 161 126 210 12 141 139 162 76 112 189 153 244 147 89 144 99 149 151 225 178 26 60 134 223 131 166 86 232 150 216 39 188 187 132 243 250 72 247 84 190 57 148 209 249 184 124 154 142 252 96 10 238 213 113
11 196 3 175 17 114 97 29 125 221 227 24 177 137 122 253 5 28 204 0 168 2 151 231 130 214 1 176 4 52 68 13 173 209 107 25 8 224 37 182 32 226 27 20 193 65 59 6 63 245 203 205 85 14 19 58 229 159 38 102 41 191 108 42 56 36 202 127 133 71 179 197 207 95 255 199 248 30 251 73 31 115 47 109 44 123 185 220 78 35 43 164 183 129 118 128 83 55 218 80 165 49 101 18 135 143 212 116 117 40 186 228 82 89 110 208 54 181 74 180 77 198 211 33 9 239 105 152 192 23 155 16 171 156 242 64 81 86 240 87 48 75 174 34 235 46 62 146 254 53 121 67 167 12 88 61 111 169 104 79 106 172 51 69 70 91 158 236 237 233 92 215 45 222 132 100 7 194 170 200 157 50 160 98 234 90 120 145 163 66 136 219 241 21 140 94 138 246 119 230 93 217 161 126 210 103 141 139 162 76 112 189 153 244 147 22 144 99 149 201 225 178 26 60 134 223 131 166 195 232 150 216 39 188 187 206 243 250 72 247 84 190 57 148 15 249 184 124 154 142 252 96 10 238 213 113
11 196 3 185 17 114 97 29 15 221 36 24 177 137 122 253 5 28 204 0 168 2 201 231 130 214 9 176 4 52 172 13 173 125 107 25 8 224 37 182 32 226 27 20 193 87 59 6 63 166 203 205 85 14 19 58 229 159 38 102 41 191 108 42 56 227 202 127 133 71 179 197 207 95 255 199 248 30 251 73 31 115 47 109 50 123 22 220 78 35 43 164 183 18 118 128 83 55 218 80 165 49 101 68 135 143 235 116 117 40 129 124 82 89 110 208 54 181 74 180 77 198 211 33 98 239 105 152 192 23 155 16 171 156 242 64 81 86 240 65 48 75 174 34 212 46 62 146 254 53 121 67 167 234 88 61 111 169 104 79 106 141 51 69 70 91 131 236 92 233 237 215 45 222 132 100 7 194 170 200 157 44 160 1 12 90 120 145 163 66 136 219 241 21 140 94 138 246 119 230 93 217 161 126 210 103 225 139 162 209 112 189 153 244 147 175 144 99 149 151 245 178 26 60 134 223 186 158 195 232 150 216 39 188 187 206 243 250 72 247 84 190 57 148 228 249 184 76 154 142 252 96 10 238 213 113
11 196 3 185 17 114 97 29 15 221 36 24 177 137 122 253 5 28 204 0 168 2 201 231 130 214 9 176 4 52 230 13 173 125 107 25 8 224 37 182 32 226 27 20 193 87 59 6 63 166 203 205 85 14 19 58 229 159 38 102 41 191 108 42 56 227 202 127 133 71 179 197 207 95 255 199 248 30 251 73 31 115 47 109 50 123 22 220 78 35 43 164 183 18 118 235 83 55 218 80 165 49 101 68 135 143 128 116 117 40 129 124 82 89 110 208 54 181 74 180 77 198 211 33 98 239 105 152 192 23 155 16 171 156 242 64 81 86 240 65 48 75 174 34 212 46 62 146 254 53 121 67 167 234 88 61 111 169 104 79 106 141 51 69 70 91 131 236 92 233 237 215 45 222 132 100 7 194 170 200 157 44 160 1 12 90 120 145 163 66 136 219 241 21 140 94 138 246 119 172 93 217 161 126 210 103 225 139 162 209 112 189 153 244 147 175 144 99 149 151 245 178 26 60 134 223 186 158 195 232 150 216 39 188 187 206 243 250 72 247 84 190 57 148 228 249 184 76 154 142 252 96 10 238 213 113
11 196 3 185 17 114 97 29 15 221 36 24 177 137 122 253 5 28 204 0 168 2 201 231 130 214 98 176 4 52 172 13 173 125 107 25 8 224 37 182 32 226 27 20 193 87 59 6 63 166 203 205 85 14 19 58 229 159 38 102 41 191 108 42 56 227 202 127 133 71 179 197 207 95 255 199 248 30 251 73 31 115 47 109 50 123 22 220 78 35 43 164 183 18 118 128 83 55 218 80 165 49 101 68 135 143 235 116 117 40 129 124 82 89 110 208 54 181 74 180 77 198 211 33 9 239 105 152 192 23 155 16 171 156 242 64 81 86 240 65 48 75 174 34 212 46 62 146 254 53 121 67 167 234 88 61 111 169 104 79 106 141 51 69 70 91 131 236 92 233 237 215 45 222 132 100 7 194 170 200 157 44 160 1 12 90 120 145 163 66 136 219 241 21 140 94 138 246 119 230 93 217 161 126 210 103 225 139 162 209 112 189 153 244 147 175 144 99 149 151 245 178 26 60 134 223 186 158 195 232 150 216 39 188 187 206 243 250 72 247 84 190 57 148 228 249 184 76 154 142 252 96 10 238 213 113
11 196 3 185 17 114 97 29 15 221 166 24 177 137 122 253 5 28 204 0 168 2 201 231 130 214 1 176 4 52 172 13 173 125 107 25 8 224 181 182 32 226 27 20 193 65 59 6 63 78 203 205 85 14 19 58 129 159 38 102 41 191 108 42 56 110 202 127 133 71 179 197 207 143 255 199 248 30 251 73 31 115 47 109 44 123 22 220 18 35 43 164 183 227 118 128 83 55 218 49 165 80 101 68 135 229 235 116 117 40 95 228 82 89 36 208 216 37 74 180 77 198 211 33 9 239 105 152 192 23 155 16 171 156 242 64 81 86 240 87 48 75 174 34 212 46 62 146 254 53 121 67 167 94 88 61 111 169 104 79 106 141 51 69 70 91 131 236 237 233 92 215 45 222 132 100 7 194 170 200 157 50 160 98 12 90 120 145 163 66 136 219 241 21 140 234 138 246 119 230 93 217 161 126 210 103 225 139 162 209 112 189 153 244 147 175 144 99 149 151 245 178 26 60 134 223 186 158 195 232 150 54 39 188 187 206 243 250 72 247 84 190 57 148 124 249 184 76 154 142 252 96 10 238 213 113
11 196 3 185 17 114 97 61 15 221 165 24 177 137 122 253 5 28 204 0 168 2 201 231 130 214 1 176 4 52 172 13 173 125 107 25 8 224 37 182 32 226 27 20 193 65 59 6 63 78 203 205 85 14 19 58 129 159 38 102 41 191 108 42 56 36 202 127 133 134 179 197 207 95 255 199 248 30 251 73 31 115 47 109 44 123 22 220 18 35 43 164 183 227 118 128 83 55 218 80 166 49 101 68 135 229 235 116 117 40 79 228 82 89 110 208 54 181 74 180 77 198 211 33 9 239 105 152 192 23 155 16 171 156 21 64 81 86 240 87 48 75 174 34 212 46 62 146 254 53 121 67 167 234 88 29 111 169 104 143 106 141 51 69 70 91 131 236 237 233 92 215 45 222 132 100 7 194 170 200 157 50 160 98 12 90 120 145 163 66 136 219 241 242 140 94 138 246 119 230 93 217 161 126 210 103 216 139 162 209 112 189 153 244 147 175 144 99 149 151 245 178 26 60 71 223 186 158 195 232 150 225 39 188 187 206 243 250 72 247 84 190 57 148 124 249 184 76 154 142 252 96 10 238 213 113
11 196 3 185 17 114 97 61 15 221 165 24 177 137 122 253 5 28 204 0 168 2 201 231 130 214 1 176 4 52 172 13 173 125 107 25 8 224 37 182 32 226 27 20 193 65 59 6 63 78 203 205 85 14 19 58 129 159 38 102 41 191 108 42 56 36 202 127 133 134 179 197 207 95 255 199 248 30 251 73 31 115 47 109 44 123 22 220 18 35 43 164 183 227 118 128 83 55 218 80 166 49 101 68 135 229 235 116 117 40 79 228 82 89 110 208 54 181 74 180 77 198 211 33 9 239 105 152 192 23 155 16 171 156 21 64 81 86 240 87 48 75 174 34 212 46 62 146 254 53 121 67 167 234 88 29 111 169 104 143 144 141 51 69 70 91 131 236 139 233 92 215 45 222 132 100 7 194 170 200 157 50 160 98 12 90 120 145 163 66 136 219 241 242 140 94 138 246 119 230 93 217 161 126 210 103 216 237 162 209 112 189 153 244 147 175 106 99 149 151 245 178 26 60 71 223 186 158 195 232 150 225 39 188 187 206 243 250 72 247 84 190 57 148 124 249 184 76 154 142 252 96 10 238 213 113
11 196 3 222 17 114 97 29 15 221 227 24 177 137 122 253 5 28 204 0 168 2 201 231 130 214 1 176 4 52 172 13 173 125 107 25 8 22 37 182 32 226 27 20 193 65 59 6 63 218 203 205 85 14 19 58 229 159 38 102 41 191 108 42 56 36 202 127 133 71 179 197 207 95 255 199 248 30 251 73 31 115 47 109 44 123 185 220 78 35 43 164 183 18 118 128 83 55 166 80 165 49 75 68 135 143 235 116 117 40 72 228 82 89 110 208 54 181 74 180 77 198 139 33 9 239 105 152 192 23 155 16 171 156 242 64 81 86 240 87 48 101 174 34 212 46 62 146 254 53 121 67 167 234 88 61 111 169 104 79 76 141 51 69 70 91 131 236 92 233 237 215 45 224 132 100 7 194 170 200 157 50 160 113 12 90 66 145 163 120 136 219 241 21 140 94 138 246 119 230 93 217 161 126 210 103 225 211 162 209 112 189 153 244 147 175 144 99 149 151 245 178 26 60 134 223 186 158 195 232 150 216 39 188 187 206 243 250 129 247 84 190 57 148 124 249 184 106 154 142 252 96 10 238 213 98
11 196 3 225 17 114 16 29 15 221 22 24 177 137 132 253 5 28 204 0 168 2 201 231 130 214 1 176 4 52 172 13 173 125 107 25 8 224 37 182 32 226 27 20 193 65 59 6 63 245 203 205 85 14 19 58 229 159 81 102 41 191 108 42 56 36 202 127 133 71 179 197 207 95 255 199 248 30 251 73 31 69 47 109 44 123 185 220 78 35 43 164 183 18 118 128 83 55 218 80 165 49 101 68 135 143 235 116 117 40 129 228 82 89 110 208 54 181 74 180 77 198 99 33 9 239 105 152 192 23 155 97 171 156 242 64 38 86 240 87 48 75 174 211 212 46 62 146 254 53 121 67 93 234 88 61 111 169 104 79 106 158 51 115 70 91 131 236 237 233 34 215 45 222 122 100 7 194 170 200 157 50 160 98 12 90 120 145 163 167 136 219 241 21 140 94 138 246 119 230 66 217 161 126 210 103 141 139 162 209 112 189 153 244 147 175 144 92 149 151 227 178 26 60 134 223 186 166 195 232 150 216 39 188 187 206 243 250 72 247 84 190 57 148 124 249 184 76 154 142 252 96 10 238 213 113
11 196 3 225 17 114 16 29 15 221 22 24 177 137 132 253 5 28 204 0 168 2 201 231 130 214 1 176 4 52 172 13 173 125 107 25 8 224 37 182 32 226 27 20 193 65 59 6 63 245 203 205 85 14 19 58 229 159 81 102 41 191 108 42 56 36 202 127 133 71 179 197 207 95 255 199 248 30 251 73 31 115 47 109 44 123 185 220 78 35 43 164 183 18 118 128 83 55 218 80 165 49 101 68 135 143 235 116 117 40 129 228 82 89 110 208 54 181 74 180 77 198 99 33 9 239 105 152 192 23 155 97 171 156 242 64 38 86 240 87 48 75 174 211 212 46 62 146 254 53 121 67 93 234 88 61 111 169 104 79 106 158 51 69 70 91 131 236 237 233 34 215 45 222 122 100 7 194 170 200 157 50 160 98 12 90 120 145 163 167 136 219 241 21 140 94 138 246 119 230 66 217 161 126 210 103 141 139 162 209 112 189 153 244 147 175 144 92 149 151 227 178 26 60 134 223 186 166 195 232 150 216 39 188 187 206 243 250 72 247 84 190 57 148 124 249 184 76 154 142 252 96 10 238 213 113
11 196 3 225 17 114 16 79 15 221 22 24 177 137 132 253 5 28 204 0 168 2 201 231 130 214 1 176 4 52 172 13 173 125 107 25 8 224 37 182 32 226 27 20 193 65 59 6 63 245 203 205 85 14 19 58 229 34 81 102 41 191 108 42 56 36 202 127 133 71 179 197 207 95 255 199 248 30 251 73 31 69 47 109 44 123 185 220 78 35 43 164 183 18 118 128 83 55 218 80 165 49 101 68 135 143 235 116 117 40 129 228 82 89 110 208 54 181 74 180 77 198 99 33 9 239 105 152 192 23 155 97 171 156 242 64 38 86 240 87 48 75 174 211 212 46 62 146 254 53 121 67 93 234 88 61 111 169 104 29 106 158 51 115 70 91 131 236 237 233 159 215 45 222 122 100 7 194 170 200 157 50 160 98 12 90 120 145 163 167 136 219 241 21 140 94 138 246 119 230 66 217 161 126 210 103 141 139 162 209 112 189 153 244 147 175 144 92 149 151 227 178 26 60 134 223 186 166 195 232 150 216 39 188 187 206 243 250 72 247 84 190 57 148 124 249 184 76 154 142 252 96 10 238 213 113
11 196 3 225 17 114 16 79 15 221 22 24 177 137 132 253 5 28 204 0 168 2 201 231 130 214 1 176 4 52 172 13 173 125 107 25 8 224 37 182 32 226 27 20 193 65 59 6 63 245 203 205 85 14 19 58 229 159 81 102 41 191 108 42 56 36 202 127 133 71 179 197 207 95 255 199 248 30 251 73 31 69 47 109 44 123 185 220 78 35 43 164 183 18 118 128 83 55 218 80 165 49 101 68 135 143 235 116 117 40 129 228 82 89 110 208 54 181 74 180 77 198 99 33 9 239 105 152 192 23 155 97 171 156 242 64 38 86 240 87 48 75 174 211 212 46 62 146 254 53 121 67 93 234 88 61 111 169 104 29 106 158 51 115 70 91 131 236 237 233 34 215 45 222 122 100 7 194 170 200 157 50 160 98 12 90 120 145 163 167 136 219 241 21 140 94 138 246 119 230 66 217 161 126 210 103 141 139 162 209 112 189 153 244 147 175 144 92 149 151 227 178 26 60 134 223 186 166 195 232 150 216 39 188 187 206 243 250 72 247 84 190 57 148 124 249 184 76 154 142 252 96 10 238 213 113
11 196 3 225 17 114 50 29 15 221 22 24 177 137 122 253 5 28 204 0 168 2 201 231 130 214 25 176 4 52 172 13 173 125 107 30 8 224 37 182 1 226 27 20 193 65 59 6 63 245 203 205 85 14 19 58 229 159 38 102 41 191 108 42 56 36 202 127 133 71 179 197 207 95 255 199 248 32 251 73 31 115 47 109 44 123 185 220 78 35 43 164 183 206 118 128 83 55 218 80 165 49 101 68 135 143 235 116 117 40 129 228 82 89 110 208 54 181 74 180 77 198 211 33 9 239 105 152 192 23 155 16 171 156 242 64 81 86 240 87 48 75 174 99 212 46 62 146 254 53 121 67 167 234 166 61 111 169 104 79 106 103 51 69 70 91 131 236 237 233 34 215 45 222 132 100 7 194 170 200 157 97 160 98 12 90 120 145 163 66 136 219 241 57 140 94 138 246 119 230 93 217 161 126 210 88 141 139 162 209 112 175 153 244 147 189 144 92 149 151 227 178 26 60 134 223 186 158 195 232 150 216 39 188 187 18 243 250 72 247 84 190 21 148 124 249 184 76 154 142 252 96 10 238 213 113
11 196 3 225 17 114 97 29 15 221 22 24 177 137 122 125 5 28 204 0 168 2 201 231 130 214 1 176 4 52 172 13 173 253 107 25 8 224 37 182 32 226 27 20 193 65 59 6 63 245 203 205 85 14 19 58 229 159 38 102 41 191 108 42 56 36 202 127 133 71 179 197 207 95 255 199 248 30 251 73 31 115 47 109 44 123 185 175 78 35 43 164 183 18 118 128 83 55 218 80 165 49 101 68 135 143 235 116 117 40 129 228 82 89 110 208 54 181 74 180 77 198 211 33 9 239 105 152 192 23 155 16 171 156 242 64 81 86 240 87 48 75 174 99 212 46 62 146 254 53 121 67 167 234 88 61 111 169 104 79 106 166 51 69 70 91 131 236 237 96 34 215 45 222 132 100 7 194 170 200 157 50 160 98 12 90 120 145 163 66 136 219 241 21 140 94 138 246 119 230 93 217 161 126 210 103 141 139 162 209 112 189 153 244 147 220 144 92 149 151 227 178 26 60 134 223 186 158 195 232 150 216 39 188 187 206 243 250 72 247 84 190 57 148 124 249 184 76 154 142 252 233 10 238 213 113
11 196 3 225 17 114 97 29 15 221 22 24 177 137 122 125 5 28 204 0 168 2 201 231 130 214 1 176 4 52 172 13 173 253 107 25 8 224 37 182 32 226 27 20 193 65 59 6 63 245 203 205 85 14 19 58 229 159 38 102 41 191 108 42 56 36 202 127 133 71 179 197 207 95 255 199 248 30 251 73 31 115 47 109 44 123 185 220 78 35 43 164 183 18 118 128 83 55 218 80 165 49 101 68 135 143 235 116 117 40 129 228 82 89 110 208 54 181 74 180 77 198 211 33 9 239 105 152 192 23 155 16 171 156 242 64 81 86 240 87 48 75 174 99 212 46 62 146 254 53 121 67 167 234 88 61 111 169 104 79 106 166 51 69 70 91 131 236 237 96 34 215 45 222 132 100 7 194 170 200 157 50 160 98 12 90 120 145 163 66 136 219 241 21 140 94 138 246 119 230 93 217 161 126 210 103 141 139 162 209 112 189 153 244 147 175 144 92 149 151 227 178 26 60 134 223 186 158 195 232 150 216 39 188 187 206 243 250 72 247 84 190 57 148 124 249 184 76 154 142 252 233 10 238 213 113
11 196 3 225 17 114 97 29 15 221 22 24 177 137 122 253 5 28 204 0 168 2 201 231 130 214 1 176 4 52 172 13 173 125 107 25 8 224 37 182 32 226 27 20 193 65 59 6 63 245 203 205 85 14 19 58 229 159 38 102 41 191 108 42 56 36 202 127 133 71 179 197 207 95 255 199 248 30 251 73 31 115 47 109 44 123 185 220 78 35 43 164 183 18 118 128 83 55 218 80 165 49 101 68 135 143 235 116 117 40 129 228 82 89 110 208 54 181 74 180 77 198 211 33 9 239 105 152 192 23 155 16 171 156 242 64 81 86 240 87 48 75 174 99 212 46 62 146 254 53 121 67 167 234 88 61 111 169 104 79 106 166 51 69 70 91 131 236 237 233 34 215 45 222 132 100 7 194 170 200 157 50 160 98 12 90 120 145 163 66 136 219 241 21 140 94 138 246 119 230 93 217 161 126 210 103 141 139 162 209 112 189 153 244 147 175 144 92 149 151 227 178 26 60 134 223 186 158 195 232 150 216 39 188 187 206 243 250 72 247 84 190 57 148 124 249 184 76 154 142 252 96 10 238 213 113
11 196 3 225 17 114 97 29 15 221 22 24 177 137 122 253 5 28 204 0 168 2 201 231 130 214 1 176 4 52 172 13 173 125 107 25 8 224 37 182 32 226 27 20 193 185 59 6 63 245 203 205 85 14 19 58 229 159 38 102 41 191 108 42 56 36 202 127 133 71 179 197 207 95 255 199 248 30 251 73 31 115 47 109 44 123 65 220 78 35 43 164 183 134 118 128 83 55 218 80 165 49 101 68 135 143 235 116 117 40 129 228 82 89 110 208 54 181 74 180 77 198 211 33 9 239 105 152 192 23 155 16 171 156 242 64 81 86 240 87 48 75 174 99 212 46 62 146 254 53 121 67 167 234 88 61 111 169 104 79 106 166 51 69 70 91 131 236 237 233 34 215 45 222 132 100 7 194 170 200 157 50 160 98 12 90 120 145 163 66 136 219 241 21 140 94 138 246 119 230 93 217 161 126 210 103 141 139 162 209 112 189 153 244 147 175 144 92 149 151 227 178 26 60 18 223 186 158 195 232 150 216 39 188 187 206 243 250 72 247 84 190 57 148 124 249 184 76 154 142 252 96 10 238 213 113
11 196 3 225 17 114 97 29 15 221 22 24 177 137 122 253 5 28 204 0 168 2 201 231 130 214 188 176 4 52 172 13 173 125 107 25 8 224 37 182 32 226 27 20 193 185 59 6 63 245 203 205 85 14 19 58 229 159 38 102 41 191 108 42 56 36 202 127 133 71 179 197 207 95 255 199 248 30 251 73 31 115 47 109 44 123 65 220 78 35 43 164 183 134 118 128 83 55 218 80 165 49 101 68 135 143 235 116 117 40 129 228 82 89 110 208 54 181 74 180 77 198 211 33 9 239 105 152 192 23 155 16 171 156 242 64 81 86 240 87 48 75 174 99 212 46 62 146 254 53 121 67 167 234 88 61 111 169 104 79 106 166 51 69 70 91 131 236 237 233 34 215 45 222 132 100 7 194 170 200 157 50 160 98 12 90 120 145 163 66 136 219 241 21 140 94 138 246 119 230 93 217 161 126 210 103 141 139 162 209 112 189 153 244 147 175 144 92 149 151 227 178 26 60 18 223 186 158 195 232 150 216 39 1 187 206 243 250 72 247 84 190 57 148 124 249 184 76 154 142 252 96 10 238 213 113
11 196 3 225 17 114 97 29 15 221 149 24 177 137 122 253 5 28 22 0 168 2 201 231 130 214 1 176 4 52 68 13 173 125 107 25 8 224 37 182 32 226 27 20 193 65 59 6 63 245 203 205 85 94 19 58 229 159 38 102 41 191 108 42 56 36 202 127 133 167 179 197 207 95 255 199 248 30 251 73 31 115 47 109 44 123 185 220 78 35 234 164 183 18 118 128 83 55 218 80 165 49 101 172 135 175 235 43 117 40 129 228 82 89 110 208 54 181 74 180 77 198 211 33 9 239 105 152 192 23 155 16 171 156 242 64 81 86 240 87 48 75 174 99 212 46 62 146 254 53 121 67 71 116 88 61 111 169 104 79 106 166 51 69 70 91 131 236 237 233 34 215 45 222 132 100 7 194 170 200 157 50 160 98 12 90 120 145 163 66 136 219 241 21 140 14 138 246 119 230 93 217 161 126 210 103 141 139 92 209 112 189 153 244 147 143 144 162 204 151 227 178 26 60 134 223 186 158 195 232 150 216 39 188 187 206 243 250 72 247 84 190 57 148 124 249 184 76 154 142 252 96 10 238 213 113
11 196 3 225 17 114 97 29 150 221 22 24 177 137 122 253 5 28 204 0 168 2 110 231 130 214 1 176 4 52 172 13 173 125 107 25 8 224 252 182 193 226 27 20 32 65 59 6 63 245 203 205 85 14 19 58 229 159 38 102 41 191 108 42 56 128 202 127 133 71 179 197 207 95 255 199 248 30 251 73 31 115 47 109 237 123 185 220 78 35 43 164 183 18 118 36 83 55 218 80 165 49 101 68 135 143 235 116 117 40 129 228 82 89 201 208 54 195 74 180 77 198 211 33 9 239 105 152 192 23 155 16 171 156 242 64 81 86 240 87 48 75 174 99 212 46 62 146 254 53 121 67 167 234 88 61 111 169 104 79 106 166 51 69 70 91 131 236 163 233 34 215 45 222 132 100 7 194 170 200 157 50 160 98 12 90 120 145 44 66 136 219 241 21 140 94 138 246 119 230 93 217 161 126 210 103 141 139 162 209 112 189 153 244 147 175 144 92 149 151 227 178 26 60 134 223 186 158 181 232 15 216 39 188 187 206 243 250 72 247 84 190 57 148 124 249 184 76 154 142 37 96 10 238 213 113
11 196 16 22 17 114 97 29 15 221 34 24 177 137 122 253 5 28 204 0 168 2 151 231 130 214 1 176 4 52 68 13 173 213 107 25 8 224 37 182 32 226 27 20 193 65 59 6 63 245 203 205 85 14 19 58 229 159 38 102 41 191 108 42 56 36 202 127 133 198 179 197 207 95 255 199 248 30 251 73 31 115 47 109 44 123 185 220 78 35 43 164 183 129 118 128 83 55 218 80 165 49 101 18 135 143 235 116 117 40 186 228 82 89 110 208 54 181 74 180 77 71 211 33 9 239 105 152 192 23 155 3 171 156 242 64 81 86 240 87 48 75 174 227 212 46 62 146 254 53 121 67 167 234 88 61 111 169 104 79 106 172 51 69 70 91 158 236 237 96 92 215 45 222 132 100 7 194 170 200 157 50 160 98 12 90 120 145 163 66 136 219 241 21 140 94 138 246 119 230 93 217 161 126 210 216 141 139 162 209 112 189 153 244 147 175 144 99 149 201 225 178 26 60 134 223 113 166 195 232 150 103 39 188 187 206 243 250 72 247 84 190 57 148 125 249 184 124 154 142 252 233 10 238 131 76
11 196 50 22 17 114 97 29 15 221 227 24 177 137 122 253 5 28 204 0 106 2 201 231 130 214 175 176 4 52 172 13 173 125 107 25 8 224 37 182 32 246 27 20 193 1 59 6 63 166 203 205 85 14 19 58 229 159 38 102 41 191 108 42 56 36 202 127 133 71 179 197 207 95 255 199 248 30 251 73 31 115 47 113 44 123 185 220 238 35 43 164 183 18 118 128 83 55 218 80 165 49 101 68 135 143 235 116 117 40 129 228 82 89 110 208 54 181 74 180 77 198 211 33 9 239 105 152 192 23 155 16 171 156 242 64 81 86 240 87 48 75 174 34 212 46 62 146 254 53 121 67 167 234 88 61 111 169 104 79 168 141 51 69 70 91 131 236 92 233 237 215 45 222 132 100 7 194 170 200 157 3 160 98 12 90 120 145 163 66 136 219 241 21 140 94 138 226 119 230 93 217 161 126 210 103 225 139 162 209 112 189 153 244 147 65 144 99 149 151 245 178 26 60 134 223 186 158 195 232 150 216 39 188 187 206 243 250 72 247 84 190 57 148 124 249 184 76 154 142 252 96 10 78 213 109
11 196 74 22 17 114 97 29 15 221 166 24 177 137 122 253 5 28 204 0 168 2 201 231 130 214 1 176 4 52 18 13 173 125 107 25 8 224 37 182 32 226 27 20 193 67 59 6 63 158 203 205 85 14 19 58 129 159 38 102 41 191 108 42 56 36 202 127 133 134 179 197 207 95 255 199 189 30 251 73 31 115 47 109 44 123 185 220 70 35 43 164 183 227 118 128 83 55 218 80 165 49 101 68 135 143 235 116 117 40 131 228 82 89 110 208 54 181 3 180 77 198 211 33 9 239 105 152 192 23 155 16 171 156 242 64 81 86 240 87 10 75 174 65 212 46 62 146 254 53 121 34 167 234 88 61 209 169 104 79 106 141 51 69 172 91 229 236 237 233 92 215 45 222 132 100 7 194 170 200 157 50 160 98 12 90 120 145 163 66 136 219 241 21 140 94 138 246 119 230 93 217 161 126 210 103 225 139 162 111 112 248 153 244 147 175 144 99 149 151 245 178 26 60 71 223 186 78 195 232 150 216 39 188 187 206 243 250 72 247 84 190 57 148 124 249 184 76 154 142 252 96 48 238 213 113
11 196 74 22 17 114 97 29 15 221 166 24 177 137 122 253 5 28 204 0 168 2 201 231 130 214 1 176 4 52 18 13 173 125 107 25 8 224 37 182 32 226 27 20 193 67 59 6 63 158 203 205 85 14 19 58 129 159 38 102 41 191 108 42 56 36 202 127 133 134 179 197 207 95 255 199 189 30 251 73 31 115 47 109 44 123 185 220 70 35 43 164 183 227 118 128 83 55 218 80 165 49 101 68 135 143 235 116 117 40 131 228 82 89 110 208 54 181 3 180 77 198 211 33 9 239 105 152 192 23 155 16 171 156 242 64 81 86 240 87 48 75 174 65 212 46 62 146 254 53 121 34 167 234 88 61 209 169 104 79 106 141 51 69 172 91 229 236 237 233 92 215 45 222 132 100 7 194 170 200 157 50 160 98 12 90 120 145 163 66 136 219 241 21 140 94 138 246 119 230 93 217 161 126 210 103 225 139 162 111 112 248 153 244 147 175 144 99 149 151 245 178 26 60 71 223 186 78 195 232 150 216 39 188 187 206 243 250 72 247 84 190 57 148 124 249 184 76 154 142 252 96 10 238 213 113
11 196 74 22 17 114 97 29 15 221 166 24 177 137 122 253 5 28 204 0 168 2 201 231 130 214 1 176 4 95 18 13 173 125 107 25 8 224 37 182 32 226 27 20 193 67 59 6 63 158 203 205 85 14 19 58 129 159 38 102 41 191 108 42 56 36 202 127 133 134 179 197 207 52 255 199 189 30 251 73 31 115 47 109 44 123 185 220 70 35 43 164 183 227 118 128 83 55 218 80 165 49 101 68 135 143 235 116 117 40 131 228 82 89 110 208 54 181 3 180 77 198 211 33 9 239 105 152 192 23 155 16 171 156 242 64 81 86 240 87 10 75 174 65 212 46 62 146 254 53 121 34 167 234 88 61 209 169 26 79 106 141 51 69 172 91 229 236 237 233 92 215 45 222 132 100 7 194 170 200 157 50 160 98 12 90 120 145 163 66 136 219 241 21 140 94 138 246 119 230 93 217 161 126 210 103 225 139 162 111 112 248 153 244 147 175 144 99 149 151 245 178 104 60 71 223 186 78 195 232 150 216 39 188 187 206 243 250 72 247 84 190 57 148 124 249 184 76 154 142 252 96 48 238 213 113
11 196 110 22 112 114 97 29 15 221 129 24 177 215 122 253 5 28 204 0 168 2 151 231 130 214 205 176 4 52 68 13 173 125 107 25 8 224 37 182 32 226 27 20 193 65 59 6 63 245 203 1 85 14 19 58 229 159 38 102 41 191 108 42 56 36 202 127 133 71 179 197 207 95 255 199 248 30 251 73 31 81 54 109 44 123 185 220 211 35 43 164 183 104 118 128 246 55 218 80 165 49 101 18 135 143 235 116 117 40 186 228 82 89 3 208 47 181 74 180 77 198 78 33 9 239 105 152 192 23 155 16 171 156 92 64 115 72 240 87 48 75 174 34 212 46 62 146 254 53 121 67 167 234 88 61 111 169 227 79 106 172 51 69 70 91 158 236 237 233 209 137 45 222 132 100 7 194 170 138 157 50 160 98 12 90 120 145 163 66 136 219 241 21 140 94 200 83 119 230 93 217 250 126 210 103 141 139 162 76 17 187 153 244 147 175 144 99 149 201 225 178 26 60 134 223 131 166 195 232 150 216 39 188 189 206 243 161 86 247 84 190 57 148 242 249 184 124 154 142 252 96 10 238 213 113
11 196 146 225 17 114 97 29 15 221 22 24 177 137 122 253 5 28 204 0 168 2 201 231 130 214 1 176 4 52 172 13 173 125 107 25 8 224 37 182 32 226 27 20 193 65 59 6 63 245 203 205 85 14 19 58 229 159 38 102 41 191 108 42 56 36 202 127 133 71 179 197 207 95 255 199 248 30 251 73 31 115 47 109 44 123 185 220 78 35 43 164 183 18 118 128 83 55 218 80 165 49 101 68 135 143 235 116 117 40 129 228 82 89 110 208 54 181 74 180 77 198 211 33 9 239 105 152 192 23 155 16 171 156 242 64 81 195 240 87 48 75 174 99 212 46 158 3 254 53 121 67 167 234 88 61 111 169 104 79 106 166 51 69 70 91 131 236 237 233 34 215 45 222 132 100 7 194 170 200 157 50 160 98 12 90 120 145 163 66 136 219 241 21 140 94 138 246 119 230 93 217 161 126 210 103 141 139 162 209 112 189 153 244 147 175 144 92 149 151 227 178 26 60 134 223 186 62 86 232 187 216 39 188 150 206 243 250 72 247 84 190 57 148 124 249 184 76 154 142 252 96 10 238 213 113
11 196 146 225 17 114 97 29 15 221 22 24 177 137 122 253 5 28 204 0 168 2 201 231 130 214 1 176 4 52 172 13 173 125 107 25 8 224 37 182 32 226 27 20 193 65 59 6 63 245 203 205 85 14 19 58 229 159 38 102 41 191 108 42 56 36 202 127 133 71 179 197 207 95 255 199 248 30 251 73 31 115 47 109 44 123 185 220 78 35 43 164 183 18 118 128 83 55 218 80 165 49 101 68 135 143 235 116 117 40 129 228 82 89 110 208 54 181 74 180 77 198 211 33 9 239 105 152 192 23 155 16 171 156 242 64 81 195 240 87 48 75 233 99 212 46 158 3 254 53 121 67 167 234 88 61 111 169 104 79 106 166 51 69 70 91 131 236 237 174 34 215 45 222 132 100 7 194 170 200 157 50 160 98 12 90 120 145 163 66 136 219 241 21 140 94 138 246 119 230 93 217 161 126 210 103 141 139 162 209 112 189 153 244 147 175 144 92 149 151 227 178 26 60 134 223 186 62 86 232 187 216 39 188 150 206 243 250 72 247 84 190 57 148 124 249 184 76 154 142 252 96 10 238 213 113
11 196 146 225 17 114 97 29 15 221 22 24 177 137 122 253 5 28 204 0 168 2 201 231 130 214 1 176 4 52 172 13 173 125 107 25 8 224 37 182 32 226 27 20 193 65 59 6 63 245 203 205 85 14 19 58 229 159 38 102 233 191 108 42 56 36 202 127 133 71 179 197 207 95 255 199 248 30 251 73 31 115 47 109 44 123 185 220 78 35 43 164 183 18 118 128 83 55 218 80 165 49 101 68 135 143 235 116 117 40 129 228 82 89 110 208 54 181 74 180 77 198 211 33 9 239 105 152 192 23 155 16 171 156 242 64 81 195 240 87 48 75 41 99 212 46 158 3 254 53 121 67 167 234 88 61 111 169 104 79 106 166 51 69 70 91 131 236 237 174 34 215 45 222 132 100 7 194 170 200 157 50 160 98 12 90 120 145 163 66 136 219 241 21 140 94 138 246 119 230 93 217 161 126 210 103 141 139 162 209 112 189 153 244 147 175 144 92 149 151 227 178 26 60 134 223 186 62 86 232 187 216 39 188 150 206 243 250 72 247 84 190 57 148 124 249 184 76 154 142 252 96 10 238 213 113
11 196 156 22 17 114 97 29 37 1 227 24 177 137 122 253 5 28 204 0 168 2 201 231 130 214 254 164 4 52 68 13 173 209 107 25 8 224 15 182 32 226 27 20 193 65 59 6 63 245 203 205 85 14 19 58 229 159 38 102 41 191 108 42 56 36 202 127 133 45 179 197 207 124 255 199 248 30 241 143 31 115 123 109 44 166 185 220 78 35 43 176 183 129 118 128 83 55 218 80 165 49 101 18 135 73 87 116 117 40 186 228 82 89 110 208 54 181 74 180 77 198 211 33 9 239 105 152 75 23 155 16 171 3 242 64 81 86 240 235 48 192 174 34 212 46 62 146 221 53 121 251 167 234 88 61 111 169 104 79 106 210 51 69 70 91 158 236 237 233 92 215 71 222 132 100 7 194 170 200 157 50 160 162 12 90 120 145 163 66 136 219 67 21 140 94 138 246 119 230 93 217 161 126 172 103 141 139 98 76 112 189 153 244 147 175 144 99 149 151 225 178 26 60 134 223 131 39 195 232 150 216 47 188 187 206 243 250 72 247 84 190 57 148 125 249 184 95 154 142 252 96 10 238 213 113
11 196 156 22 17 114 97 29 37 221 227 24 177 137 122 253 5 28 204 0 168 2 201 231 130 214 254 164 4 52 68 13 173 209 107 25 8 224 15 182 32 226 27 20 193 65 59 6 63 245 203 205 85 14 19 58 229 159 38 102 41 191 108 42 56 36 202 127 133 45 179 197 207 124 255 199 248 30 241 143 31 115 123 109 44 166 185 220 78 35 43 176 183 129 118 128 83 55 218 80 165 49 101 18 135 73 87 116 117 40 186 228 82 89 110 208 54 181 74 180 77 198 211 33 9 239 105 152 192 23 155 16 171 3 242 64 81 86 240 235 48 75 174 34 212 46 62 146 1 53 121 251 167 234 88 61 111 169 104 79 106 210 51 69 70 91 158 236 237 233 92 215 71 222 132 100 7 194 170 200 157 50 160 162 12 90 120 145 163 66 136 219 67 21 140 94 138 246 119 230 93 217 161 126 172 103 141 139 98 76 112 189 153 244 147 175 144 99 149 151 225 178 26 60 134 223 131 39 195 232 150 216 47 188 187 206 243 250 72 247 84 190 57 148 125 249 184 95 154 142 252 96 10 238 213 113
11 211 3 22 17 114 97 29 15 221 227 24 177 137 122 253 5 28 204 0 168 2 201 231 130 214 1 176 4 52 68 13 173 209 107 25 8 196 37 182 32 226 27 20 193 65 59 6 63 160 12 205 85 14 19 58 117 159 38 102 41 191 108 42 56 36 202 127 133 71 179 197 207 95 255 199 248 30 251 73 31 115 47 109 44 123 185 220 78 35 43 164 183 129 118 128 83 55 218 80 165 49 101 18 135 143 235 116 229 40 195 228 82 89 110 208 54 181 74 180 77 198 224 33 9 239 105 152 192 23 155 171 16 156 242 64 81 86 240 87 48 75 174 34 212 46 62 146 254 53 121 67 167 234 88 61 111 169 104 79 106 172 51 69 70 91 158 236 237 233 92 215 45 222 132 100 7 194 170 200 157 50 245 98 125 90 120 145 163 66 136 219 241 21 140 94 138 246 119 230 93 217 161 126 210 103 141 139 162 76 112 189 153 244 147 175 144 99 149 151 225 178 26 60 134 223 131 166 186 232 150 216 39 188 187 206 243 250 72 247 84 190 57 148 203 249 184 124 154 142 252 96 10 238 213 113
11 211 3 22 171 114 97 29 15 221 227 24 177 137 122 253 5 28 204 0 168 2 201 231 130 214 1 176 4 52 68 13 173 209 107 25 8 196 37 182 32 226 27 20 193 65 59 6 63 160 12 205 85 14 19 58 117 159 38 102 41 191 108 42 56 36 202 127 133 71 179 197 207 95 255 199 248 30 251 73 31 115 47 109 44 123 185 220 78 35 43 164 183 129 118 128 83 55 218 80 165 49 101 18 135 143 235 116 229 40 195 228 82 89 110 208 54 181 74 180 77 198 224 33 9 239 105 152 192 23 155 17 16 156 242 64 81 86 240 87 48 75 174 34 212 46 62 146 254 53 121 67 167 234 88 61 111 169 104 79 106 172 51 69 70 91 158 236 237 233 92 215 45 222 132 100 7 194 170 200 157 50 245 98 125 90 120 145 163 66 136 219 241 21 140 94 138 246 119 230 93 217 161 126 210 103 141 139 162 76 112 189 153 244 147 175 144 99 149 151 225 178 26 60 134 223 131 166 186 232 150 216 39 188 187 206 243 250 72 247 84 190 57 148 203 249 184 124 154 142 252 96 10 238 213 113
11 211 3 22 171 114 97 29 15 221 227 24 177 137 122 253 5 28 204 0 168 2 201 231 130 214 1 176 4 52 68 13 173 209 107 25 8 196 37 182 32 226 27 20 193 65 59 6 63 245 12 205 85 14 19 58 117 159 38 102 41 191 108 42 56 36 202 127 133 71 179 197 207 95 255 199 248 30 251 73 31 115 47 109 44 123 185 220 78 35 43 164 183 129 118 128 83 55 218 80 165 49 101 18 135 143 235 116 229 40 195 228 82 89 110 208 54 181 74 180 77 198 224 33 9 239 105 152 192 23 155 17 16 156 242 64 81 86 240 87 48 75 174 34 212 46 62 146 254 53 121 67 167 234 88 61 111 169 104 79 106 172 51 69 70 91 158 236 237 233 92 215 45 222 132 100 7 194 170 200 157 50 160 98 125 90 120 145 163 66 136 219 241 21 140 94 138 246 119 230 93 217 161 126 210 103 141 139 162 76 112 189 153 244 147 175 144 99 149 151 225 178 26 60 134 223 131 166 186 232 150 216 39 188 187 206 243 250 72 247 84 190 57 148 203 249 184 124 154 142 252 96 10 238 213 113
11 211 3 22 171 114 97 29 15 221 227 24 177 137 122 253 5 28 204 0 168 2 201 231 130 214 1 176 4 52 68 13 173 209 107 25 8 196 37 182 32 226 27 20 193 65 59 6 63 245 12 205 85 14 19 58 229 159 38 102 41 191 108 42 56 36 202 127 133 71 179 197 207 95 255 199 248 30 251 73 31 115 47 109 44 123 185 220 78 35 43 164 183 129 118 128 83 55 218 80 165 49 101 18 135 143 235 116 117 40 195 228 82 89 110 208 54 181 74 180 77 198 224 33 9 239 105 152 192 23 155 17 16 156 242 64 81 86 240 87 48 75 174 34 212 46 62 146 254 53 121 67 167 234 88 61 111 169 104 79 106 172 51 69 70 91 158 236 237 233 92 215 45 222 132 100 7 194 170 200 157 50 160 98 125 90 120 145 163 66 136 219 241 21 140 94 138 246 119 230 93 217 161 126 210 103 141 139 162 76 112 189 153 244 147 175 144 99 149 151 225 178 26 60 134 223 131 166 186 232 150 216 39 188 187 206 243 250 72 247 84 190 57 148 203 249 184 124 154 142 252 96 10 238 213 113
11 224 3 22 17 114 97 29 15 207 227 24 177 137 122 253 5 28 204 0 168 2 151 231 130 214 1 176 4 52 68 13 173 209 107 25 8 47 37 182 32 226 27 20 193 65 59 6 63 245 203 205 85 14 19 58 229 159 38 102 41 191 108 42 56 36 202 127 133 71 179 197 221 95 255 199 248 30 251 73 31 115 196 109 44 123 185 220 78 35 43 164 183 129 118 128 83 55 218 80 165 49 101 18 135 143 235 116 117 40 186 228 82 89 110 208 54 181 74 180 77 198 211 33 9 239 105 152 192 23 155 16 171 156 242 64 81 86 240 87 48 75 174 34 212 46 62 146 254 249 121 67 167 234 88 61 111 169 104 79 106 172 51 69 70 91 158 236 237 233 92 215 45 222 132 100 7 194 170 200 157 50 160 98 12 90 120 145 163 66 136 219 241 21 140 94 138 246 119 230 93 217 161 126 210 103 141 139 162 76 112 189 153 244 147 175 144 99 149 201 225 178 26 60 134 223 131 166 195 232 150 216 39 188 187 206 243 250 72 247 84 190 57 148 125 53 184 124 154 142 252 96 10 238 213 113
11 225 3 22 17 114 97 29 15 221 227 24 177 137 122 253 5 28 204 0 168 2 201 231 130 214 1 176 4 52 172 13 173 125 107 25 8 224 37 182 32 226 27 20 193 65 59 6 63 166 203 205 85 14 19 58 229 159 38 102 41 191 108 42 56 36 202 127 133 71 179 197 207 95 255 199 248 30 251 73 31 115 47 109 44 123 185 150 78 35 43 164 183 18 118 128 83 55 218 80 165 49 101 68 135 143 235 116 117 40 129 228 196 89 110 208 54 181 74 180 77 198 243 33 9 239 105 152 192 23 155 16 171 156 242 64 81 86 240 87 48 75 174 195 212 46 62 146 254 67 121 53 167 234 88 61 111 169 104 79 106 141 51 69 70 91 131 236 92 233 237 215 45 222 132 100 7 194 170 200 157 50 160 98 12 90 120 145 163 66 136 219 241 21 140 94 138 246 119 230 93 217 161 126 210 103 96 139 162 209 112 189 153 244 147 175 144 99 149 151 245 178 26 60 134 223 186 158 34 232 220 216 39 188 187 206 211 250 72 247 84 190 57 148 124 249 184 76 154 142 252 82 10 238 213 113
11 225 3 22 17 114 97 29 15 221 227 24 177 137 122 253 5 28 204 0 168 2 201 231 130 214 1 176 4 52 172 13 173 125 107 25 8 224 37 182 32 226 27 20 193 65 59 6 63 166 203 205 85 14 19 58 229 159 38 102 41 191 108 42 56 36 202 127 133 71 179 197 207 95 255 199 248 30 251 73 31 115 47 109 44 123 185 150 78 35 43 164 183 53 118 128 83 55 218 80 165 49 101 68 135 143 235 116 117 40 129 228 196 89 110 208 54 181 74 180 77 198 243 33 9 239 105 152 192 23 155 16 171 156 242 64 81 86 240 87 48 75 174 195 212 46 62 146 254 67 121 18 167 234 88 61 111 169 104 79 106 141 51 69 70 91 131 236 92 233 237 215 45 222 132 100 7 194 170 200 157 50 160 98 12 90 120 145 163 66 136 219 241 21 140 94 138 246 119 230 93 217 161 126 210 103 96 139 162 209 112 189 153 244 147 175 144 99 149 151 245 178 26 60 134 223 186 158 34 232 220 216 39 188 187 206 211 250 72 247 84 190 57 148 124 249 184 76 154 142 252 82 10 238 213 113
11 225 3 22 17 114 97 29 15 221 227 24 177 137 122 253 5 28 204 0 168 2 201 231 130 214 1 176 4 52 172 13 173 125 107 25 8 224 37 182 32 226 27 20 193 65 59 6 63 166 203 205 85 14 19 58 229 159 38 102 41 191 108 42 56 36 202 127 133 71 179 197 207 95 255 199 248 30 251 73 31 115 47 109 44 123 185 150 78 35 43 206 183 53 118 128 83 55 218 80 165 49 101 68 135 143 235 116 117 40 129 228 196 89 110 208 54 181 74 180 77 198 243 33 9 239 105 152 192 23 155 16 171 156 242 64 81 86 240 87 48 75 174 195 212 46 62 146 254 67 121 18 167 234 88 61 111 169 104 79 106 141 51 69 70 91 131 236 92 233 237 215 45 222 132 100 7 194 170 200 157 50 160 98 12 90 120 145 163 66 136 219 241 21 140 94 138 246 119 230 93 217 161 126 210 103 96 139 162 209 112 189 153 244 147 175 144 99 149 151 245 178 26 60 134 223 186 158 34 232 220 216 39 188 187 164 211 250 72 247 84 190 57 148 124 249 184 76 154 142 252 82 10 238 213 113
11 243 3 22 17 114 97 29 15 221 227 24 177 137 122 253 5 28 204 0 168 2 89 231 130 214 1 176 4 52 68 13 173 209 107 25 8 224 37 182 32 226 27 20 193 65 59 6 63 245 203 205 85 14 19 58 229 159 38 102 41 191 108 42 56 36 202 127 133 71 179 197 207 95 255 199 248 30 251 73 31 115 47 109 44 123 185 220 78 35 43 164 183 129 118 128 83 55 218 80 165 49 92 18 135 143 235 116 117 40 186 228 82 125 110 208 54 148 74 180 77 198 211 33 9 239 105 152 192 23 155 16 171 156 242 64 81 86 240 87 48 75 174 34 212 46 62 146 254 53 121 67 167 234 88 61 111 169 104 79 106 172 51 69 70 91 158 236 237 233 101 215 45 222 132 100 7 194 170 200 157 50 160 98 12 90 120 145 163 66 136 219 241 21 140 94 138 246 119 230 93 217 161 126 210 103 141 139 162 76 112 189 153 244 147 175 144 99 149 151 225 178 26 60 134 223 131 166 195 232 150 216 39 188 187 206 196 250 72 247 84 190 57 181 201 249 184 124 154 142 252 96 10 238 213 113
11 243 3 22 17 114 97 29 15 221 227 24 177 137 122 253 5 28 204 0 168 2 89 231 130 214 1 176 4 52 68 13 173 209 107 25 8 224 37 182 32 226 27 20 193 65 59 6 63 245 203 205 85 14 19 58 229 159 38 102 41 191 108 42 56 36 202 127 133 71 179 197 207 95 255 199 248 30 251 73 31 115 47 109 44 123 185 220 78 35 43 164 183 129 118 128 83 55 218 80 165 49 92 18 135 143 235 116 117 40 186 228 82 125 110 208 54 148 74 180 77 198 211 33 9 239 105 152 192 23 155 16 171 156 242 64 81 195 240 87 48 75 174 34 212 46 62 146 254 53 121 67 167 234 88 61 111 169 104 79 106 172 51 69 70 91 158 236 237 233 101 215 45 222 132 100 7 194 170 200 157 50 160 98 12 90 120 145 163 66 136 219 241 21 140 94 138 246 119 230 93 217 161 126 210 103 141 139 162 76 112 189 153 244 147 175 144 99 149 151 225 178 26 60 134 223 131 166 86 232 150 216 39 188 187 206 196 250 72 247 84 190 57 181 201 249 184 124 154 142 252 96 10 238 213 113
11 243 3 22 17 114 97 29 15 221 227 24 177 137 122 253 5 28 204 0 168 2 89 231 130 214 1 176 115 52 68 13 173 209 107 25 8 224 37 182 32 226 27 20 193 65 59 6 63 245 203 205 85 14 19 58 229 159 38 102 41 191 108 42 56 4 202 127 133 71 179 197 207 95 255 199 248 30 251 73 31 36 47 109 44 123 185 220 78 35 43 164 183 129 118 128 83 55 218 80 165 49 92 18 135 143 235 116 117 40 186 228 82 125 110 208 54 148 74 180 77 198 211 33 9 239 105 152 192 23 155 157 171 156 242 64 81 195 240 87 48 75 174 34 212 46 62 146 254 53 121 67 167 234 88 61 111 169 104 79 106 172 51 69 70 91 158 236 237 233 101 215 45 222 132 100 7 194 170 200 16 50 160 98 12 90 120 145 163 66 136 219 241 21 140 94 138 246 119 230 93 217 161 126 210 103 141 139 162 76 112 189 153 244 147 175 144 99 149 151 225 178 26 60 134 223 131 166 86 232 150 216 39 188 187 206 196 250 72 247 84 190 57 181 201 249 184 124 154 142 252 96 10 238 213 113
11 254 3 22 17 114 97 29 15 221 166 24 177 137 122 253 5 28 204 0 168 2 201 231 130 214 1 176 4 52 172 13 173 125 107 25 8 224 37 182 32 226 27 20 193 65 59 6 63 196 203 205 85 14 19 58 129 159 38 102 41 191 108 42 56 36 202 127 133 71 179 197 207 95 255 199 248 30 251 73 31 115 47 109 44 123 185 220 18 35 43 164 183 227 118 128 83 121 218 80 165 49 101 68 135 143 235 116 117 40 229 228 82 89 152 208 54 181 74 180 77 198 211 33 9 239 105 110 192 23 155 16 171 156 242 64 81 213 240 87 48 75 174 34 212 46 62 146 78 53 55 67 167 234 88 61 111 169 104 79 106 141 51 69 70 91 131 236 237 233 92 215 45 222 132 100 7 194 170 200 157 50 160 98 12 90 120 145 163 66 136 219 241 21 140 94 138 246 119 230 93 217 161 126 210 103 225 139 162 209 112 189 153 244 147 175 144 99 149 151 245 178 26 60 134 223 186 158 195 232 150 216 39 188 187 206 243 250 72 247 84 190 57 148 124 249 184 76 154 142 252 96 10 238 86 113
11 255 3 22 17 114 97 29 15 159 227 24 177 137 122 253 173 28 204 0 168 2 151 231 130 214 1 176 4 52 68 13 5 125 107 25 8 224 37 182 32 226 27 20 193 65 59 6 63 187 203 205 85 14 19 58 229 96 38 102 41 191 108 42 56 36 202 127 133 71 179 197 207 95 196 199 248 30 251 73 31 115 47 109 44 123 185 220 211 35 43 164 183 129 118 128 83 55 218 80 145 49 101 18 135 143 235 116 117 40 186 228 82 89 110 208 54 181 74 180 77 198 16 33 9 239 105 152 192 23 155 78 171 156 242 64 81 86 240 87 48 75 174 34 212 46 62 146 254 53 121 67 167 234 88 61 111 169 104 79 106 172 51 69 70 91 158 236 237 233 92 215 45 222 132 100 7 194 170 200 157 50 160 98 12 90 120 165 163 66 136 219 241 21 140 94 138 246 119 230 93 217 161 126 210 103 141 139 162 76 112 189 245 244 147 175 144 99 149 201 225 178 26 60 134 223 131 166 195 209 150 216 39 188 153 206 243 250 72 247 84 190 57 148 232 249 184 124 154 142 252 221 10 238 213 113
11 255 3 22 17 114 97 29 15 159 227 24 177 137 122 253 173 28 204 0 168 2 151 231 130 214 1 176 4 52 68 13 5 125 107 25 8 224 37 182 32 226 27 20 193 65 59 6 63 187 203 205 85 14 19 58 229 221 38 102 41 191 108 42 56 36 202 127 133 71 179 197 207 95 196 199 248 30 251 73 31 115 47 109 44 123 185 220 211 35 43 164 183 129 118 128 83 55 218 80 145 49 101 18 135 143 235 116 117 40 186 228 82 89 110 208 54 181 74 180 77 198 16 33 9 239 105 152 192 23 155 78 171 156 242 64 81 86 240 87 48 75 174 34 212 46 62 146 254 53 121 67 167 234 88 61 111 169 104 79 106 172 51 69 70 91 158 236 237 233 92 215 45 222 132 100 7 194 170 200 157 50 160 98 12 90 120 165 163 66 136 219 241 21 140 94 138 246 119 230 93 217 161 126 210 103 141 139 162 76 112 189 245 244 147 175 144 99 149 201 225 178 26 60 134 223 131 166 195 209 150 216 39 188 153 206 243 250 72 247 84 190 57 148 232 249 184 124 154 142 252 96 10 238 213 113
18 196 3 185 17 114 97 177 144 221 165 24 29 137 122 253 5 28 7 0 168 2 201 231 130 214 1 176 4 52 172 13 173 125 107 25 8 224 37 182 32 226 27 20 193 65 59 6 63 78 203 205 85 14 19 58 129 159 38 102 41 191 108 42 56 36 202 127 133 235 179 197 207 95 255 199 248 30 251 73 31 115 47 216 44 123 22 220 11 35 43 164 183 227 118 128 83 55 218 80 166 49 101 68 135 229 71 116 117 40 143 228 82 89 110 208 54 181 74 180 77 198 211 33 9 239 105 152 192 23 155 16 171 156 242 64 81 86 240 87 48 75 174 237 212 46 62 146 254 53 121 67 167 234 88 61 111 169 120 79 106 141 51 69 70 91 131 236 34 233 92 215 45 222 132 100 204 194 170 200 157 50 142 98 12 90 104 145 163 66 136 219 241 21 140 94 138 246 119 230 93 217 161 126 210 103 225 139 162 209 112 189 153 244 147 175 15 99 149 151 245 178 26 60 134 223 186 158 195 232 150 109 39 188 187 206 243 250 72 247 84 190 57 148 124 249 184 76 154 160 252 96 10 238 213 113
53 196 3 22 17 114 97 29 1 221 227 24 177 137 122 253 5 28 204 0 168 2 201 231 130 214 186 176 4 52 68 60 173 125 107 25 8 224 37 182 212 226 27 69 193 65 59 6 63 245 203 205 85 14 19 58 229 159 38 102 41 191 32 42 56 36 202 127 133 71 179 197 67 95 255 199 248 30 251 73 31 115 239 109 44 123 185 220 78 35 43 164 183 15 118 128 83 55 218 80 165 49 101 18 135 143 235 116 117 40 129 228 104 89 110 208 54 181 74 180 77 198 211 33 9 20 105 152 192 23 155 16 171 156 242 64 81 86 240 87 48 75 174 131 108 46 62 146 254 11 121 207 167 234 88 61 111 169 82 79 106 172 51 66 70 91 158 236 237 233 92 215 45 222 132 100 7 194 170 200 157 50 160 98 12 90 120 145 163 151 136 219 241 21 140 94 138 246 119 230 93 217 161 126 210 103 141 139 162 76 112 189 153 244 147 175 144 99 149 47 225 178 26 13 134 223 34 166 195 232 150 216 39 188 187 206 243 250 72 247 84 190 57 148 209 213 184 124 154 142 252 96 10 238 249 113
64 196 3 22 17 114 97 122 15 58 166 24 177 237 29 253 5 28 27 0 168 2 201 231 130 214 1 176 4 52 18 13 173 125 107 25 8 224 37 182 32 226 204 20 193 67 59 6 63 78 203 205 85 14 19 221 129 159 38 102 41 191 108 42 56 36 202 127 133 71 179 197 207 95 255 199 248 30 251 73 31 115 47 109 44 123 185 220 171 35 43 164 183 227 118 128 83 55 218 80 165 49 101 68 135 143 235 116 117 40 131 228 82 89 110 208 54 181 74 180 77 198 211 33 9 239 105 152 192 23 155 16 210 156 242 11 81 86 240 103 48 75 174 34 212 46 62 146 254 53 121 65 167 234 88 61 111 169 104 79 106 141 51 69 70 91 229 236 137 233 92 215 45 222 132 100 7 194 170 200 157 50 160 98 12 90 120 145 163 66 136 219 241 21 140 94 138 246 119 230 93 217 161 126 172 87 225 139 162 209 112 189 153 244 147 175 144 99 149 151 245 178 26 60 134 223 186 158 195 232 150 216 39 188 187 206 243 250 72 247 84 190 57 148 124 249 184 76 154 142 252 96 10 238 213 113
82 196 3 22 17 114 97 124 15 221 227 24 177 137 122 253 5 28 204 0 168 2 151 231 34 214 1 176 4 52 68 13 173 209 107 25 8 224 11 182 32 226 40 20 108 65 59 6 63 245 203 205 85 14 19 58 229 159 38 102 41 191 193 42 56 36 202 127 133 71 179 197 207 95 255 199 248 30 251 73 31 115 47 109 44 123 185 220 160 35 43 206 183 129 118 128 83 55 218 80 165 49 101 18 135 143 235 244 117 27 186 228 37 89 110 208 54 181 74 180 77 198 78 79 9 116 105 152 192 23 155 16 171 156 242 64 81 86 240 87 48 75 174 130 212 46 62 146 254 53 121 67 167 234 88 61 111 169 104 33 106 172 51 69 70 91 158 236 237 233 92 215 45 222 132 100 7 194 170 200 157 50 211 98 12 90 120 145 163 66 136 219 241 21 140 94 138 246 119 230 93 217 161 126 210 76 141 139 162 103 112 189 153 239 147 175 144 99 149 201 225 178 26 60 134 223 131 166 195 232 150 216 39 188 187 164 243 250 72 247 84 190 57 148 154 249 184 29 238 142 252 96 10 125 213 113
101 209 174 103 232 246 234 59 32 239 118 23 222 75 7 57 97 20 79 28 4 215 60 42 153 22 171 95 113 242 211 144 80 13 156 17 145 1 167 195 149 180 16 24 190 219 18 87 226 88 19 160 71 29 58 50 116 142 51 12 2 9 244 204 43 231 104 152 158 73 114 173 21 212 92 46 30 53 169 197 179 164 254 10 216 89 140 192 66 68 11 74 26 133 82 177 49 105 129 187 193 27 6 163 3 38 147 240 112 245 186 121 196 203 47 157 120 67 31 111 36 15 54 25 56 218 109 61 224 237 93 81 235 70 41 128 210 64 175 63 108 122 107 14 151 91 223 233 176 37 40 227 134 76 55 172 115 34 52 84 98 96 8 148 143 72 45 161 139 206 208 65 229 205 119 162 124 62 44 165 123 155 5 48 102 191 170 159 39 146 228 189 247 110 86 127 138 33 125 90 249 198 201 238 131 213 83 214 136 0 126 168 132 99 77 94 181 100 199 236 137 207 184 255 250 251 221 150 182 35 141 243 117 194 202 253 230 69 135 166 154 252 200 85 217 106 78 225 241 220 178 188 185 248 130 183
103 196 3 22 17 114 97 29 15 221 227 24 177 137 122 253 5 28 204 0 55 237 201 231 130 214 1 176 11 52 115 13 173 125 107 25 8 224 239 182 32 226 27 20 193 65 59 6 63 187 203 205 85 14 19 58 229 159 38 102 41 191 108 42 56 36 202 127 133 71 179 197 207 95 255 199 248 30 251 73 31 68 47 109 44 123 185 220 78 35 43 164 183 132 118 128 83 225 218 80 165 49 101 18 135 143 235 116 117 40 186 228 82 89 110 208 54 181 74 180 77 99 211 33 9 37 105 152 192 23 155 16 171 156 242 64 81 86 240 87 48 75 174 34 212 46 62 146 254 53 121 67 167 234 88 61 111 169 104 79 106 172 51 69 70 91 158 236 2 233 92 215 45 222 129 100 7 194 170 200 157 50 160 98 12 90 120 145 163 66 136 219 241 21 140 94 138 246 119 230 93 217 161 126 210 4 141 139 162 76 112 189 153 244 147 175 144 198 149 151 168 178 26 60 134 223 131 166 195 232 150 216 39 188 245 206 243 250 72 247 84 190 57 148 209 249 184 124 154 142 252 96 10 238 213 113
105 209 174 103 232 246 234 59 32 239 118 23 222 75 7 57 97 20 79 28 4 215 60 42 153 22 171 95 113 242 211 144 80 13 156 17 145 1 167 195 149 180 16 24 190 219 18 87 226 88 19 160 71 29 58 50 240 142 51 12 2 9 244 204 43 231 104 176 158 73 114 173 21 212 92 46 30 53 169 197 179 164 69 10 216 89 140 192 66 68 11 74 26 133 82 177 52 116 129 187 193 27 6 163 3 38 147 101 112 245 186 47 196 203 121 157 120 67 31 111 36 15 54 25 56 218 109 61 224 237 93 81 235 70 41 128 210 64 125 63 108 122 107 14 151 91 223 233 152 37 40 227 134 76 55 106 115 34 200 84 98 96 8 148 143 72 45 161 254 206 208 65 229 205 119 162 124 62 44 35 123 155 5 48 165 191 170 159 39 146 228 189 247 110 86 127 138 33 175 90 249 198 201 238 131 213 83 214 136 0 126 168 132 99 77 94 181 100 199 236 137 207 184 255 250 251 221 150 182 102 141 243 117 194 202 253 230 139 135 166 154 252 49 85 217 172 78 225 241 220 178 188 185 248 130 183
105 209 174 103 232 246 234 59 32 239 118 23 222 75 7 57 97 20 79 28 4 215 69 42 153 22 171 95 113 242 211 144 80 13 156 17 145 1 167 195 149 180 16 24 190 219 18 87 226 88 19 160 71 29 58 50 240 142 51 12 2 9 244 204 43 231 104 176 158 73 114 173 21 212 92 46 30 53 169 197 179 164 60 10 216 89 140 192 66 68 11 74 26 133 82 177 52 116 129 187 193 27 6 163 3 38 147 101 112 245 186 47 196 203 121 157 120 67 31 111 36 15 54 25 56 218 109 61 224 237 33 81 235 70 41 128 210 64 125 63 108 122 107 14 151 91 223 233 152 37 40 227 134 76 55 106 115 34 200 84 98 96 8 148 143 72 45 161 254 206 208 65 229 205 119 162 124 62 44 35 123 155 5 48 165 191 170 159 39 146 228 189 247 110 86 127 138 93 175 90 249 198 201 238 131 213 83 214 136 0 126 168 132 99 77 94 181 100 199 236 137 207 184 255 250 251 221 150 182 102 141 243 117 194 202 253 230 139 135 166 154 252 49 85 217 172 78 225 241 220 178 188 185 248 130 183
110 209 174 103 232 246 234 59 32 239 118 23 222 75 7 53 97 20 79 28 4 66 60 42 153 22 171 95 113 242 211 160 80 13 156 17 145 1 167 195 149 180 16 24 190 219 248 87 226 88 19 144 71 29 58 50 240 142 51 12 2 9 244 204 43 231 104 176 158 253 114 173 21 212 92 46 198 57 18 197 179 164 69 10 216 89 140 192 73 68 11 129 26 133 82 177 49 105 74 187 193 27 6 163 3 38 147 101 116 245 186 47 196 203 121 157 120 67 31 111 36 15 54 25 56 218 109 131 224 237 93 81 235 70 41 128 210 64 175 63 108 122 107 14 151 91 223 233 152 37 40 227 134 76 55 172 115 34 52 84 98 96 8 148 143 72 45 161 254 206 208 65 229 205 119 162 124 62 44 35 123 155 5 48 102 191 170 159 39 146 228 189 247 112 86 127 138 33 125 90 249 30 201 238 61 243 83 214 136 0 126 168 132 99 77 94 181 100 199 236 137 207 184 255 250 251 221 150 182 165 141 213 117 194 202 215 230 139 135 166 154 252 200 85 217 106 78 225 241 220 178 188 185 169 130 183
110 209 174 103 232 246 234 59 32 239 118 23 222 75 7 53 97 20 79 28 4 66 60 42 153 22 171 95 113 242 211 160 80 13 156 17 145 1 167 195 149 180 16 24 190 219 248 87 226 88 19 178 71 29 58 50 240 142 51 12 2 9 244 204 43 231 104 176 158 253 114 173 21 212 92 46 198 57 18 197 179 164 69 10 216 89 140 192 73 68 11 129 26 133 82 177 49 105 74 187 193 27 6 163 3 38 147 101 116 245 186 47 196 203 121 157 120 67 31 111 36 15 54 25 56 218 109 131 224 237 93 81 235 70 41 128 210 64 175 63 108 122 107 14 151 91 223 233 152 37 40 227 134 76 55 172 115 34 52 84 98 96 8 148 143 72 45 161 254 206 208 65 229 205 119 162 124 62 44 35 123 155 5 48 102 191 170 159 39 146 228 189 247 112 86 127 138 33 125 90 249 30 201 238 61 243 83 214 136 0 126 168 132 99 77 94 181 100 199 213 137 207 184 255 250 251 221 150 182 165 141 236 117 194 202 215 230 139 135 166 154 252 200 85 217 106 78 225 241 220 144 188 185 169 130 183
110 209 174 103 232 246 234 59 32 239 118 23 222 75 7 53 97 20 79 28 4 66 60 42 153 22 171 95 113 242 211 160 80 13 156 17 145 1 167 195 149 180 16 24 190 219 248 87 226 88 19 178 71 29 58 50 240 142 51 12 2 9 244 204 43 231 104 176 158 253 114 173 21 212 92 46 198 57 18 197 179 164 69 10 216 89 140 192 73 68 11 129 26 133 82 177 49 105 74 187 193 27 6 163 3 38 147 101 116 245 186 47 196 203 121 157 120 67 31 111 36 15 54 25 56 218 109 131 224 237 93 81 235 70 41 128 210 64 175 63 108 122 107 14 151 91 223 233 152 37 40 227 134 76 55 172 115 34 52 84 98 96 8 148 143 72 45 161 254 206 208 65 229 205 119 162 124 62 44 35 123 155 5 48 102 191 170 159 39 146 228 189 247 112 86 127 138 33 125 90 249 30 201 238 61 243 83 214 136 0 126 168 132 99 77 94 181 100 199 236 137 207 184 255 250 251 221 150 182 165 141 213 117 194 202 215 230 139 135 166 154 252 200 85 217 106 78 225 241 220 144 188 185 169 130 183
110 209 174 103 232 246 234 59 32 239 118 23 222 75 7 53 97 20 79 28 4 66 60 42 153 22 171 95 113 242 211 160 80 13 156 17 145 1 167 195 149 180 16 24 190 219 248 87 226 88 19 178 71 29 58 50 240 142 51 12 2 9 244 204 43 231 104 176 158 253 114 173 21 212 92 46 198 57 18 197 179 164 69 10 216 89 140 192 73 68 11 129 26 133 82 177 49 105 74 187 193 27 6 163 3 38 147 101 116 245 186 47 196 203 121 157 120 67 31 111 36 15 54 25 56 218 109 131 224 237 93 144 235 70 41 128 210 64 175 63 108 122 107 14 151 91 223 233 152 37 40 227 134 76 55 172 115 34 52 84 98 96 8 148 143 72 45 161 254 206 208 65 229 205 119 162 124 62 44 35 123 155 5 48 102 191 170 159 39 146 228 189 247 112 86 127 138 33 125 90 249 30 201 238 61 243 83 214 136 0 126 168 132 99 77 94 181 100 199 213 137 207 184 255 250 251 221 150 182 165 141 236 117 194 202 215 230 139 135 166 154 252 200 85 217 106 78 225 241 220 81 188 185 169 130 183
110 209 174 103 232 246 234 59 32 239 118 23 222 75 7 57 97 20 79 21 4 215 60 42 153 22 171 95 113 242 211 144 80 13 156 17 145 1 167 195 149 180 16 24 190 219 18 87 226 88 19 160 71 29 58 50 240 142 51 12 2 9 244 204 43 231 104 176 158 253 114 173 28 212 92 46 30 53 169 197 179 164 69 10 216 89 140 192 66 68 11 74 26 133 82 177 49 105 129 187 193 27 6 163 3 38 147 101 116 245 186 47 196 203 121 157 120 67 31 111 36 15 54 25 56 218 109 61 224 237 93 81 235 70 41 128 210 64 175 63 108 122 107 14 151 91 223 233 152 37 40 227 134 76 55 172 115 34 52 84 98 96 8 148 143 72 45 161 254 206 208 65 229 205 119 162 124 62 44 35 123 112 5 48 102 191 170 159 39 146 228 189 247 155 86 127 138 33 125 90 249 198 201 238 131 213 83 214 136 0 126 168 132 99 77 94 181 100 199 236 137 207 184 255 250 251 221 150 182 165 141 243 117 194 202 73 230 139 135 166 154 252 200 85 217 106 78 225 241 220 178 188 185 248 130 183
110 209 174 103 232 246 234 59 32 239 118 23 222 75 7 57 97 20 79 28 4 215 60 42 153 22 171 38 113 242 211 144 80 13 149 17 145 1 167 195 156 180 16 24 190 219 18 87 226 88 19 160 71 29 58 50 240 142 51 12 2 9 244 204 43 231 104 176 158 253 114 173 21 165 92 46 30 249 169 197 179 164 69 10 216 89 140 192 66 68 11 74 26 133 82 177 49 105 129 187 193 27 6 163 3 95 147 101 116 245 186 47 196 203 121 157 120 67 31 111 36 15 54 25 56 218 109 61 224 237 93 81 235 70 41 128 210 64 175 63 108 122 107 14 151 91 223 212 152 37 40 227 134 76 55 172 115 34 52 84 78 96 8 148 143 72 45 161 254 206 208 65 229 205 119 162 124 62 44 35 123 112 5 48 102 191 170 159 39 146 228 189 247 155 86 127 138 33 125 90 53 198 201 238 131 213 83 214 136 0 126 168 132 99 77 94 181 100 199 236 137 207 184 255 250 251 221 150 182 233 141 243 117 194 202 73 230 139 135 166 154 252 200 85 217 106 98 225 241 220 178 188 185 248 130 183
110 209 174 103 232 246 234 59 32 239 118 23 222 75 7 57 97 20 79 28 4 215 60 42 153 22 171 95 82 242 211 144 80 13 156 17 145 1 167 195 149 180 16 24 190 219 18 87 226 88 19 160 71 29 58 50 240 142 51 12 2 9 244 204 43 231 104 176 158 66 114 173 21 212 92 46 30 53 169 197 179 164 69 10 216 89 140 192 251 68 182 74 26 133 113 177 49 105 129 187 193 27 6 15 3 38 147 101 116 245 186 47 196 203 121 157 120 67 31 111 36 163 54 25 56 218 109 61 224 237 93 44 235 70 41 128 210 64 175 63 108 122 107 14 151 91 223 233 152 37 40 227 134 76 55 172 115 34 52 84 98 96 8 148 143 72 45 161 254 206 208 65 229 205 119 162 124 62 81 35 123 155 5 48 102 191 170 159 39 146 228 189 247 112 86 127 138 33 125 90 249 198 201 117 131 213 83 73 136 0 126 168 132 99 77 94 181 100 199 236 137 207 184 255 250 214 221 150 11 165 141 243 238 194 202 253 230 139 135 166 154 252 200 85 217 106 78 225 241 220 178 188 185 248 130 183
110 209 174 103 232 246 234 59 32 239 118 23 222 75 7 57 97 20 79 28 4 215 60 42 153 22 171 95 82 242 211 144 80 13 156 17 145 1 167 195 149 180 16 24 190 219 18 87 226 88 19 160 71 29 58 50 240 142 51 12 2 9 244 204 43 231 104 176 158 66 114 173 21 212 92 46 30 53 169 197 179 164 69 10 216 89 140 192 251 68 182 74 26 133 113 177 49 105 129 187 193 27 6 15 3 38 147 101 116 245 186 47 196 203 121 157 120 67 31 111 36 163 54 25 56 218 109 61 224 237 93 44 235 70 41 128 210 64 175 63 108 122 107 14 151 91 223 233 152 37 40 227 134 76 55 172 115 34 52 84 98 96 8 148 143 72 45 161 254 206 208 65 229 205 119 162 124 62 81 35 123 155 5 48 102 191 170 159 39 146 228 189 247 112 86 127 138 33 125 90 249 198 201 117 131 213 83 214 136 0 126 168 132 99 77 94 181 100 199 236 137 207 184 255 250 73 221 150 11 165 141 243 238 194 202 253 230 139 135 166 154 252 200 85 217 106 78 225 241 220 178 188 185 248 130 183
110 209 174 103 232 246 234 59 32 239 118 23 222 75 7 57 97 20 79 28 4 215 60 42 153 22 171 95 82 242 211 144 80 13 156 17 145 1 167 195 149 180 16 24 190 219 18 87 226 88 19 160 71 29 58 50 240 142 51 12 2 9 244 204 43 231 104 214 158 66 114 173 21 212 92 46 30 53 169 197 179 164 69 10 216 89 140 192 251 68 182 74 26 133 113 177 49 105 129 187 193 27 6 15 3 38 147 101 116 245 186 47 196 203 121 157 120 67 31 111 36 163 54 25 56 218 109 61 224 237 93 44 235 70 41 128 210 64 175 63 108 122 107 14 151 91 223 233 152 37 40 227 134 76 55 172 115 34 52 84 98 96 8 148 143 72 45 161 254 206 208 65 229 205 119 162 124 62 81 35 123 155 5 48 102 191 170 159 39 146 228 189 247 112 86 127 138 33 125 90 249 198 176 117 131 213 83 73 136 0 126 168 132 99 77 94 181 100 199 236 137 207 184 255 250 201 221 150 11 165 141 243 238 194 202 253 230 139 135 166 154 252 200 85 217 106 78 225 241 220 178 188 185 248 130 183
110 209 174 103 232 246 234 59 32 239 118 23 222 75 7 57 97 20 79 28 4 215 60 42 153 22 171 95 113 242 211 144 80 13 156 17 145 1 24 195 149 180 16 169 190 219 18 87 226 88 19 160 71 29 58 50 240 30 51 12 2 9 244 204 43 231 104 176 158 253 114 173 21 212 92 46 142 53 170 197 179 164 69 10 216 78 140 192 73 68 11 74 26 133 82 177 49 105 129 187 193 27 6 163 3 38 147 101 116 245 186 47 196 203 121 157 120 67 31 111 36 15 54 25 56 218 109 61 224 237 93 81 235 70 41 128 210 64 175 63 108 122 107 14 151 91 223 233 152 37 40 227 134 76 55 172 115 34 182 84 98 96 8 148 143 72 45 161 254 206 208 65 229 66 119 162 124 62 44 35 123 155 5 48 102 191 167 159 39 146 228 189 247 112 86 127 138 33 125 90 249 198 201 238 131 213 83 214 136 0 126 168 132 99 77 94 181 100 199 236 137 207 184 255 250 251 221 150 52 165 141 243 117 194 202 205 230 139 135 166 154 252 200 85 217 106 89 225 241 220 178 188 185 248 130 183
110 209 174 103 232 246 234 59 32 239 118 23 222 75 7 57 97 20 79 28 4 215 60 42 153 22 171 95 113 242 211 144 80 13 156 17 145 1 24 195 149 180 16 169 190 219 18 87 226 88 19 160 71 29 58 50 240 30 51 12 2 9 244 204 43 231 104 176 158 253 114 173 21 212 92 46 142 53 170 197 179 164 69 10 216 89 140 192 73 68 11 74 26 133 82 177 49 105 129 187 193 27 6 163 3 38 147 101 116 245 186 47 196 203 121 157 120 67 31 111 36 15 54 25 56 218 109 61 224 237 93 81 235 70 41 128 210 64 175 63 108 122 107 14 151 91 223 233 152 37 40 227 134 76 55 172 115 34 182 84 98 96 8 148 143 72 45 161 254 206 208 65 229 66 119 162 124 62 44 35 123 155 5 48 102 191 167 159 39 146 228 189 247 112 86 127 138 33 125 90 249 198 201 238 131 213 83 214 136 0 126 168 132 99 77 94 181 100 199 236 137 207 184 255 250 251 221 150 52 165 141 243 117 194 202 205 230 139 135 166 154 252 200 85 217 106 78 225 241 220 178 188 185 248 130 183
110 209 174 103 232 246 234 59 32 239 118 23 222 75 7 57 97 20 79 28 4 215 60 42 153 22 171 95 113 242 211 144 80 13 156 17 145 1 167 195 149 180 16 24 190 219 18 87 173 88 19 160 71 29 58 50 240 142 51 12 2 108 244 204 43 231 104 176 158 66 114 226 21 212 92 46 30 53 169 197 179 164 69 10 216 89 140 192 73 68 182 74 26 133 82 177 49 105 129 187 193 27 6 15 3 45 147 101 116 245 186 47 196 203 121 157 120 214 31 111 36 163 54 25 56 218 109 61 224 237 93 81 235 70 41 5 210 64 175 63 9 122 107 14 151 91 223 233 152 37 40 227 208 76 55 172 115 34 52 84 98 96 8 148 143 72 38 161 254 206 134 65 229 205 119 162 124 62 44 35 123 112 128 48 102 191 170 159 39 146 228 189 247 155 86 127 138 33 125 90 249 198 201 238 131 213 83 67 136 0 126 168 132 99 77 94 181 100 199 236 137 165 184 255 250 251 221 150 11 207 141 243 117 194 202 253 230 139 135 166 154 252 200 85 217 106 78 225 241 220 178 188 185 248 130 183
110 209 174 103 232 246 234 59 32 239 118 23 222 75 7 57 97 20 79 28 4 215 60 42 153 22 171 95 113 242 211 144 80 13 156 17 145 1 167 195 149 180 16 24 190 219 18 87 173 88 19 160 71 29 58 50 240 155 51 12 2 108 244 204 43 231 104 176 158 66 114 226 21 212 92 46 30 53 169 197 179 164 69 10 216 89 140 192 73 68 182 74 26 133 82 177 49 105 129 187 193 27 6 15 3 45 147 101 116 245 186 47 196 203 121 157 120 214 31 111 36 163 54 25 56 218 109 61 224 237 93 81 235 70 41 5 210 64 175 63 9 122 107 14 151 91 223 233 152 37 40 227 208 76 55 172 115 34 52 84 98 96 8 148 143 72 38 161 254 206 134 65 229 205 119 162 124 62 44 35 123 112 128 48 102 191 170 159 39 146 228 189 247 142 86 127 138 33 125 90 249 198 201 238 131 213 83 67 136 0 126 168 132 99 77 94 181 100 199 236 137 165 184 255 250 251 221 150 11 207 141 243 117 194 202 253 230 139 135 166 154 252 200 85 217 106 78 225 241 220 178 188 185 248 130 183
110 209 174 103 232 246 234 59 32 239 118 23 222 75 7 57 97 20 79 28 4 215 60 42 153 22 171 95 113 242 211 144 80 13 156 17 145 1 167 195 149 180 16 24 190 219 18 87 226 88 19 160 71 29 58 50 240 30 51 12 2 9 244 204 43 231 104 176 158 66 114 173 21 212 92 46 142 53 169 197 179 164 69 10 216 89 140 192 73 68 11 74 26 133 82 177 49 105 129 187 193 27 6 15 3 38 147 101 116 245 186 47 196 203 121 157 120 67 31 111 36 163 54 25 56 218 109 61 224 237 93 81 235 70 41 128 210 64 175 63 108 122 107 14 151 91 223 233 152 37 40 227 208 76 55 172 115 34 52 84 98 96 8 148 143 72 45 161 254 206 134 65 229 205 119 162 124 62 44 35 123 155 5 48 102 191 170 159 39 146 228 189 247 112 86 127 138 33 125 90 249 198 201 238 131 213 83 214 136 0 126 168 132 99 77 94 181 100 199 236 137 207 184 255 250 251 221 150 182 165 141 243 117 194 202 253 230 139 135 166 154 252 200 85 217 106 78 225 241 220 178 188 185 248 130 183
110 209 174 103 232 246 234 59 32 239 118 23 222 75 7 57 97 20 79 28 4 215 60 42 153 22 171 95 113 242 211 144 80 13 156 17 145 1 167 195 149 180 16 24 190 219 18 87 226 88 19 160 71 29 58 50 240 142 51 12 2 9 244 204 43 231 104 176 158 66 114 173 21 212 92 46 30 53 169 197 179 164 69 10 216 89 140 192 73 68 11 74 26 133 82 177 49 105 129 187 193 27 6 15 3 38 147 101 116 245 186 47 196 203 121 157 120 67 31 111 36 163 54 25 56 218 109 61 224 237 93 81 235 70 41 128 210 64 175 63 108 122 107 14 151 91 223 233 152 37 40 227 208 76 55 172 115 34 52 84 98 96 8 148 143 72 45 161 254 206 134 65 229 205 119 162 124 62 44 35 123 155 5 48 102 191 170 159 39 146 228 189 247 112 86 127 138 33 125 90 249 198 201 238 131 213 83 214 136 0 126 168 132 99 77 94 181 100 199 236 137 207 184 255 250 251 221 150 182 165 141 243 117 194 202 253 230 139 135 166 154 252 200 85 217 106 78 225 241 220 178 188 185 248 130 183
110 209 174 103 232 246 234 59 32 239 118 23 222 75 7 57 97 20 79 28 4 215 60 42 153 22 171 95 113 242 211 144 80 13 156 17 145 1 167 195 149 180 16 24 190 219 18 87 226 88 19 160 71 29 58 50 240 142 51 12 2 9 244 204 43 231 104 176 158 66 114 173 21 212 92 46 30 53 169 197 179 164 69 10 216 89 140 192 73 68 11 74 26 133 82 177 49 105 129 187 193 27 6 15 3 45 147 101 116 245 186 47 196 203 121 157 120 67 31 111 36 163 54 25 56 218 109 61 224 237 93 81 235 70 41 128 210 64 175 63 108 122 107 14 151 91 223 233 152 37 40 227 208 76 55 172 115 34 52 84 98 96 8 148 143 72 38 161 254 206 134 65 229 205 119 162 124 62 44 35 123 112 5 48 102 191 170 159 39 146 228 189 247 155 86 127 138 33 125 90 249 198 201 238 131 213 83 214 136 0 126 168 132 99 77 94 181 100 199 236 137 165 184 255 250 251 221 150 182 207 141 243 117 194 202 253 230 139 135 166 154 252 200 85 217 106 78 225 241 220 178 188 185 248 130 183
110 209 174 103 232 246 234 59 32 239 118 23 222 75 7 57 97 20 79 28 4 215 60 42 153 22 171 95 113 242 211 144 80 13 156 17 145 1 167 195 149 180 16 24 190 219 18 87 226 88 19 160 71 29 58 50 240 142 51 12 2 9 244 204 43 231 104 176 158 66 114 173 21 212 92 46 30 53 169 197 179 164 69 10 216 89 140 192 73 68 11 74 26 133 82 177 49 105 129 187 193 27 6 15 3 45 147 101 116 245 186 47 196 203 121 157 120 67 31 111 36 163 54 25 56 218 109 61 224 237 93 81 235 70 41 128 210 64 175 63 108 122 107 14 151 91 223 233 152 37 40 227 208 76 55 172 115 34 52 84 98 96 8 148 143 72 38 161 254 206 134 65 229 205 119 162 124 62 44 35 123 112 5 48 102 191 170 159 39 146 228 189 247 155 86 127 138 33 125 90 249 198 201 238 131 213 83 214 136 0 126 168 132 99 77 94 181 100 199 236 137 207 184 255 250 251 221 150 182 165 141 243 117 194 202 253 230 139 135 166 154 252 200 85 217 106 78 225 241 220 178 188 185 248 130 183
110 209 174 103 232 246 234 59 32 239 118 23 222 75 7 57 97 20 79 28 4 215 60 42 153 22 171 95 113 242 211 144 80 13 156 17 145 1 167 195 149 180 16 24 190 219 18 87 226 88 19 160 71 29 58 50 240 142 51 12 2 9 244 204 43 231 104 176 158 66 114 173 21 212 92 46 30 53 169 197 179 164 69 10 216 89 140 192 73 68 11 74 26 133 82 177 49 105 129 187 193 27 6 15 3 45 147 101 116 245 186 47 196 203 121 157 120 67 31 111 36 163 54 25 56 218 109 61 224 237 93 81 235 70 41 128 210 64 175 63 108 122 107 14 151 91 223 233 152 37 40 227 208 76 55 172 115 34 52 84 98 96 8 148 143 72 38 161 254 206 134 65 229 205 119 162 124 62 44 35 123 155 5 48 102 191 170 159 39 146 228 189 247 112 86 127 138 33 125 90 249 198 201 238 131 213 83 214 136 0 126 168 132 99 77 94 181 100 199 236 137 207 184 255 250 251 221 150 182 165 141 243 117 194 202 253 230 139 135 166 154 252 200 85 217 106 78 225 241 220 178 188 185 248 130 183
110 209 174 103 232 246 234 59 32 239 118 23 222 75 7 57 97 20 79 28 4 215 60 42 153 22 171 95 113 242 211 144 80 13 156 17 145 1 167 195 149 180 16 24 190 219 18 87 226 88 19 160 71 29 58 50 240 142 51 12 2 9 244 204 43 231 104 176 158 66 114 173 21 212 92 46 30 53 169 197 179 164 69 10 216 89 140 192 73 68 11 74 26 133 82 177 49 105 129 187 193 27 6 15 3 45 147 101 116 245 186 47 196 203 121 157 120 67 31 111 36 163 54 25 56 218 109 61 224 237 93 81 235 70 41 128 210 64 175 63 108 122 107 14 151 91 223 233 152 37 40 227 208 76 55 172 115 34 185 84 98 96 8 148 143 72 38 161 254 206 134 65 229 205 119 162 124 62 44 35 123 112 5 48 102 191 170 159 39 146 228 189 247 155 86 127 138 33 125 90 249 198 201 238 131 213 83 214 136 0 126 168 132 99 77 94 181 100 199 236 137 165 184 255 250 251 221 150 182 207 141 243 117 194 202 253 230 139 135 166 154 252 200 85 217 106 78 225 241 220 178 188 52 248 130 183
110 209 174 103 232 246 234 59 32 239 118 23 222 75 7 57 97 20 79 28 4 215 60 42 153 22 171 95 113 242 211 144 80 13 156 17 145 1 167 195 149 180 16 24 190 219 18 87 226 88 19 160 71 29 58 50 240 142 51 12 2 9 244 204 43 231 104 176 158 253 114 173 21 212 92 46 30 53 169 197 179 164 69 10 216 89 140 192 66 68 11 74 26 133 82 177 49 105 129 187 193 27 6 163 3 38 147 101 116 245 186 47 196 203 121 157 120 67 31 111 36 15 54 25 56 218 109 61 224 237 93 81 235 70 41 128 210 64 175 63 108 122 107 14 151 91 223 233 152 37 40 227 134 76 55 172 115 34 52 84 98 96 8 148 143 72 45 161 254 206 208 65 229 205 119 162 124 62 44 35 123 112 5 48 102 191 170 159 39 146 228 189 247 155 86 127 138 33 125 90 249 198 201 238 131 213 83 214 136 0 126 168 132 99 77 94 181 100 199 236 137 207 184 255 250 251 221 150 182 165 141 243 117 194 202 73 230 139 135 166 154 252 200 85 217 106 78 225 241 220 178 188 185 248 130 183
116 180 174 103 232 246 234 59 32 239 118 23 63 75 7 57 97 20 79 28 4 215 60 42 153 22 171 95 113 242 211 144 80 13 156 17 145 1 167 195 149 209 110 24 190 219 18 87 226 88 19 160 71 29 58 50 240 142 51 12 2 9 244 204 43 231 104 205 158 66 114 173 21 212 92 46 30 53 169 197 179 164 69 10 216 89 140 192 47 68 11 74 26 133 82 177 49 105 129 187 193 27 6 163 3 52 147 101 165 245 186 38 196 203 121 157 120 67 31 111 36 15 54 25 56 218 109 61 224 237 93 81 235 70 41 128 210 64 175 222 108 122 107 14 151 91 223 233 152 37 40 227 16 76 55 172 115 34 252 84 86 96 8 148 143 72 45 161 254 206 208 65 229 176 119 162 124 62 44 35 123 155 5 48 102 191 170 159 39 146 228 189 247 112 98 127 138 33 125 90 249 198 201 238 131 213 83 73 136 0 126 168 132 99 77 94 181 100 199 236 137 207 184 255 250 251 221 150 182 134 141 243 117 194 202 253 230 139 135 166 154 214 200 85 217 106 78 225 241 220 178 188 185 248 130 183
116 209 89 103 232 246 234 59 32 239 118 23 222 75 7 57 97 20 79 28 4 215 60 2 153 22 186 95 113 242 211 144 80 13 156 17 206 1 167 44 149 180 16 24 190 219 18 87 117 88 19 160 71 29 58 50 240 142 51 12 42 9 244 204 43 231 104 176 158 73 114 228 21 212 151 46 30 53 169 197 179 164 69 10 216 139 140 192 66 68 11 74 26 133 82 177 49 105 129 187 193 27 6 163 3 38 147 101 165 245 171 47 196 76 121 157 120 214 31 111 152 15 54 25 56 218 109 61 65 237 93 81 235 70 41 128 210 64 175 63 108 122 107 14 92 91 223 233 36 37 40 227 110 134 55 172 115 34 52 84 98 96 8 148 143 72 45 161 254 145 208 224 229 205 119 162 124 62 195 35 123 155 5 48 102 191 170 159 39 146 173 189 247 112 86 127 138 33 125 90 249 198 201 238 168 213 83 67 136 0 126 131 132 99 77 94 181 100 199 236 137 207 184 255 250 251 221 150 182 203 141 243 226 194 202 253 230 174 135 166 154 252 200 85 217 106 78 225 241 220 178 188 185 248 130 183
116 209 89 103 232 246 234 59 32 239 118 23 222 75 7 57 97 20 79 28 4 215 60 2 153 22 186 95 113 242 211 144 80 13 156 17 206 1 167 44 149 180 16 24 190 219 18 87 226 88 19 160 71 29 58 50 240 142 51 12 42 9 244 204 43 231 104 176 158 73 114 228 21 212 151 46 30 53 169 197 179 164 69 10 216 139 140 192 66 68 11 74 26 133 82 177 49 105 129 187 193 27 6 163 3 38 147 101 165 245 171 47 196 76 121 157 120 214 31 111 152 15 54 25 56 218 109 61 65 237 93 81 235 70 41 128 210 64 175 63 108 122 107 14 92 91 223 233 36 37 40 227 110 134 55 172 115 34 52 84 98 96 8 148 143 72 45 161 254 145 208 224 229 205 119 162 124 62 195 35 123 155 5 48 102 191 170 159 39 146 173 189 247 112 86 127 138 33 125 90 249 198 201 238 168 213 83 67 136 0 126 131 132 99 77 94 181 100 199 236 137 207 184 255 250 251 221 150 182 203 141 243 117 194 202 253 230 174 135 166 154 252 200 85 217 106 78 225 241 220 178 188 185 248 130 183
116 209 174 103 59 246 234 163 32 239 118 23 222 75 7 57 97 20 79 28 4 215 60 42 153 22 171 219 43 242 211 144 80 13 156 175 145 1 167 195 149 180 16 24 190 95 18 87 226 88 19 160 71 29 58 50 240 142 51 12 2 9 244 204 113 231 104 176 158 73 114 173 21 212 92 46 30 53 169 197 179 164 243 10 216 89 140 192 66 68 11 74 26 133 82 177 49 105 129 187 193 27 6 232 3 38 147 101 165 245 186 47 196 203 121 157 120 67 17 111 36 15 54 25 56 218 109 61 224 237 93 81 235 70 41 128 210 64 31 63 108 122 107 14 151 91 223 233 152 37 40 227 134 76 55 172 115 34 52 84 98 96 8 148 143 72 45 161 254 206 208 65 229 205 119 162 124 62 44 181 123 155 5 48 102 191 170 159 39 146 228 189 247 112 86 127 138 33 125 90 249 198 201 238 131 213 83 214 136 0 110 168 132 99 77 94 35 100 199 236 137 207 184 126 250 251 221 150 182 255 141 69 117 194 202 253 230 139 135 166 154 252 200 85 217 106 78 225 241 220 178 188 185 248 130 183
116 209 174 103 74 246 234 59 32 239 118 23 222 75 7 57 97 20 79 28 4 215 60 42 153 22 171 61 250 242 211 144 161 13 156 17 145 1 167 195 149 180 16 24 190 219 18 87 226 88 19 160 71 29 58 50 240 142 51 12 2 9 244 204 43 231 104 232 158 73 114 173 21 212 92 46 30 53 169 197 179 164 80 10 216 89 140 192 66 68 11 129 26 133 82 177 49 105 176 187 193 27 6 163 3 38 147 101 112 230 186 47 196 203 121 157 120 67 31 111 36 15 54 25 56 218 109 95 224 237 93 81 235 70 41 128 210 64 175 63 0 122 107 14 151 91 223 233 152 37 40 227 134 76 55 172 115 34 52 84 98 96 8 148 143 72 45 139 254 206 208 65 229 205 245 162 124 62 44 35 123 155 5 48 102 191 170 159 39 146 228 189 247 110 86 127 138 33 125 90 249 198 201 238 131 213 83 214 136 108 126 168 132 99 77 94 181 100 199 236 137 207 184 255 113 251 221 150 182 165 141 243 117 194 202 253 119 69 135 166 154 252 200 85 217 106 78 225 241 220 178 188 185 248 130 183
116 209 174 103 74 246 234 59 32 239 118 23 222 75 7 57 97 20 79 28 4 215 60 42 153 22 171 61 250 242 211 144 161 13 156 17 145 1 167 195 149 180 16 24 190 219 18 87 226 88 19 160 71 29 58 50 240 142 51 12 2 9 244 204 43 231 104 232 158 73 114 173 21 212 92 46 30 224 169 197 179 164 80 10 216 89 140 192 66 68 11 129 26 133 82 177 49 105 176 187 193 27 6 163 3 38 147 101 112 230 186 47 196 203 121 157 120 67 31 111 36 15 54 25 56 218 109 95 53 237 93 81 235 70 41 128 210 64 175 63 0 122 107 14 151 91 223 233 152 37 40 227 134 76 55 172 115 34 52 84 98 96 8 148 143 72 45 139 254 206 208 65 229 205 245 162 124 62 44 35 123 155 5 48 102 191 170 159 39 146 228 189 247 110 86 127 138 33 125 90 249 198 201 238 131 213 83 214 136 108 126 168 132 99 77 94 181 100 199 236 137 207 184 255 113 251 221 150 182 165 141 243 117 194 202 253 119 69 135 166 154 252 200 85 217 106 78 225 241 220 178 188 185 248 130 183
116 209 174 103 232 21 234 59 32 239 118 23 222 75 7 57 97 20 79 28 4 215 60 42 153 22 171 95 113 242 211 144 80 13 156 17 145 1 167 195 149 180 16 24 190 219 18 87 226 88 19 160 71 29 58 50 240 142 51 12 2 9 244 204 43 231 104 176 158 73 114 173 151 212 92 46 30 53 169 197 179 164 69 10 216 89 140 192 66 39 11 74 26 133 82 177 49 105 129 187 193 27 224 163 3 38 147 101 112 245 186 47 52 203 121 157 120 67 31 111 36 15 54 25 56 218 109 61 6 237 93 81 235 70 41 128 210 64 175 63 108 122 107 14 246 91 223 233 152 37 40 227 134 76 254 172 115 34 200 84 98 96 8 148 143 72 45 161 55 206 208 65 229 205 119 162 124 62 44 35 123 155 5 48 102 191 170 159 68 146 228 189 247 110 86 127 138 33 125 90 249 198 201 238 131 213 83 214 136 0 126 168 132 99 77 94 181 221 199 236 137 207 184 255 250 251 100 150 182 165 141 243 117 194 202 253 230 139 135 166 154 252 196 85 217 106 78 225 241 220 178 188 185 248 130 183
116 209 174 103 232 154 234 59 32 239 39 23 222 88 7 57 97 20 79 28 4 215 60 42 138 22 171 95 113 242 211 144 80 13 156 17 145 1 167 195 149 180 16 24 190 219 18 87 226 75 19 160 71 29 58 50 240 142 51 12 2 9 244 204 43 231 104 176 158 66 114 173 21 212 92 46 30 53 169 197 179 164 69 10 216 89 140 192 251 68 182 74 26 133 82 177 49 105 129 187 193 27 6 163 3 38 147 101 165 245 11 47 196 203 121 157 120 67 31 111 36 15 54 25 56 218 109 61 224 237 93 81 235 70 41 128 210 64 175 63 108 122 107 14 151 91 223 233 52 37 40 227 110 76 55 172 115 34 134 84 98 96 8 148 143 72 45 161 254 206 208 65 229 205 119 162 124 62 44 35 123 155 5 48 102 191 170 159 118 146 228 189 247 112 86 127 186 33 125 90 249 198 201 238 131 213 83 73 136 0 126 168 132 99 77 94 181 100 199 236 137 207 184 255 250 214 221 150 152 153 141 243 117 194 202 253 230 139 135 166 246 252 200 85 217 106 78 225 241 220 178 188 185 248 130 183
116 209 174 103 232 154 234 59 32 239 39 23 222 88 7 57 97 20 79 28 4 215 60 42 138 22 171 95 113 242 211 144 80 13 156 17 145 1 167 195 149 180 16 24 190 219 18 87 226 75 19 160 71 29 58 50 240 142 51 12 2 9 244 204 201 231 104 176 158 66 114 173 21 212 92 46 30 53 169 197 179 164 69 10 216 89 140 192 251 68 182 74 26 133 82 177 49 105 129 187 193 27 6 163 3 38 147 101 165 245 11 47 196 203 121 157 120 67 31 111 36 15 54 25 56 218 109 61 224 237 93 81 235 70 41 128 210 64 175 63 108 122 107 14 151 91 223 233 52 37 40 227 110 76 55 172 115 34 134 84 98 96 8 148 143 72 45 161 254 206 208 65 229 205 119 162 124 62 44 35 123 155 5 48 102 191 170 159 118 146 228 189 247 112 86 127 186 33 125 90 249 198 43 238 131 213 83 73 136 0 126 168 132 99 77 94 181 100 199 236 137 207 184 255 250 214 221 150 152 153 141 243 117 194 202 253 230 139 135 166 246 252 200 85 217 106 78 225 241 220 178 188 185 248 130 183
116 209 174 103 232 154 234 59 32 239 39 23 222 88 7 57 97 20 79 28 4 215 60 42 153 22 171 95 113 242 211 144 80 13 156 17 145 1 167 195 149 180 16 24 190 219 18 87 226 75 19 160 71 29 58 50 240 142 51 12 2 9 244 204 201 231 104 176 158 66 114 173 21 212 92 46 30 53 169 197 179 164 69 10 216 89 140 192 251 68 182 74 26 133 82 177 49 105 129 187 193 27 6 163 3 38 147 101 165 245 11 47 196 203 121 157 120 67 31 111 36 15 54 25 56 218 109 61 224 237 93 81 235 70 41 128 210 64 175 63 108 122 107 14 151 91 223 233 52 37 40 227 110 76 55 172 115 34 134 84 98 96 8 148 143 72 45 161 254 206 208 65 229 205 119 162 124 62 44 35 123 155 5 48 102 191 170 159 118 146 228 189 247 112 86 127 138 33 125 90 249 198 43 238 131 213 83 73 136 0 126 168 132 99 77 94 181 100 199 236 137 207 184 255 250 214 221 150 152 186 141 243 117 194 202 253 230 139 135 166 246 252 200 85 217 106 78 225 241 220 178 188 185 248 130 183
116 209 174 103 232 191 182 59 32 239 118 23 222 75 7 229 97 20 79 28 25 215 60 42 153 22 171 95 113 242 3 144 80 13 156 17 145 1 167 195 149 180 16 24 190 219 18 87 226 88 19 160 71 29 58 50 240 142 51 12 2 128 244 204 43 231 104 223 158 73 176 173 21 212 92 46 30 53 169 197 179 164 69 10 216 89 140 192 66 68 11 74 26 133 82 177 49 105 129 187 193 27 236 163 211 38 147 101 165 245 186 47 196 203 121 157 120 67 31 111 36 15 54 4 56 218 109 61 224 237 93 81 235 70 41 9 210 64 175 63 108 122 107 14 151 91 114 233 152 37 40 227 134 76 55 172 115 34 52 84 98 96 8 148 143 72 45 161 254 206 208 65 57 205 119 162 124 62 44 35 123 155 5 48 102 110 90 159 39 146 228 189 247 112 86 127 138 33 139 170 249 198 201 238 131 213 83 214 136 0 126 168 132 99 77 94 181 100 199 6 137 207 184 255 250 251 221 150 234 246 141 243 117 194 202 253 230 125 135 166 154 252 200 85 217 106 78 225 241 220 178 188 185 248 130 183
116 209 174 103 232 191 182 59 32 239 118 23 222 75 7 229 97 20 79 28 25 215 60 42 153 22 171 95 113 242 211 144 80 13 156 17 145 1 167 195 149 180 16 24 190 219 18 87 226 88 19 160 71 29 58 50 240 142 51 12 2 128 244 204 43 231 104 223 158 73 114 173 21 212 92 46 30 53 169 197 179 164 69 10 216 89 140 192 66 68 11 74 26 133 82 177 49 105 129 187 193 27 236 163 3 38 147 101 165 245 186 47 196 203 121 157 120 67 31 111 36 15 54 4 56 218 109 61 224 237 93 81 235 70 41 9 210 64 175 63 108 122 107 14 151 91 176 233 152 37 40 227 134 76 55 172 115 34 52 84 98 96 8 148 143 72 45 161 254 206 208 65 57 205 119 162 124 62 44 35 123 155 5 48 102 110 90 159 39 146 228 189 247 112 86 127 138 33 139 170 249 198 201 238 131 213 83 214 136 0 126 168 132 99 77 94 181 100 199 6 137 207 184 255 250 251 221 150 234 246 141 243 117 194 202 253 230 125 135 166 154 252 200 85 217 106 78 225 241 220 178 188 185 248 130 183
116 209 174 103 232 197 234 59 32 239 118 23 222 75 7 57 97 20 79 28 4 215 21 42 153 22 171 95 113 101 211 144 80 13 156 17 145 1 167 195 149 180 16 24 190 219 18 87 226 88 19 160 71 29 58 50 240 142 51 136 2 9 244 204 43 231 104 176 158 73 114 173 60 212 92 46 30 53 169 246 179 164 69 10 216 89 140 192 66 68 11 74 26 133 82 177 49 105 129 187 193 27 6 163 3 38 147 242 112 245 186 47 52 203 121 157 120 67 31 111 36 15 54 25 56 218 109 61 224 237 93 81 235 70 41 128 210 64 175 63 108 122 107 14 151 91 223 233 152 37 40 227 134 76 55 172 115 34 200 84 98 96 8 148 143 72 45 161 254 206 208 65 229 205 119 162 124 62 44 35 123 155 5 48 102 191 170 159 39 146 228 189 247 110 86 127 138 33 125 90 249 198 201 238 131 213 83 214 12 0 126 168 132 99 77 94 181 100 199 236 137 207 184 255 250 251 221 150 182 165 141 243 117 194 202 253 230 139 135 166 154 252 196 85 217 106 78 225 241 220 178 188 185 248 130 183
116 209 174 103 232 197 234 59 32 239 118 23 222 75 7 57 97 20 79 28 4 215 21 42 153 22 171 95 113 242 211 144 80 13 156 17 145 1 167 195 149 180 16 24 190 219 18 87 226 88 19 160 71 29 58 50 240 142 51 136 2 9 244 204 43 231 104 176 158 73 114 173 60 212 92 46 30 53 169 246 179 164 69 10 216 89 140 192 66 68 11 74 26 133 82 177 49 105 129 187 193 27 6 163 3 38 147 101 112 245 186 47 52 203 121 157 120 67 31 111 36 15 54 25 56 218 109 61 224 237 93 81 235 70 41 128 210 64 175 63 108 122 107 14 151 91 223 233 152 37 40 227 134 76 55 172 115 34 200 84 98 96 8 148 143 72 45 161 254 206 208 65 229 205 119 162 124 62 44 35 123 155 5 48 102 191 170 159 39 146 228 189 247 110 86 127 138 33 125 90 249 198 201 238 131 213 83 214 12 0 126 168 132 99 77 94 181 100 199 236 137 207 184 255 250 251 221 150 182 165 141 243 117 194 202 253 230 139 135 166 154 252 196 85 217 106 78 225 241 220 178 188 185 248 130 183
116 209 174 103 232 230 234 59 32 239 118 23 222 75 7 57 97 20 79 28 4 215 60 42 153 22 171 95 113 242 211 144 80 13 163 17 145 1 167 195 149 180 16 24 190 219 18 87 226 88 19 160 71 29 58 50 240 142 51 12 2 9 244 204 43 231 104 114 158 73 176 173 21 212 92 46 30 53 169 197 179 164 69 10 216 89 140 192 66 68 11 74 26 133 82 177 49 105 129 187 193 27 224 156 3 38 147 101 112 245 186 47 52 203 121 157 120 67 31 111 36 15 54 25 56 218 109 61 6 237 93 81 235 70 41 128 210 64 175 63 108 122 107 14 151 91 223 233 152 37 40 227 134 76 55 172 115 34 200 84 98 96 8 148 143 72 45 161 254 206 208 65 229 205 119 162 124 62 44 35 123 155 5 48 102 191 170 159 39 146 228 189 247 110 86 127 138 33 125 90 249 198 201 238 131 213 83 214 136 0 126 168 132 99 77 94 181 100 199 236 137 207 184 255 250 251 221 150 182 165 141 243 117 194 202 253 246 139 135 166 154 252 196 85 217 106 78 225 241 220 178 188 185 248 130 183
116 209 174 103 232 246 9 59 32 239 118 23 63 75 7 57 97 20 214 28 4 215 60 42 153 22 171 95 218 242 211 144 80 13 156 17 145 1 167 195 149 180 16 24 190 113 18 87 226 88 19 160 71 29 58 50 240 142 51 12 2 108 244 204 43 231 104 176 158 66 114 38 21 212 92 46 30 53 169 197 179 164 69 10 216 89 140 192 173 68 11 74 26 133 82 177 49 105 129 187 193 27 6 163 3 52 147 101 165 245 186 47 196 203 121 157 120 67 31 111 36 15 54 25 56 219 109 61 224 237 93 81 235 70 41 128 210 64 175 222 234 122 107 14 151 91 223 233 152 37 40 227 110 76 55 172 115 34 252 84 98 96 8 148 143 72 45 161 254 206 208 65 229 205 119 162 124 62 44 35 123 155 5 48 102 191 170 159 39 146 228 189 247 112 86 127 138 33 125 213 249 198 201 238 131 90 83 73 136 0 126 168 132 99 77 94 181 100 199 236 137 207 184 255 250 251 253 150 182 134 141 243 117 194 202 221 230 139 135 166 154 79 200 85 217 106 78 225 241 220 178 188 185 248 130 183
116 209 174 103 232 246 65 59 32 239 118 23 222 75 7 57 97 20 79 28 4 215 60 42 153 22 171 95 113 242 211 144 80 13 156 17 145 1 167 195 149 180 16 24 190 219 18 87 226 88 19 160 71 29 58 50 240 142 51 12 2 9 244 204 43 231 104 176 158 73 114 173 21 212 92 46 30 191 169 197 179 164 69 10 216 89 140 192 66 68 11 74 26 133 82 177 49 105 128 187 193 27 6 163 3 38 147 101 112 245 186 47 196 203 121 157 120 67 31 111 36 15 54 25 56 218 109 61 224 237 93 81 235 70 41 129 210 64 175 63 108 122 107 14 151 91 223 233 152 37 40 227 134 76 55 172 115 34 182 84 98 96 8 148 143 72 45 161 254 206 208 234 229 205 119 162 124 62 44 35 123 155 5 48 102 53 170 159 39 146 228 189 247 110 86 127 138 33 125 90 249 198 201 238 131 213 83 214 136 0 126 168 132 99 77 94 181 100 199 236 137 207 184 255 250 251 221 150 52 165 141 243 117 194 202 253 230 139 135 166 154 252 200 85 217 106 78 225 241 220 178 188 185 248 130 183
116 209 174 103 232 246 211 59 32 239 118 23 222 75 7 57 97 20 79 28 4 215 60 42 153 22 171 95 113 242 109 144 80 13 156 17 145 1 167 195 149 180 16 24 249 219 18 87 226 88 19 160 71 29 58 50 240 142 51 12 2 9 244 204 43 38 104 176 158 66 114 173 21 212 92 46 30 53 169 197 179 164 69 10 216 89 140 192 251 68 11 74 26 133 82 177 49 105 129 187 193 27 6 163 3 231 147 101 165 245 186 47 196 203 121 157 120 67 31 111 36 15 54 25 56 218 234 61 224 237 93 81 235 70 41 128 210 64 175 63 108 122 107 14 151 91 223 233 152 37 40 227 110 76 55 172 115 34 52 84 98 96 8 148 143 72 45 161 254 206 208 65 229 205 119 162 124 62 44 35 123 155 5 48 102 191 170 159 39 146 228 189 247 112 86 127 138 33 125 90 190 198 201 238 131 213 83 73 136 0 126 168 132 99 77 94 181 100 199 236 137 207 184 255 250 214 221 150 182 134 141 243 117 194 202 253 230 139 135 166 154 252 200 85 217 106 78 225 241 220 178 188 185 248 130 183
116 209 174 103 232 246 211 59 32 239 118 23 222 75 7 57 97 20 79 28 4 215 60 42 153 22 171 95 113 242 234 144 80 13 156 17 145 1 167 195 149 180 16 24 190 219 18 87 226 88 19 160 71 29 58 50 240 142 51 12 2 9 244 204 43 38 104 176 158 66 114 173 21 212 92 46 30 53 169 197 179 164 69 10 216 89 140 192 251 68 11 74 26 133 82 177 49 105 129 187 193 27 6 163 3 231 147 101 165 245 186 47 196 203 121 157 120 67 31 111 36 15 54 25 56 218 109 61 224 237 93 81 235 70 41 128 210 64 175 63 108 122 107 14 151 91 223 233 152 37 40 227 110 76 55 172 115 34 52 84 98 96 8 148 143 72 45 161 254 206 208 65 229 205 119 162 124 62 44 35 123 155 5 48 102 191 170 159 39 146 228 189 247 112 86 127 138 33 125 90 249 198 201 238 131 213 83 73 136 0 126 168 132 99 77 94 181 100 199 236 137 207 184 255 250 214 221 150 182 134 141 243 117 194 202 253 230 139 135 166 154 252 200 85 217 106 78 225 241 220 178 188 185 248 130 183
116 209 174 103 232 246 211 59 32 239 118 23 222 75 7 57 97 20 79 28 4 215 69 42 153 22 171 95 113 242 109 144 80 13 156 17 145 1 167 195 149 180 16 24 249 219 18 87 226 88 19 160 71 29 58 50 240 142 51 12 148 9 244 204 43 38 104 176 158 66 114 173 21 212 92 46 30 53 169 197 179 164 60 10 216 89 140 192 251 68 11 74 26 133 82 177 49 105 129 187 193 27 6 163 3 231 147 101 165 245 186 47 196 203 121 157 120 67 31 111 36 15 54 25 56 218 234 61 224 237 93 81 235 70 41 128 210 64 175 63 108 122 107 14 151 91 223 233 152 37 40 227 110 76 55 172 115 34 52 84 98 96 8 2 143 72 45 161 254 206 208 65 229 205 119 162 124 62 44 35 123 155 5 48 102 191 170 159 39 146 228 189 247 112 86 127 138 33 125 90 190 198 201 238 131 213 83 73 136 0 126 168 132 99 77 94 181 100 199 236 137 207 184 255 250 214 221 150 182 134 141 243 117 194 202 253 230 139 135 166 154 252 200 85 217 106 78 225 241 220 178 188 185 248 130 183
116 209 174 103 232 246 234 51 24 239 118 23 222 75 7 57 97 20 79 192 4 215 60 42 153 22 171 95 113 242 211 144 80 13 156 17 145 1 167 195 149 180 16 32 249 219 18 87 226 88 19 160 26 29 58 50 240 142 248 12 2 9 244 204 43 231 104 176 158 66 114 173 21 212 92 46 71 53 186 197 179 164 69 10 216 89 140 28 38 68 11 74 30 133 82 177 49 105 129 187 193 27 6 163 3 52 147 101 165 245 169 47 196 203 121 157 120 67 31 111 36 15 54 25 56 218 109 61 224 237 93 81 235 70 41 128 210 64 175 63 108 122 107 14 151 91 223 233 152 37 40 227 110 76 55 172 115 34 73 84 98 96 8 148 143 72 45 161 254 206 208 65 229 205 119 162 124 62 44 35 123 155 5 48 102 191 170 159 39 146 228 189 247 112 86 127 138 33 125 90 190 198 201 238 131 213 83 214 136 0 126 168 132 99 77 94 181 100 199 236 137 207 184 255 250 251 221 150 182 134 141 243 117 194 202 253 230 139 135 166 154 252 200 85 217 106 78 225 241 220 178 188 185 59 130 183
116 209 174 103 232 246 234 51 24 239 118 23 222 75 7 57 97 20 79 192 4 215 60 42 153 22 171 95 113 242 211 144 80 13 156 17 145 1 167 195 149 180 16 32 249 219 18 87 226 88 19 160 26 29 58 50 240 142 248 12 2 9 244 204 43 231 104 176 158 66 114 173 21 212 92 46 71 53 186 197 179 164 69 10 216 89 140 28 38 68 11 74 30 133 82 177 49 105 129 187 193 27 6 163 3 52 147 101 165 245 169 47 196 203 121 157 120 67 31 111 36 15 54 25 56 218 109 61 224 237 93 81 235 70 41 128 210 64 175 63 108 122 107 14 151 91 223 233 152 37 40 227 110 76 55 172 115 34 73 84 98 96 8 148 143 72 130 161 254 206 208 65 229 205 119 162 124 62 44 35 123 155 5 48 102 191 170 159 39 146 228 189 247 112 86 127 138 33 125 90 190 198 201 238 131 213 83 214 136 0 126 168 132 99 77 94 181 100 199 236 137 207 184 255 250 251 221 150 182 134 141 243 117 194 202 253 230 139 135 166 154 252 200 85 217 106 78 225 241 220 178 188 185 59 45 183
116 209 174 103 232 246 234 51 24 239 118 23 222 75 7 57 97 20 79 192 4 215 60 42 153 22 171 95 113 242 211 144 80 13 156 17 145 1 167 195 149 180 16 32 249 219 18 87 226 88 19 160 26 29 58 50 240 142 248 12 2 9 244 204 43 231 104 176 158 66 114 173 21 212 92 46 71 53 186 197 179 164 69 10 216 89 140 28 38 68 11 74 30 133 177 82 49 105 129 187 193 27 6 163 3 52 147 101 165 245 169 47 196 203 121 157 120 67 31 111 36 15 54 25 56 218 109 61 224 237 93 81 235 70 41 128 210 64 175 63 108 122 107 14 151 91 223 233 152 37 40 227 110 76 55 172 115 34 73 84 98 96 8 148 143 72 130 161 254 206 208 65 229 205 119 162 124 62 44 35 123 155 5 48 102 191 170 159 39 146 228 189 247 112 86 127 138 33 125 90 190 198 201 238 131 132 83 214 136 0 126 168 213 99 77 94 181 100 199 236 137 207 184 255 250 251 221 150 182 134 141 243 117 194 202 253 230 139 135 166 154 252 200 85 217 106 78 225 241 220 178 188 185 59 45 183
116 209 174 103 232 246 234 51 24 239 118 23 222 75 7 57 97 20 79 192 4 215 60 42 153 22 171 95 113 242 211 144 80 13 156 17 145 1 167 195 149 180 16 32 249 219 18 87 226 88 19 160 26 29 58 50 240 142 248 12 2 9 244 204 43 231 104 176 158 66 114 173 21 212 92 46 71 53 186 197 179 164 69 10 216 89 140 28 38 68 11 74 30 133 177 82 49 105 129 187 193 27 6 163 3 52 147 101 165 245 169 47 196 203 121 157 120 67 31 111 36 15 54 25 56 218 109 61 224 237 93 81 235 70 41 128 210 64 175 63 108 122 107 14 151 91 223 233 152 37 40 227 110 76 55 172 115 34 73 84 98 96 8 148 143 72 130 161 254 206 208 65 229 205 119 162 124 62 44 35 123 155 5 48 102 191 170 159 39 146 228 189 247 112 86 127 138 33 125 90 190 198 201 238 131 213 83 214 136 0 126 168 132 99 77 94 181 100 199 236 137 207 184 255 250 251 221 150 182 134 141 243 117 194 202 253 230 139 135 166 154 252 200 85 217 106 78 225 241 220 178 188 185 59 45 183
116 209 174 103 232 246 234 59 21 239 118 23 222 75 7 57 97 20 79 28 4 215 60 42 153 22 171 95 113 242 211 144 80 13 156 17 145 1 167 195 149 180 16 24 190 219 18 87 226 88 19 160 71 29 58 50 240 142 51 12 2 9 244 204 43 231 104 176 158 253 114 173 196 212 92 46 30 53 169 197 179 164 69 10 216 89 140 192 66 68 11 74 26 133 82 177 49 105 129 187 193 27 6 163 3 38 147 101 112 245 186 47 32 203 121 157 120 67 31 111 36 15 54 25 56 218 109 61 224 237 93 81 235 70 41 128 110 64 175 63 108 122 107 14 151 91 223 233 152 37 40 227 134 76 55 172 115 34 52 84 98 96 8 148 143 72 45 161 254 206 208 65 229 205 119 162 124 62 44 35 123 155 5 48 102 191 170 159 39 146 228 189 247 210 86 127 138 33 125 90 249 198 201 238 131 213 83 214 136 0 126 168 132 99 77 94 181 100 199 236 137 207 184 255 250 251 221 150 182 165 141 243 117 194 202 73 230 139 135 166 154 252 200 85 217 106 78 225 241 220 178 188 185 248 130 183
116 209 174 103 232 246 234 59 21 239 118 23 222 75 7 57 97 20 79 28 4 215 60 42 153 22 171 95 113 242 211 144 80 13 156 17 145 1 167 195 149 180 16 24 190 219 18 87 226 88 19 160 71 29 58 50 240 142 51 12 2 9 244 204 43 231 104 176 158 253 114 173 216 212 92 46 30 53 169 197 179 164 69 10 196 89 140 192 66 68 11 74 26 133 82 177 49 105 129 187 193 27 6 163 3 38 147 101 112 245 186 47 32 203 121 157 120 67 31 111 36 15 54 25 56 218 109 61 224 237 93 81 235 70 41 128 110 64 175 63 108 122 107 14 151 91 223 233 152 37 40 227 134 76 55 172 115 34 52 84 98 96 8 148 143 72 45 161 254 206 208 65 229 205 119 162 124 62 44 35 123 155 5 48 102 191 170 159 39 146 228 189 247 210 86 127 138 33 125 90 249 198 201 238 131 213 83 214 136 0 126 168 132 99 77 94 181 100 199 236 137 207 184 255 250 251 221 150 182 165 141 243 117 194 202 73 230 139 135 166 154 252 200 85 217 106 78 225 241 220 178 188 185 248 130 183
116 209 174 103 232 246 234 59 24 239 118 23 222 75 7 57 97 20 79 28 4 215 60 42 153 22 171 95 113 242 211 144 80 13 156 17 145 1 167 195 149 180 16 32 190 219 18 87 131 39 19 160 71 29 58 50 240 142 51 12 2 9 244 204 43 231 104 176 158 66 114 173 21 212 92 46 30 53 169 197 179 164 69 10 216 89 140 192 73 68 11 74 26 133 82 177 49 105 129 187 193 27 6 163 3 38 147 101 110 245 186 47 196 203 121 157 120 67 31 111 36 15 54 25 56 218 109 61 224 237 93 81 235 70 41 128 210 64 175 63 108 122 107 14 151 91 223 233 152 37 40 227 134 76 55 172 115 34 52 84 98 96 8 148 143 72 45 161 254 206 208 65 229 205 119 162 124 62 44 35 123 155 5 48 102 191 170 159 88 146 228 189 247 112 86 127 138 33 125 90 249 198 201 238 253 213 83 214 136 0 126 168 132 99 77 94 181 100 199 236 137 207 184 255 250 251 221 150 182 165 141 243 117 194 202 226 230 139 135 166 154 252 200 85 217 106 78 225 241 220 178 188 185 248 130 183
116 209 174 103 232 246 234 59 24 239 118 23 222 75 7 57 97 20 79 28 4 215 60 42 153 22 171 95 113 242 211 144 80 13 156 17 145 1 167 195 149 180 16 32 190 219 18 87 131 88 19 160 71 29 58 50 240 142 51 12 2 9 244 204 43 231 104 176 158 66 114 173 21 212 92 46 30 53 169 197 179 164 69 10 216 89 140 192 73 68 11 74 26 133 82 177 49 105 129 187 193 27 6 163 3 38 147 101 110 245 186 47 196 203 121 157 120 67 31 111 36 15 54 25 56 218 109 61 224 237 93 81 235 70 41 128 210 64 175 63 108 122 107 14 151 91 223 233 152 37 40 227 134 76 55 172 115 34 52 84 98 96 8 148 143 72 45 161 254 206 208 65 229 205 119 162 124 62 44 35 123 155 5 48 102 191 170 159 39 146 228 189 247 112 86 127 138 33 125 90 249 198 201 238 253 213 83 214 136 0 126 168 132 99 77 94 181 100 199 236 137 207 184 255 250 251 221 150 182 165 141 243 117 194 202 226 230 139 135 166 154 252 200 85 217 106 78 225 241 220 178 188 185 248 130 183
116 209 174 103 232 246 234 59 32 20 118 23 222 75 7 57 97 239 79 28 4 215 60 42 153 22 171 95 113 242 211 144 80 13 156 17 145 1 167 195 149 180 16 24 190 219 161 87 226 88 21 160 71 29 58 50 240 142 51 12 2 9 244 204 43 231 104 176 158 253 114 173 19 212 92 76 30 53 169 197 179 164 69 10 216 89 140 192 66 68 11 74 26 124 94 177 49 105 129 187 193 27 6 163 3 90 147 101 110 245 186 47 35 203 121 157 120 67 31 111 36 15 54 25 56 218 109 61 224 237 93 81 235 70 41 128 210 64 175 63 45 122 107 14 151 91 223 233 152 37 40 227 134 46 55 172 115 34 52 84 98 96 8 148 143 72 108 18 254 206 208 65 229 205 119 162 133 62 44 196 123 155 5 48 102 191 170 159 39 146 228 189 247 112 86 127 138 33 125 38 249 198 201 238 131 213 83 214 136 0 126 168 132 99 77 82 181 100 199 236 137 207 184 255 250 251 221 150 182 165 141 243 117 194 202 73 230 139 135 166 154 252 200 85 217 106 78 225 241 220 178 188 185 248 130 183
116 209 174 103 232 246 234 59 32 20 118 23 222 75 7 57 97 239 79 28 4 215 60 42 153 22 171 95 113 242 211 144 80 13 156 17 145 1 167 195 149 180 16 24 190 219 161 87 226 88 21 160 71 29 58 50 240 142 51 12 2 9 244 204 43 231 104 176 158 253 114 173 19 212 92 76 30 53 169 197 179 164 69 10 216 89 140 192 66 68 11 74 26 133 94 177 49 105 129 187 193 27 6 163 3 90 147 101 110 245 186 47 35 203 121 157 120 67 31 111 36 15 54 25 56 218 109 61 224 237 93 81 235 70 41 128 210 64 175 63 45 122 107 14 151 91 223 233 152 37 40 227 134 46 55 172 115 34 52 84 98 96 8 148 143 72 108 18 254 206 208 65 229 205 119 162 124 62 44 196 123 155 5 48 102 191 170 159 39 146 228 189 247 112 86 127 138 33 125 38 249 198 201 238 131 213 83 214 136 0 126 168 132 99 77 82 181 100 199 236 137 207 184 255 250 251 221 150 182 165 141 243 117 194 202 73 230 139 135 166 154 252 200 85 217 106 78 225 241 220 178 188 185 248 130 183
116 209 174 103 232 246 234 59 32 23 118 239 63 75 7 57 97 20 79 28 4 215 100 42 153 22 171 95 113 242 211 144 80 13 156 17 145 1 167 195 149 180 222 60 190 219 18 87 226 88 19 160 71 29 58 50 240 142 51 12 2 9 244 204 110 192 104 176 158 66 114 173 21 212 92 46 30 53 169 197 179 164 69 10 216 89 140 231 38 68 11 74 26 133 82 177 49 105 129 187 193 27 6 163 3 52 147 101 165 245 186 47 196 203 121 157 120 67 31 111 36 15 54 25 56 112 109 61 224 237 243 81 235 70 41 128 210 64 175 16 108 122 107 14 151 91 223 233 152 37 40 227 43 76 55 172 115 34 252 84 98 96 8 148 143 72 45 161 254 206 208 65 229 205 119 162 124 62 44 35 123 155 5 48 102 191 170 159 39 146 228 189 247 218 86 127 138 33 125 90 249 198 201 238 131 213 83 73 136 0 126 168 132 99 77 94 181 24 199 236 137 207 184 255 250 251 221 150 182 134 141 93 117 194 202 253 230 139 135 166 154 214 200 85 217 106 78 225 241 220 178 188 185 248 130 183
116 209 174 103 232 246 234 59 32 187 118 23 110 75 7 57 97 20 79 123 4 215 60 42 153 22 171 95 113 242 211 144 80 13 156 17 145 1 167 195 149 180 16 24 190 219 18 87 189 88 19 160 71 29 58 50 240 142 51 15 52 9 244 204 43 231 104 176 158 66 114 173 21 212 92 46 30 53 169 197 179 164 69 10 216 89 140 192 251 68 11 74 170 133 82 177 49 105 129 239 193 27 6 163 3 38 147 101 165 245 134 47 196 203 121 157 120 67 31 111 36 12 54 25 56 218 109 61 224 237 93 81 235 70 41 128 210 64 175 63 108 122 107 14 151 91 223 233 152 37 40 227 222 76 55 182 115 34 172 84 98 96 8 148 143 72 45 161 254 206 208 65 229 205 119 162 124 62 44 35 2 155 5 48 102 191 26 159 39 146 228 248 247 112 86 127 138 33 125 90 249 198 201 238 131 213 83 73 136 0 126 168 132 99 77 94 181 100 199 236 137 207 184 255 250 214 221 150 28 186 141 243 117 194 202 253 230 139 135 166 154 252 200 85 217 106 78 225 241 220 178 188 185 226 130 183
116 209 174 103 232 246 234 59 32 239 4 23 222 75 7 57 97 20 79 28 118 199 60 42 153 22 171 95 113 242 211 144 80 13 156 17 145 1 167 195 149 180 16 24 190 219 18 87 226 88 19 160 71 29 58 50 38 142 51 12 2 9 244 204 43 231 104 176 158 66 114 173 21 212 92 46 30 53 169 197 179 164 229 10 216 89 140 192 251 68 182 74 26 133 82 177 49 105 129 187 193 27 6 163 3 240 147 101 165 245 11 47 196 203 121 157 120 67 31 111 36 15 54 25 56 218 109 61 224 237 93 186 235 70 41 128 210 64 175 63 108 122 107 14 151 91 223 233 152 37 40 227 110 76 55 172 115 34 52 84 98 96 8 148 143 72 45 161 254 206 208 65 69 205 119 162 124 62 44 35 123 155 5 48 102 191 170 159 194 146 228 189 247 112 86 127 138 33 125 90 249 198 201 39 131 213 83 73 136 0 126 168 132 99 77 94 181 100 215 236 137 207 184 134 250 214 221 150 81 255 141 243 117 238 202 253 230 139 135 166 154 252 200 85 217 106 78 225 241 220 178 188 185 248 130 183
116 209 174 103 232 246 234 59 32 239 4 23 222 75 7 57 97 20 79 28 118 199 60 42 153 22 171 95 113 242 211 144 80 13 156 17 145 1 167 195 149 180 16 24 190 219 18 87 226 88 19 160 71 29 58 50 38 142 51 12 2 9 244 204 43 231 104 176 158 66 114 173 21 212 92 46 30 53 169 197 179 164 229 10 216 89 140 192 251 68 182 74 26 133 82 177 49 105 129 187 193 27 6 163 3 240 147 101 165 245 11 47 196 203 121 157 120 67 31 111 36 15 54 25 56 218 109 61 224 237 93 186 235 70 41 128 210 64 175 63 108 122 107 14 151 91 223 233 152 37 40 227 110 76 55 172 115 34 52 84 98 96 8 148 143 72 45 161 254 206 208 65 69 205 119 162 124 62 44 35 123 155 5 48 102 191 170 159 194 146 228 189 247 112 86 127 138 33 125 90 249 198 201 39 131 213 83 73 136 0 126 168 132 99 77 94 181 100 215 236 137 207 184 134 250 220 221 150 81 255 141 243 117 238 202 253 230 139 135 166 154 252 200 85 217 106 78 225 241 214 178 188 185 248 130 183
116 209 174 103 232 246 234 59 32 239 39 23 115 75 7 57 97 20 79 28 4 215 60 42 153 22 171 95 113 242 211 144 80 13 156 17 145 1 167 195 149 180 16 24 190 219 18 87 248 88 19 160 71 29 58 50 240 61 51 12 2 9 244 204 186 231 104 176 158 66 114 159 21 212 92 46 30 142 169 197 179 164 69 10 216 89 140 192 251 68 11 74 43 172 82 177 49 105 129 187 193 27 6 163 3 38 147 101 165 245 134 47 196 203 121 157 120 67 31 111 36 15 54 25 56 218 109 53 224 237 93 81 235 70 41 128 210 64 175 63 108 122 107 14 151 91 223 233 152 37 40 227 110 76 55 214 222 34 8 84 98 96 26 148 143 72 45 161 254 206 208 65 229 205 119 162 124 62 44 35 123 155 5 48 102 191 170 173 118 146 228 189 247 112 86 127 138 33 125 90 249 198 201 238 131 213 83 73 136 0 126 168 132 99 77 94 181 100 199 236 137 207 184 255 250 133 221 150 182 52 141 243 117 194 202 253 230 139 135 166 154 252 200 85 217 106 78 225 241 220 178 188 185 226 130 183
116 209 174 103 232 246 234 59 32 239 39 23 222 75 7 57 97 20 79 28 4 215 60 42 153 22 171 95 113 242 211 144 80 13 156 17 145 1 167 195 149 180 16 24 190 219 18 87 173 88 19 160 71 29 58 50 240 142 51 12 2 9 244 204 43 231 104 176 158 66 114 226 21 212 92 46 30 53 169 197 179 164 69 10 216 89 140 192 251 68 11 74 26 133 82 177 49 105 129 187 193 27 6 163 3 38 147 101 165 245 134 47 196 203 121 157 120 67 31 111 36 15 54 25 56 218 109 61 224 237 93 81 235 70 41 128 210 64 175 63 108 122 107 14 151 91 223 233 152 37 40 227 110 76 55 52 115 34 172 84 98 96 8 148 143 72 45 161 254 206 208 65 229 205 119 162 124 62 44 35 123 155 5 48 102 191 170 159 118 146 228 189 247 112 86 127 138 33 125 90 249 198 201 238 131 213 83 73 136 0 126 168 132 99 77 94 181 100 199 236 137 207 184 255 250 214 221 150 182 186 141 243 117 194 202 253 230 139 135 166 154 252 200 85 217 106 78 225 241 220 178 188 185 248 130 183
116 209 174 103 232 246 234 59 32 239 39 23 222 75 7 57 97 20 79 28 4 215 60 42 153 22 171 95 113 242 211 144 80 13 156 17 145 1 167 195 149 180 16 24 190 219 18 87 173 88 19 160 71 29 58 50 240 142 51 12 2 9 244 204 43 231 104 176 158 66 114 226 21 212 92 46 30 53 169 197 179 164 69 10 216 89 140 192 251 68 11 74 26 133 82 177 49 105 129 187 193 27 6 163 3 38 147 101 165 245 134 47 196 203 121 157 120 67 31 111 36 15 54 25 56 218 109 61 224 237 93 81 235 70 41 128 210 64 175 63 108 122 107 14 151 91 223 233 152 37 40 227 110 76 55 85 115 34 172 84 98 96 8 148 143 72 45 161 254 206 208 65 229 205 119 162 124 62 44 35 123 155 5 48 102 191 170 159 118 146 228 189 247 112 86 127 138 33 125 90 249 198 201 238 131 213 83 73 136 0 126 168 132 99 77 94 181 100 199 236 137 207 184 255 250 214 221 150 182 186 141 243 117 194 202 253 230 139 135 166 154 252 200 52 217 106 78 225 241 220 178 188 185 248 130 183
116 209 174 103 232 246 234 59 32 239 39 23 222 75 7 57 97 20 79 28 4 215 60 42 153 22 171 95 113 242 211 144 80 13 156 17 145 1 167 195 149 180 16 24 190 219 18 87 226 88 19 160 71 29 58 50 240 142 51 12 2 9 244 204 43 231 104 176 158 66 114 173 21 212 92 46 30 53 169 197 179 164 69 10 216 89 140 192 251 68 11 74 26 133 82 177 49 105 129 187 193 27 6 163 3 38 147 101 165 245 134 47 196 203 121 157 120 67 31 111 36 15 54 25 56 218 109 61 224 237 93 81 235 70 41 128 210 64 175 63 108 122 107 14 151 91 223 233 152 37 40 227 110 76 55 52 115 34 172 84 98 96 8 148 143 72 45 161 254 206 208 65 229 205 119 162 124 62 44 35 123 155 5 48 102 191 170 159 118 146 228 189 247 112 86 127 138 33 125 90 249 198 201 238 131 213 83 73 136 0 126 168 132 99 77 94 181 100 199 236 137 207 184 255 250 214 221 150 182 186 141 243 117 194 202 253 230 139 135 166 154 252 200 85 217 106 78 225 241 220 178 188 185 248 130 183
116 209 174 103 232 246 234 59 32 239 118 15 222 75 7 57 97 20 79 28 4 215 60 42 153 22 171 95 113 242 211 144 80 13 156 17 145 1 167 195 149 180 16 24 190 219 18 87 226 88 19 160 71 29 58 50 240 142 51 12 2 9 244 204 43 231 104 176 158 73 114 173 21 212 92 46 30 53 169 197 179 164 69 10 216 89 140 192 233 68 11 74 26 133 82 177 49 105 107 187 193 27 6 163 3 38 147 101 112 245 186 47 52 203 121 157 120 67 31 111 36 170 54 25 56 218 109 61 224 237 93 81 235 70 41 128 210 64 175 63 108 122 129 14 151 91 223 66 152 37 40 227 134 76 55 115 172 34 200 84 98 96 8 148 143 72 45 161 254 206 208 65 229 205 119 162 124 62 44 35 123 155 5 48 102 191 23 159 39 146 228 189 247 110 86 127 138 33 125 90 249 198 201 238 131 213 83 214 136 0 126 168 132 99 77 94 181 100 199 236 137 207 184 255 250 251 221 150 182 165 141 243 117 194 202 253 230 139 135 166 154 252 196 85 217 106 78 225 241 220 178 188 185 248 130 183
116 209 174 103 232 246 234 59 32 239 118 15 222 75 7 57 97 20 79 28 4 215 60 42 153 22 171 95 113 242 211 144 80 13 156 17 145 1 167 195 149 180 16 132 190 219 18 87 226 88 19 160 71 29 58 50 240 142 51 12 2 9 244 204 43 231 104 176 158 73 114 173 21 212 92 46 30 53 169 197 179 164 69 10 216 89 140 192 233 68 11 74 26 133 82 177 49 105 107 187 193 27 6 163 3 38 147 101 112 245 186 47 52 203 121 157 120 67 31 111 36 170 54 25 56 218 109 61 224 237 93 81 235 70 41 128 210 64 175 63 108 122 129 14 151 91 223 66 152 37 40 227 134 76 55 115 172 34 200 84 98 96 8 148 143 72 45 161 254 206 208 65 229 205 119 162 124 62 44 35 123 155 5 48 102 191 23 159 39 146 228 189 247 110 86 127 138 33 125 90 249 198 201 238 131 213 83 214 136 0 126 168 24 99 77 94 181 100 199 236 137 207 184 255 250 251 221 150 182 165 141 243 117 194 202 253 230 139 135 166 154 252 196 85 217 106 78 225 241 220 178 188 185 248 130 183
116 209 174 103 232 246 234 59 32 239 118 23 63 75 7 57 97 20 79 28 4 215 24 42 153 22 171 95 250 242 211 144 80 13 156 17 37 1 167 195 149 180 16 60 190 219 18 87 226 88 19 160 71 29 58 50 240 142 51 12 2 9 244 204 43 231 104 176 158 66 114 38 21 212 78 46 30 53 169 197 179 164 69 10 216 89 140 192 173 68 11 74 26 133 82 177 49 105 129 187 193 27 6 163 3 52 147 101 165 245 186 47 196 203 121 157 120 67 31 111 36 15 54 25 56 218 109 61 224 237 93 81 235 70 41 128 210 64 175 222 108 122 107 14 8 91 223 233 152 145 40 227 110 76 55 172 115 34 252 84 98 96 151 148 143 72 45 161 254 206 208 65 229 205 119 162 124 62 44 35 123 155 5 48 102 191 170 159 39 146 228 189 247 112 86 127 138 33 125 90 249 198 201 238 131 213 83 73 136 0 126 168 132 99 77 94 181 100 199 236 137 207 184 255 113 251 221 150 182 134 141 243 117 194 202 253 230 139 135 166 154 214 200 85 217 106 92 225 241 220 178 188 185 248 130 183
116 209 174 103 232 246 234 59 32 239 118 23 63 75 7 57 97 20 79 28 4 215 60 42 153 22 171 95 113 242 211 132 80 13 156 17 145 1 167 195 149 180 16 134 190 219 18 87 226 88 19 160 71 29 58 50 240 142 51 12 2 9 244 204 43 231 104 176 158 66 114 38 21 212 92 46 30 53 169 197 179 164 69 10 216 89 140 192 173 68 11 74 26 133 82 177 49 105 129 187 193 27 6 163 3 52 147 101 165 245 186 47 196 203 121 157 120 67 31 111 36 15 54 25 56 218 109 61 224 237 35 81 235 70 41 128 210 64 175 222 108 122 107 14 151 91 223 233 152 37 40 227 110 76 55 172 115 34 252 84 98 96 8 148 143 72 45 161 254 206 208 65 229 205 119 162 124 62 44 93 123 155 5 48 102 191 170 159 39 146 228 189 247 112 86 127 138 33 125 90 249 198 201 238 131 213 83 73 136 0 126 168 144 99 77 94 181 24 199 236 137 207 184 255 250 251 221 150 182 100 141 243 117 194 202 253 230 139 135 166 154 214 200 85 217 106 78 225 241 220 178 188 185 248 130 183
116 209 174 103 232 246 234 59 32 239 118 23 63 75 7 57 97 20 79 28 4 215 60 42 153 22 171 95 113 242 211 144 80 13 156 17 145 1 167 195 149 180 16 134 190 219 18 87 226 88 19 160 71 29 58 50 240 142 51 12 2 9 244 204 43 231 104 176 158 66 114 38 21 212 92 46 30 53 169 197 179 164 69 10 216 89 140 192 173 68 11 74 26 133 82 177 49 105 129 187 193 27 6 163 3 52 147 101 165 245 186 47 196 203 121 157 120 67 31 111 36 15 54 25 56 218 109 61 224 237 35 81 235 70 41 128 210 64 175 222 108 122 107 14 151 91 223 233 152 37 40 227 110 76 55 172 115 34 252 84 98 96 8 148 143 72 45 161 254 206 208 65 229 205 119 162 124 62 44 93 123 155 5 48 102 191 170 159 39 146 228 189 247 112 86 127 138 33 125 90 249 198 201 238 131 213 83 73 136 0 126 168 132 99 77 94 181 24 199 236 137 207 184 255 250 251 221 150 182 100 141 243 117 194 202 253 230 139 135 166 154 214 200 85 217 106 78 225 241 220 178 188 185 248 130 183
116 209 174 103 232 246 234 59 32 239 118 23 63 75 7 57 97 20 79 28 4 215 60 42 153 22 171 95 113 242 211 144 80 13 156 17 145 1 167 195 149 180 16 134 190 219 18 87 226 88 19 160 71 29 58 50 240 142 51 12 2 9 244 204 43 231 104 176 158 66 114 38 21 212 92 46 30 53 169 197 179 164 69 10 216 89 140 192 173 68 11 74 26 133 82 177 49 105 129 187 193 27 6 163 3 52 147 101 165 245 186 47 196 203 121 157 120 67 31 111 36 15 54 25 56 218 109 61 224 237 93 81 235 70 41 128 210 64 175 222 108 122 107 14 151 91 223 233 152 37 40 227 110 76 55 172 115 34 252 84 98 96 8 148 143 72 45 161 254 206 208 65 229 205 119 162 124 62 44 35 123 155 5 48 102 191 170 159 39 146 228 189 247 112 86 127 138 33 125 90 249 198 201 238 131 213 83 73 136 0 126 168 132 99 77 94 181 24 199 236 137 207 184 255 250 251 221 150 182 100 141 243 117 194 202 253 230 139 135 166 154 214 200 85 217 106 78 225 241 220 178 188 185 248 130 183
116 209 174 103 232 246 234 59 32 239 118 23 63 75 98 57 97 20 79 28 4 215 60 42 153 22 171 95 113 242 211 144 80 13 156 17 145 1 167 195 149 180 16 24 190 219 18 87 226 88 19 160 71 29 222 50 240 142 51 12 2 9 244 204 43 231 104 172 158 66 114 38 21 212 92 46 30 53 236 197 179 164 139 10 216 89 140 192 173 68 11 74 26 133 82 177 49 105 129 187 193 27 6 163 3 52 147 101 165 245 134 47 196 203 121 157 120 67 31 111 36 15 54 25 56 218 109 61 224 237 93 81 235 70 41 128 210 64 175 78 108 122 107 14 151 91 223 233 152 37 40 227 110 76 55 176 115 34 252 84 7 96 8 148 143 72 45 161 254 206 208 65 229 205 119 162 124 62 44 35 123 155 5 48 102 191 170 159 39 146 228 189 247 112 86 127 138 33 125 90 249 198 201 238 131 213 83 73 136 0 126 168 132 99 77 94 181 100 199 169 137 207 184 255 250 251 221 150 182 186 141 243 117 194 202 253 230 69 135 166 154 214 200 85 217 106 58 225 241 220 178 188 185 248 130 183
116 209 174 103 232 246 234 59 32 239 118 23 63 75 150 57 97 20 79 28 4 215 24 42 153 22 171 95 113 242 211 144 80 13 156 17 145 1 167 195 149 180 16 60 190 219 18 87 226 88 19 160 71 29 58 50 240 142 51 12 2 9 244 204 43 231 104 176 158 66 114 173 21 212 92 46 30 53 169 197 179 164 69 10 216 89 140 192 38 68 11 74 26 133 82 177 49 105 129 187 193 27 6 163 3 52 147 101 165 245 186 47 196 203 121 157 120 67 31 111 36 15 54 25 56 218 109 61 224 237 93 81 235 70 41 128 210 64 175 222 108 122 107 14 151 91 223 233 152 37 40 227 110 76 55 172 115 34 252 84 98 96 8 148 143 72 45 161 254 206 208 65 229 205 119 162 124 62 44 35 123 155 5 48 102 191 170 159 39 146 228 189 247 112 86 127 138 33 125 90 249 198 201 238 131 213 83 73 136 0 126 168 132 99 77 94 181 100 199 236 137 207 184 255 250 251 221 7 182 134 141 243 117 194 202 253 230 139 135 166 154 214 200 85 217 106 78 225 241 220 178 188 185 248 130 183
116 209 174 103 232 246 234 59 32 239 118 23 63 75 150 57 97 20 79 28 4 215 60 42 153 22 171 95 113 242 196 144 80 13 156 17 145 1 167 195 149 180 16 24 190 219 18 87 226 88 19 160 71 29 58 50 240 142 51 12 2 9 244 204 43 231 104 176 158 66 114 173 21 212 92 46 30 53 169 197 179 164 69 10 216 89 140 192 38 68 11 74 26 133 82 177 49 105 129 187 193 27 6 163 3 52 147 101 165 245 186 47 211 203 121 157 120 67 31 111 36 15 54 25 56 218 109 61 224 237 93 81 235 70 41 128 210 64 175 222 108 122 107 14 151 91 223 233 152 37 40 227 110 76 55 172 115 34 252 84 98 96 8 148 143 72 45 161 254 206 208 65 229 205 119 162 124 62 44 35 123 155 5 48 102 191 170 159 39 146 228 189 247 112 86 127 138 33 125 90 249 198 201 238 131 213 83 73 136 0 126 168 132 99 77 94 181 100 199 236 137 207 184 255 250 251 221 7 182 134 141 243 117 194 202 253 230 139 135 166 154 214 200 85 217 106 78 225 241 220 178 188 185 248 130 183
116 209 174 103 232 246 234 59 32 239 118 23 63 75 150 57 97 20 79 28 4 215 60 42 153 22 171 95 113 242 196 144 80 13 156 17 145 1 167 195 149 180 16 24 190 219 18 87 226 88 19 160 71 29 58 50 240 142 51 12 2 9 244 204 43 231 104 176 158 66 114 173 21 212 92 46 30 53 169 197 179 164 69 10 216 253 140 192 38 68 11 74 26 133 82 177 49 105 129 187 193 27 6 163 3 52 147 101 165 245 186 47 211 203 121 157 120 67 31 111 36 15 54 25 56 218 109 61 224 237 93 81 235 70 41 128 210 64 175 222 108 122 107 14 151 91 223 233 152 37 40 227 110 76 55 172 115 34 252 84 98 96 8 148 143 72 45 161 254 206 208 65 229 205 119 162 124 62 44 35 123 155 5 48 102 191 170 159 39 146 228 189 247 112 86 127 138 33 125 90 249 198 201 238 131 213 83 73 136 0 126 168 132 99 77 94 181 100 199 236 137 207 184 255 250 251 221 7 182 134 141 243 117 194 202 89 230 139 135 166 154 214 200 85 217 106 78 225 241 220 178 188 185 248 130 183
116 209 174 103 232 246 234 59 32 239 118 23 110 75 7 57 97 20 79 28 4 215 60 42 153 22 171 95 113 242 211 144 80 13 156 17 145 1 167 195 149 180 16 183 190 219 18 87 226 88 19 160 71 29 58 50 240 142 51 12 92 9 244 204 43 231 104 176 158 66 114 173 21 212 2 46 30 53 169 197 179 164 55 10 216 89 140 192 251 68 11 74 26 133 82 177 49 105 129 187 193 27 6 163 3 38 147 101 165 245 134 47 196 203 121 157 120 67 31 111 36 15 54 25 24 218 109 61 224 237 93 81 235 70 41 128 210 64 175 63 108 122 107 14 151 91 223 233 152 37 40 227 222 76 69 182 115 34 172 84 98 96 8 148 143 72 45 161 254 206 208 65 229 205 119 162 124 62 44 35 123 155 5 48 102 191 170 159 39 146 228 189 247 112 86 127 138 33 125 90 249 198 201 238 131 213 83 73 136 0 126 168 132 99 77 94 181 100 199 236 137 207 184 255 250 214 221 150 52 186 141 243 117 194 202 253 230 139 135 166 154 252 200 85 217 106 78 225 241 220 178 188 185 248 130 56
116 209 174 103 232 246 234 59 32 239 118 23 110 75 7 57 97 20 79 28 4 215 60 42 153 22 171 95 113 242 211 144 80 13 156 17 145 1 167 195 149 180 16 183 190 219 18 87 226 88 19 160 71 29 58 50 240 142 51 12 92 9 244 204 43 231 104 176 158 66 114 173 21 212 2 46 30 53 169 197 179 164 69 10 216 89 140 192 251 68 11 74 26 133 82 177 49 105 129 187 193 27 6 163 3 38 147 101 165 245 134 47 196 203 121 157 120 67 31 111 36 15 54 25 24 218 109 61 224 237 93 81 235 70 41 128 210 64 175 63 108 122 107 14 151 91 223 233 152 37 40 227 222 76 55 182 115 34 172 84 98 96 8 148 143 72 45 161 254 206 208 65 229 205 119 162 124 62 44 35 123 155 5 48 102 191 170 159 39 146 228 189 247 112 86 127 138 33 125 90 249 198 201 238 131 213 83 73 136 0 126 168 132 99 77 94 181 100 199 236 137 207 184 255 250 214 221 150 52 186 141 243 117 194 202 253 230 139 135 166 154 252 200 85 217 106 78 225 241 220 178 188 185 248 130 56
116 209 174 103 232 246 234 59 32 239 118 23 176 75 7 57 97 20 92 28 4 215 60 42 153 22 171 13 218 242 211 144 80 164 156 52 145 1 167 195 149 180 16 24 190 219 18 87 226 88 19 160 71 135 58 12 240 142 223 50 2 9 244 204 43 231 104 222 158 73 114 173 21 212 79 76 30 53 169 197 179 95 69 10 216 89 140 192 66 68 206 74 26 133 82 177 49 105 129 187 193 27 6 163 3 38 147 101 165 245 186 47 196 203 121 29 120 214 31 247 36 15 54 25 56 113 109 61 224 237 93 81 235 70 41 51 210 64 175 63 108 122 107 146 151 91 128 134 152 37 40 227 233 46 55 172 115 34 17 84 98 96 8 148 143 72 45 161 254 11 208 65 229 205 119 162 124 201 44 35 123 155 5 48 102 191 170 159 39 14 228 189 111 112 86 127 138 33 125 90 249 198 62 238 131 213 83 67 136 0 110 168 132 99 77 94 181 100 199 236 137 207 184 126 250 251 221 150 182 255 141 243 117 194 202 253 230 139 157 166 154 252 200 85 217 106 78 225 241 220 178 188 185 248 130 183
116 209 174 103 232 246 234 59 32 239 118 23 222 75 7 31 97 20 79 28 57 215 60 42 153 22 171 95 113 242 211 144 80 13 156 17 145 1 167 195 149 180 16 24 190 219 18 87 226 88 19 160 71 29 58 50 240 142 51 66 2 9 244 204 43 231 104 176 158 73 114 173 21 212 92 46 30 53 169 197 179 164 69 10 216 89 140 192 12 68 11 74 26 133 82 177 49 105 129 187 193 27 6 163 3 38 147 101 165 245 186 47 196 203 121 157 120 67 4 111 36 15 54 25 56 218 109 61 224 237 93 81 235 70 41 128 112 64 175 63 108 122 107 14 151 91 223 233 152 37 40 227 134 76 55 172 115 34 52 84 98 96 8 148 143 72 45 161 254 206 208 65 229 205 119 162 124 62 44 35 123 155 5 48 102 191 170 159 39 146 228 189 247 210 86 127 138 33 125 90 249 198 201 238 131 213 83 214 136 0 110 168 132 99 77 94 181 100 199 236 137 207 184 126 250 251 221 150 182 255 141 243 117 194 202 253 230 139 135 166 154 252 200 85 217 106 78 225 241 220 178 188 185 248 130 183
116 209 174 103 232 246 234 59 32 239 118 23 222 75 7 31 97 20 79 28 57 215 60 42 153 22 171 95 113 242 211 144 80 13 156 17 145 1 167 195 149 180 16 24 190 219 18 87 226 88 19 160 71 29 58 50 240 142 51 66 2 9 244 204 43 231 104 176 158 73 114 173 21 212 92 46 30 53 169 197 179 164 162 10 216 89 140 192 69 68 11 74 26 133 82 177 49 105 129 187 193 27 6 163 3 38 147 101 165 245 186 47 196 203 121 157 120 67 4 111 36 15 54 25 56 218 109 61 224 237 93 81 235 70 41 128 112 64 175 63 108 122 107 14 151 91 223 233 152 37 40 227 134 76 55 172 115 34 52 84 98 96 8 148 143 72 45 161 254 206 208 65 229 205 119 12 124 62 44 35 123 155 5 48 102 191 170 159 39 146 228 189 247 210 86 127 138 33 125 90 249 198 201 238 131 213 83 214 136 0 110 168 132 99 77 94 181 100 199 236 137 207 184 126 250 251 221 150 182 255 141 243 117 194 202 253 230 139 135 166 154 252 200 85 217 106 78 225 241 220 178 188 185 248 130 183
116 209 174 103 232 246 234 59 32 239 118 23 222 75 7 31 97 20 79 28 57 215 60 42 153 22 171 95 113 242 211 144 80 13 156 17 145 1 167 195 149 180 16 24 190 219 18 87 226 88 19 160 71 29 58 50 240 142 51 66 2 9 244 204 43 231 104 176 158 73 114 173 21 212 92 46 30 53 169 197 179 164 162 10 216 89 140 192 69 68 11 74 26 133 82 177 49 105 129 187 193 27 6 163 3 45 147 101 165 245 186 47 196 203 121 157 120 67 4 111 36 15 54 25 56 218 109 61 224 237 93 81 235 70 41 128 112 64 175 63 108 122 107 14 151 91 223 233 152 37 40 227 134 76 55 172 115 34 52 84 98 96 8 148 143 72 38 161 254 206 208 65 229 205 119 12 124 62 44 35 123 155 5 48 102 191 170 159 39 146 228 189 247 210 86 127 138 33 125 90 249 198 201 238 131 213 83 214 136 0 110 168 132 99 77 94 181 100 199 236 137 207 184 126 250 251 221 150 182 255 141 243 117 194 202 253 230 139 135 166 154 252 200 85 217 106 78 225 241 220 178 188 185 248 130 183
116 209 174 103 232 246 234 59 32 239 118 23 222 75 7 43 97 20 79 126 4 215 60 42 153 22 171 95 113 242 211 144 80 13 156 17 145 1 167 195 149 180 16 24 190 219 18 87 226 88 19 160 71 29 58 243 240 142 51 12 2 9 244 204 57 38 104 176 158 66 114 173 21 212 92 46 30 53 169 197 179 164 69 10 216 89 140 192 251 68 11 74 26 133 82 177 49 105 129 187 193 27 6 163 3 231 147 101 165 245 186 47 196 203 121 157 120 67 31 111 36 15 54 25 56 218 109 61 224 237 93 81 235 70 41 128 210 64 175 63 108 122 107 14 8 91 223 233 152 37 40 227 110 76 55 172 115 34 134 84 98 96 151 148 143 72 45 161 254 206 208 65 229 205 170 162 124 62 44 35 123 155 5 48 102 191 119 159 39 146 228 189 247 112 86 127 138 33 125 90 249 198 201 238 131 213 83 73 136 0 28 168 132 99 77 94 181 100 199 236 137 207 184 255 250 214 221 150 182 52 141 50 117 194 202 253 230 139 135 166 154 252 200 85 217 106 78 225 241 220 178 188 185 248 130 183
116 209 174 103 232 246 234 59 32 239 118 23 222 75 7 57 97 20 79 28 4 11 60 42 153 22 66 95 113 242 211 144 80 13 156 17 145 1 167 195 149 203 16 24 190 219 18 87 226 88 19 160 71 29 58 50 240 142 51 83 2 9 244 204 43 231 104 176 158 73 114 173 21 212 92 46 30 53 169 197 179 164 254 10 216 89 140 192 171 68 215 74 26 133 82 177 49 105 129 187 193 27 6 163 3 38 147 101 112 245 186 47 196 180 121 157 120 67 31 111 36 15 54 25 56 218 109 61 136 237 93 81 235 70 41 128 210 64 175 63 108 122 107 14 151 91 223 233 152 37 40 227 134 76 55 172 115 34 52 84 78 96 8 148 143 72 45 161 69 206 208 65 229 205 119 162 124 62 44 35 123 155 5 48 102 191 170 159 39 247 228 189 146 110 86 127 138 33 125 90 249 198 201 238 131 213 12 214 224 0 126 168 132 99 77 94 181 100 199 236 137 207 184 255 250 251 221 150 182 165 141 243 117 194 202 253 230 139 135 166 154 252 200 85 217 106 98 225 241 220 178 188 185 248 130 183
116 209 174 103 232 246 234 59 32 239 118 23 222 75 7 57 97 20 79 28 4 44 60 42 153 22 171 95 43 242 211 144 80 13 156 17 145 1 167 195 149 180 16 24 190 219 18 87 226 88 19 160 71 29 58 50 240 142 51 12 2 9 244 204 113 231 104 176 158 66 114 173 21 212 92 46 30 53 169 197 179 164 69 10 216 89 140 192 251 68 11 74 26 133 82 177 49 105 129 187 193 27 6 163 3 38 147 101 165 245 186 47 196 203 121 157 120 67 31 111 36 15 54 25 56 218 109 61 224 237 93 81 235 70 41 128 210 64 175 63 108 122 107 14 151 91 223 233 152 37 40 227 110 76 55 172 115 34 134 84 98 96 8 148 143 72 45 161 254 206 208 65 229 205 119 162 124 62 215 35 123 155 5 48 102 191 170 159 39 146 228 189 247 112 86 127 138 33 125 90 249 198 201 238 131 213 83 73 136 0 126 168 132 99 77 94 181 100 199 236 137 207 184 255 250 214 221 150 182 52 141 243 117 194 202 253 230 139 135 166 154 252 200 85 217 106 78 225 241 220 178 188 185 248 130 183
116 209 174 103 232 246 234 59 32 239 118 23 222 75 7 57 97 20 79 28 4 55 60 42 153 22 171 95 113 242 211 144 80 13 156 17 145 1 167 195 149 180 16 24 190 219 18 87 226 88 19 160 71 29 58 50 240 142 51 12 2 9 244 204 43 231 104 176 158 66 114 173 21 212 92 46 30 53 169 197 179 164 69 10 216 89 140 192 251 68 11 74 26 133 82 177 49 105 129 187 193 27 6 163 3 38 147 101 165 245 134 47 196 203 121 157 120 67 31 111 36 15 54 25 56 218 109 61 224 237 93 81 235 70 41 128 210 64 175 63 108 126 107 14 151 91 223 233 152 37 40 227 110 76 215 182 115 34 172 84 98 96 8 148 143 72 45 161 254 206 208 65 229 205 119 162 124 62 44 35 123 155 5 48 102 191 170 159 39 146 228 189 247 112 86 127 138 33 125 90 249 198 201 238 131 213 83 73 136 0 122 168 132 99 77 94 181 100 199 236 137 207 184 255 250 214 221 150 52 186 141 243 117 194 202 253 230 139 135 166 154 252 200 85 217 106 78 225 241 220 178 188 185 248 130 183
116 209 174 103 232 246 234 59 32 239 118 23 222 75 7 57 97 20 79 28 4 66 60 42 153 22 171 95 113 242 211 144 80 13 156 17 145 1 167 195 149 180 16 24 190 219 18 87 226 88 19 160 56 29 58 50 240 142 51 12 2 9 244 204 43 231 104 176 158 253 114 173 21 212 92 46 30 53 169 197 179 164 69 10 216 89 140 192 73 68 11 74 26 133 82 177 49 105 129 187 193 27 6 163 3 38 147 101 112 245 186 47 196 203 121 157 120 67 31 111 36 15 54 25 71 218 109 61 224 237 93 81 235 70 41 128 110 64 175 63 108 122 107 14 151 91 223 233 152 37 40 227 134 76 55 172 115 34 52 84 98 96 8 148 143 72 45 161 254 206 208 65 229 205 119 162 124 62 44 35 123 155 5 48 102 191 170 159 39 146 228 189 247 210 86 127 138 33 125 90 249 198 201 238 131 243 83 214 136 0 126 168 132 99 77 94 181 100 199 236 137 207 184 255 250 251 221 150 182 165 141 213 117 194 202 215 230 139 135 166 154 252 200 85 217 106 78 225 241 220 178 188 185 248 130 183
116 209 174 103 232 246 234 59 32 239 118 23 222 75 7 57 97 20 79 28 4 66 60 42 153 22 171 95 113 242 211 144 80 13 156 17 145 1 167 195 149 180 16 24 190 219 18 87 226 88 19 160 71 29 58 50 240 142 51 12 2 9 244 204 43 231 104 176 158 253 114 173 21 212 92 46 30 53 169 197 179 164 69 10 216 89 140 192 73 68 11 74 26 133 82 177 49 105 129 187 193 27 6 163 3 38 147 101 112 245 186 47 196 203 121 157 120 67 31 111 36 15 54 25 56 218 109 61 224 237 93 81 235 70 41 128 110 64 175 63 108 122 107 14 151 91 223 233 152 37 40 227 134 76 55 172 115 34 52 84 98 96 8 148 143 72 45 161 254 206 208 65 229 205 119 162 124 62 44 35 123 155 5 48 102 191 170 159 39 146 228 189 247 210 86 127 138 33 125 90 249 198 201 238 131 213 83 214 136 0 126 168 132 99 77 94 181 100 199 236 137 207 184 255 250 251 221 150 182 165 141 243 117 194 202 215 230 139 135 166 154 252 200 85 217 106 78 225 241 220 178 188 185 248 130 183
116 209 174 103 232 246 234 59 32 239 118 23 222 75 7 57 97 20 79 28 4 66 60 42 153 22 171 95 113 242 211 144 80 13 156 17 145 1 167 195 149 180 16 24 190 219 18 87 226 88 19 160 71 29 58 50 240 142 51 12 2 9 244 204 43 231 104 176 158 253 114 173 21 212 92 46 30 53 169 197 179 164 69 10 216 89 140 192 73 68 11 74 26 133 82 177 49 105 129 187 193 27 6 163 3 38 147 101 112 245 186 47 196 203 121 157 120 67 31 111 36 15 54 25 56 218 109 61 224 237 93 81 235 70 41 128 110 64 175 63 108 122 107 14 151 91 223 233 152 37 40 227 134 76 55 172 115 34 52 84 98 96 8 148 143 72 45 161 254 206 208 65 229 205 119 162 124 62 44 85 123 155 5 191 102 48 170 159 39 146 228 189 247 210 86 127 138 33 125 90 249 198 201 238 131 213 83 214 136 0 126 168 132 99 77 94 181 100 199 236 137 207 184 255 250 251 221 150 182 165 141 243 117 194 202 215 230 139 135 166 154 252 200 35 217 106 78 225 241 220 178 188 185 248 130 183
116 209 174 103 232 246 234 59 32 239 118 23 222 75 7 57 97 20 79 28 4 66 60 42 153 22 171 95 113 242 211 144 80 13 156 17 145 1 167 195 149 215 16 24 190 219 18 87 226 88 19 160 71 29 58 50 240 142 51 154 2 9 244 204 43 231 104 176 158 73 114 173 21 212 92 46 30 53 169 197 179 164 69 10 216 89 140 192 38 68 11 74 26 133 82 177 49 105 129 187 193 27 6 163 3 203 147 101 112 245 186 47 196 180 121 157 120 253 70 111 36 15 54 25 56 218 109 61 224 237 93 81 235 31 41 128 210 64 175 63 108 122 107 14 151 91 223 233 152 37 40 227 134 76 55 172 115 34 52 84 98 96 8 148 143 72 45 161 254 206 208 65 229 205 119 162 124 62 44 35 123 155 5 48 102 191 170 159 39 146 228 189 247 110 86 127 138 33 125 90 249 198 201 238 131 213 83 214 12 0 126 168 132 99 77 94 181 100 199 236 137 207 184 255 250 251 221 150 182 165 141 243 117 194 202 67 230 139 135 166 136 252 200 85 217 106 78 225 241 220 178 188 185 248 130 183
116 209 174 103 232 246 234 59 32 239 118 23 222 75 7 57 97 20 79 28 4 73 60 42 153 22 171 95 238 242 211 144 80 13 156 17 145 1 167 195 149 180 16 24 190 219 18 87 226 88 19 160 71 29 58 50 240 110 51 12 2 9 244 204 43 231 104 203 158 215 114 173 21 212 92 46 30 53 169 197 179 164 69 10 216 89 140 192 66 68 11 74 26 133 82 177 49 105 129 187 193 27 6 163 3 38 147 101 112 245 186 47 196 176 121 157 120 67 31 111 113 15 54 25 56 218 109 61 224 237 93 81 235 70 41 128 210 64 175 63 108 122 107 14 151 91 223 233 52 37 40 227 134 76 55 172 115 34 182 84 98 96 8 148 143 72 45 161 254 206 208 65 229 205 119 162 124 36 44 35 123 155 5 48 102 191 170 159 39 146 228 189 247 142 86 127 138 33 125 90 249 198 201 62 131 213 83 214 136 0 126 168 132 99 77 94 181 100 199 236 137 207 184 255 250 251 221 150 152 165 141 243 117 194 202 253 230 139 135 166 154 252 200 85 217 106 78 225 241 220 178 188 185 248 130 183
116 209 174 103 232 246 234 59 32 239 118 23 222 75 7 57 97 20 79 28 4 94 60 42 153 22 171 95 113 242 211 144 80 13 156 17 145 1 167 195 149 180 16 24 190 219 18 87 226 88 19 160 71 29 58 50 240 142 51 12 2 9 244 204 201 231 132 176 158 73 114 173 21 212 92 46 30 53 169 197 179 164 69 10 216 89 140 192 66 68 11 74 26 133 82 177 49 105 129 187 193 27 170 163 3 38 147 101 112 245 186 47 52 203 121 157 120 67 31 111 124 15 54 25 56 218 109 61 224 237 93 81 235 70 41 128 210 64 175 63 108 122 107 14 151 91 223 104 152 37 40 227 134 76 55 172 115 34 200 84 98 96 8 148 143 72 45 161 254 206 208 65 229 205 119 162 36 62 44 165 123 155 5 48 102 191 6 159 39 146 228 189 247 110 86 127 138 33 125 90 249 198 43 238 131 213 83 214 136 0 126 168 233 99 77 215 181 100 199 236 137 207 184 255 250 251 221 150 182 35 141 243 117 194 202 253 230 139 135 166 154 252 196 85 217 106 78 225 241 220 178 188 185 248 130 183
116 209 174 103 232 246 234 59 32 239 118 23 222 75 7 57 97 20 79 28 4 173 60 42 153 22 171 95 113 242 211 144 80 13 156 17 145 1 167 195 149 180 16 24 190 219 18 87 88 226 19 160 71 29 58 50 240 142 51 12 2 9 244 204 43 231 104 176 158 73 114 61 21 212 92 46 30 53 169 197 179 164 69 10 216 89 140 192 90 68 11 74 26 133 82 177 49 105 129 187 193 27 6 163 3 203 147 101 112 245 186 47 196 66 121 157 120 67 31 111 36 15 54 25 56 218 109 215 224 237 93 81 235 70 41 128 210 64 175 63 108 122 107 14 151 91 223 233 152 37 40 227 134 76 55 172 115 34 52 84 98 96 8 148 143 99 45 161 254 206 208 65 229 205 119 162 124 62 44 35 123 155 5 48 102 191 170 159 39 146 228 189 247 110 86 127 138 33 125 38 249 198 201 238 131 213 83 214 136 0 126 168 132 72 77 94 181 100 199 236 137 207 184 255 250 251 221 150 182 165 141 243 117 194 202 253 230 139 135 166 154 252 200 85 217 106 78 225 241 220 178 188 185 248 130 183
116 209 174 103 232 246 234 59 32 239 118 23 222 75 7 57 97 20 79 28 4 215 21 42 153 22 171 95 113 101 211 144 80 13 156 17 145 1 167 195 149 180 16 24 190 219 18 87 226 88 19 160 71 29 58 50 240 142 51 136 2 9 244 204 43 231 104 176 158 73 114 173 60 212 92 46 30 53 169 197 179 164 69 10 216 89 140 192 66 68 11 74 26 133 82 177 49 105 129 187 193 27 6 163 3 38 147 242 112 245 186 47 52 203 121 157 120 67 31 111 36 15 54 25 56 218 109 61 224 237 93 81 235 70 41 128 210 64 175 63 108 122 107 14 151 91 223 233 152 37 40 227 134 76 55 172 115 34 200 84 98 96 8 148 143 72 45 161 254 206 208 65 229 205 119 162 124 62 44 35 123 155 5 48 102 191 170 159 39 146 228 189 247 110 86 127 138 33 125 90 249 198 201 238 131 213 83 214 12 0 126 168 132 99 77 94 181 100 199 236 137 207 184 255 250 251 221 150 182 165 141 243 117 194 202 253 230 139 135 166 154 252 196 85 217 106 78 225 241 220 178 188 185 248 130 183
116 209 174 103 232 246 234 59 32 239 118 23 222 75 7 57 97 20 79 28 4 215 60 42 74 22 171 95 113 242 211 144 80 13 156 17 145 1 167 195 149 180 16 24 190 219 18 87 226 88 19 160 71 29 58 50 240 142 51 12 2 9 244 204 43 38 104 176 158 66 114 173 21 212 92 46 30 53 169 197 179 164 69 10 216 89 140 192 251 68 11 153 26 133 82 177 49 105 129 187 193 27 6 163 3 231 147 101 165 245 186 47 196 203 121 157 120 67 31 111 36 15 54 25 56 218 109 61 224 237 93 81 235 70 41 110 210 64 175 63 108 122 107 14 151 91 223 233 152 37 40 227 128 76 55 172 115 34 134 84 98 96 8 148 143 72 45 161 254 206 208 65 229 205 119 162 124 62 44 35 123 155 5 48 102 191 170 159 39 146 228 189 247 112 86 127 138 33 125 90 249 198 201 238 131 213 83 73 136 0 126 168 132 99 77 94 181 100 199 236 137 207 184 255 250 214 221 150 182 52 141 243 117 194 202 253 230 139 135 166 154 252 200 85 217 106 78 225 241 220 178 188 185 248 130 183
116 209 174 103 232 246 234 59 32 239 118 23 222 75 7 57 97 20 79 28 4 215 60 42 153 22 171 13 113 242 211 144 80 95 156 17 145 1 167 195 149 180 16 24 190 219 18 87 226 88 19 160 71 29 58 50 240 142 51 12 2 9 244 204 43 231 104 176 158 73 114 173 21 212 92 46 30 53 169 197 179 164 69 10 216 89 140 192 66 68 11 74 26 133 82 177 49 105 129 187 193 27 6 163 3 38 147 101 165 245 186 47 196 203 121 157 120 67 31 111 36 15 54 25 56 218 109 61 224 237 93 81 235 70 41 128 210 64 175 63 108 122 107 14 151 91 223 233 152 37 40 227 134 76 55 172 115 34 52 84 98 96 8 148 143 72 45 161 254 206 208 65 229 205 119 162 124 62 44 35 123 155 5 48 102 191 170 159 39 146 228 189 247 112 86 127 138 33 125 90 249 198 201 238 131 213 83 214 136 0 126 168 132 99 77 94 181 100 199 236 137 207 184 110 250 251 221 150 182 255 141 243 117 194 202 253 230 139 135 166 154 252 200 85 217 106 78 225 241 220 178 188 185 248 130 183
116 209 174 103 232 246 234 59 32 239 118 23 222 75 7 57 97 20 79 28 4 215 60 42 153 22 171 13 113 242 211 144 80 164 156 52 145 1 167 195 149 180 16 24 190 219 18 87 226 88 19 160 71 29 58 50 240 142 223 12 2 9 244 204 43 231 104 176 158 73 114 173 21 212 92 46 30 53 169 197 179 95 69 10 216 89 140 192 66 68 11 74 26 133 82 177 49 105 129 187 193 27 6 163 3 38 147 101 165 245 186 47 196 203 121 157 120 67 31 111 36 15 54 25 56 218 109 61 224 237 93 81 235 70 41 128 210 64 175 63 108 122 107 14 151 91 51 233 152 37 40 227 134 76 55 172 115 34 17 84 98 96 8 148 143 72 45 161 254 206 208 65 229 205 119 162 124 62 44 35 123 155 5 48 102 191 170 159 39 146 228 189 247 112 86 127 138 33 125 90 249 198 201 238 131 213 83 214 136 0 110 168 132 99 77 94 181 100 199 236 137 207 184 126 250 251 221 150 182 255 141 243 117 194 202 253 230 139 135 166 154 252 200 85 217 106 78 225 241 220 178 188 185 248 130 183
116 209 174 103 232 246 234 59 32 239 118 23 222 75 7 57 97 20 79 28 4 215 60 42 153 22 171 13 113 242 211 144 80 164 156 52 145 1 167 195 149 180 16 24 190 219 18 87 226 88 19 160 71 29 58 50 240 142 223 12 2 9 244 204 43 231 104 176 158 73 114 173 21 212 92 46 30 53 169 197 179 95 69 10 216 89 140 192 66 68 11 74 26 133 82 177 49 105 129 187 193 27 6 163 3 38 147 101 165 245 186 47 196 203 121 157 120 214 31 111 36 15 54 25 56 218 109 61 224 237 93 81 235 70 41 51 210 64 175 63 108 122 107 14 151 91 128 233 152 37 40 227 134 76 55 172 115 34 17 84 98 96 8 148 143 72 45 161 254 206 208 65 229 205 119 162 124 62 44 35 123 155 5 48 102 191 170 159 39 146 228 189 247 112 86 127 138 33 125 90 249 198 201 238 131 213 83 67 136 0 110 168 132 99 77 94 181 100 199 236 137 207 184 126 250 251 221 150 182 255 141 243 117 194 202 253 230 139 135 166 154 252 200 85 217 106 78 225 241 220 178 188 185 248 130 183
116 209 174 103 232 246 234 59 32 239 118 23 222 75 7 57 97 20 79 28 4 215 60 42 153 22 171 48 113 242 211 144 80 13 156 17 145 1 167 195 149 180 16 24 190 219 18 87 226 88 19 160 133 29 58 50 240 142 51 12 2 9 244 204 43 231 104 176 224 73 114 173 21 212 92 46 30 53 169 197 179 95 69 10 216 89 140 192 66 68 11 251 26 71 82 177 49 105 129 187 193 27 6 163 3 38 147 101 165 245 186 47 196 203 121 157 138 67 31 111 36 15 54 25 56 218 109 61 72 237 93 81 235 70 41 128 210 64 175 63 108 122 107 14 151 91 223 233 152 37 40 227 134 76 55 172 115 34 52 84 98 96 8 148 143 158 45 161 254 206 208 65 229 205 119 162 124 62 44 35 123 155 5 164 102 191 170 159 39 146 228 189 247 112 86 127 120 33 125 90 249 198 201 238 131 213 83 214 136 0 110 168 132 99 77 94 181 100 199 236 137 207 184 126 250 74 221 150 182 255 141 243 117 194 202 253 230 139 135 166 154 200 252 85 217 106 78 225 241 220 178 188 185 248 130 183
116 209 174 103 232 246 234 59 32 239 118 23 222 75 7 57 97 20 79 28 4 215 60 42 153 22 171 48 113 242 211 144 80 13 156 17 145 1 167 195 149 180 16 24 190 219 18 87 226 88 19 160 133 29 58 50 240 142 51 12 2 9 244 204 43 231 104 176 224 73 114 173 21 212 92 46 30 53 169 197 179 95 69 10 216 89 140 192 66 68 11 251 26 71 82 177 49 105 129 187 193 27 6 163 3 38 147 101 165 245 186 47 196 203 121 157 138 67 31 111 36 15 54 25 56 218 109 61 72 237 93 81 235 70 130 128 210 64 175 63 108 122 107 14 151 91 223 233 152 37 40 227 134 76 55 172 115 34 52 84 98 96 8 148 143 158 45 161 254 206 208 65 229 205 119 162 124 62 44 35 123 155 5 164 102 191 170 159 39 146 228 189 247 112 86 127 120 33 125 90 249 198 201 238 131 213 83 214 136 0 110 168 132 99 77 94 181 100 199 236 137 207 184 126 250 74 221 150 182 255 141 243 117 194 202 253 230 139 135 166 154 200 252 85 217 106 78 225 241 220 178 188 185 248 41 183
116 209 174 103 232 246 234 59 32 239 118 23 222 75 7 57 97 20 79 28 4 215 60 42 153 22 171 48 113 242 211 144 80 13 156 17 145 1 167 195 149 180 16 24 190 219 18 87 226 88 19 160 133 29 58 50 240 142 51 12 2 9 244 204 43 231 104 176 224 73 114 173 21 212 92 46 30 53 169 197 179 95 69 10 216 89 140 192 66 68 11 251 26 200 82 177 49 105 129 187 193 27 6 163 3 38 147 101 165 245 186 47 196 203 121 157 138 67 31 111 36 15 54 25 56 218 109 61 72 237 93 81 235 70 130 128 210 64 175 63 108 122 107 14 151 91 223 233 152 37 40 227 134 76 55 172 115 34 52 84 98 96 8 148 143 158 45 161 254 206 208 65 229 205 119 162 124 62 44 35 123 155 5 164 102 191 170 159 39 146 228 189 247 112 86 127 120 33 125 90 249 198 201 238 131 213 83 214 136 0 110 168 132 99 77 94 181 100 199 236 137 207 184 126 250 74 221 150 182 255 141 243 117 194 202 253 230 139 135 166 154 71 252 85 217 106 78 225 241 220 178 188 185 248 41 183
116 209 174 103 232 246 234 59 32 239 118 23 222 75 7 57 97 20 79 28 4 215 60 42 153 22 171 95 19 242 211 144 80 13 156 17 145 1 167 195 149 110 16 24 190 219 18 87 226 88 113 160 71 29 58 178 240 142 51 12 2 9 244 204 43 231 104 176 158 253 114 173 21 212 92 99 30 53 169 197 179 164 69 10 216 89 140 192 66 68 11 74 26 133 82 177 49 105 129 187 193 27 6 163 3 38 147 101 165 245 186 47 196 203 121 157 120 67 31 111 36 15 54 25 56 218 109 61 72 237 93 81 235 70 41 128 112 64 175 63 108 122 107 14 151 91 223 233 152 37 40 227 134 76 55 172 115 34 52 84 5 96 8 148 143 224 45 161 254 206 208 65 229 205 119 162 124 62 44 35 123 155 98 48 102 191 170 159 39 146 228 189 247 210 86 127 138 33 125 90 249 198 201 238 131 213 83 214 136 0 180 168 132 46 77 94 181 100 199 236 137 207 184 126 250 251 221 150 182 255 141 243 117 194 202 217 230 139 135 166 154 252 200 85 73 106 78 225 241 220 50 188 185 248 130 183
116 209 174 103 232 246 234 59 32 239 118 23 222 75 7 57 97 20 79 28 4 215 60 42 153 22 171 95 43 242 211 144 80 13 156 17 145 1 167 195 149 180 16 24 190 219 18 87 226 88 19 160 71 29 58 50 240 142 51 12 2 9 244 204 113 231 104 176 158 73 114 173 21 212 92 46 30 53 169 197 179 164 69 10 216 89 140 192 27 68 11 74 26 133 82 177 49 105 129 187 193 236 6 163 3 38 147 101 165 245 186 47 196 203 121 157 120 67 31 111 36 15 54 25 56 218 109 61 224 237 93 81 235 70 41 128 112 64 175 63 108 122 107 14 151 91 223 233 152 37 40 227 134 76 55 172 115 34 52 84 98 96 8 148 143 72 45 161 254 206 208 65 229 214 119 162 124 62 44 35 123 155 5 48 102 191 170 159 39 146 228 189 247 210 86 127 138 33 125 90 249 198 201 238 131 213 83 205 136 0 110 168 132 99 77 94 181 100 199 66 137 207 184 126 250 251 221 150 182 255 141 243 117 194 202 253 230 139 135 166 154 252 200 85 217 106 78 225 241 220 178 188 185 248 130 183
116 209 174 103 232 246 234 59 32 239 118 23 222 75 7 57 97 20 79 28 4 215 60 42 153 22 171 95 113 242 41 144 80 13 156 17 145 1 167 195 149 180 16 24 190 219 18 87 226 88 19 160 71 15 58 50 240 142 51 12 2 9 244 204 186 231 104 176 158 66 114 173 21 212 92 46 30 53 169 197 179 164 69 10 216 89 140 192 251 68 11 74 43 133 82 177 49 105 129 187 193 27 6 163 3 38 147 101 165 245 134 47 196 203 121 157 120 67 31 111 36 135 54 25 56 218 109 61 224 237 93 81 235 70 211 128 210 64 175 63 108 122 107 14 151 91 223 233 152 37 40 227 110 76 55 172 115 34 8 84 98 96 26 148 143 72 45 161 254 206 208 65 229 205 119 162 124 62 44 35 123 155 5 48 102 191 170 159 39 146 228 189 247 112 86 127 138 33 125 90 249 198 201 238 131 213 83 73 136 0 126 168 132 99 77 94 181 100 199 236 137 207 184 255 250 214 221 150 52 182 141 243 117 194 202 253 230 139 29 166 154 252 200 85 217 106 78 225 241 220 178 188 185 248 130 183
116 209 174 103 232 246 234 59 32 239 118 23 222 75 7 57 97 20 79 28 4 215 60 42 153 22 171 95 113 242 41 144 80 13 156 17 145 1 167 195 149 180 16 24 190 219 18 87 226 88 19 160 71 15 58 50 240 142 51 12 2 9 244 204 186 231 104 176 158 66 114 173 21 212 92 46 30 53 169 197 179 164 69 10 216 89 140 192 251 68 11 74 43 133 82 177 49 105 129 187 193 27 6 163 3 38 147 101 165 245 134 47 196 203 121 157 120 67 31 111 36 135 54 25 56 218 109 61 224 237 93 81 235 70 211 128 210 64 175 63 108 122 107 14 151 91 223 233 152 37 40 227 110 76 55 172 115 34 8 84 98 96 26 148 143 72 45 161 254 206 208 65 229 205 119 162 124 62 44 35 123 155 5 48 102 191 170 159 39 146 228 189 247 112 86 127 138 33 125 90 249 198 201 238 131 213 83 73 136 0 126 168 132 99 77 94 181 100 199 236 137 207 184 255 250 214 221 150 182 52 141 243 117 194 202 253 230 139 29 166 154 252 200 85 217 106 78 225 241 220 178 188 185 248 130 183
116 209 174 103 232 246 234 59 32 239 118 23 222 75 7 57 97 20 79 28 4 215 60 42 153 22 171 95 113 242 196 144 80 13 156 17 145 1 167 195 149 180 16 24 190 69 2 87 226 88 19 160 71 29 58 50 240 142 51 12 192 9 244 204 43 231 104 176 158 66 114 173 21 212 92 46 30 53 169 197 179 164 219 10 216 89 140 31 251 68 182 74 26 133 82 177 49 105 129 187 193 27 6 163 3 38 147 101 165 245 11 47 211 203 121 157 120 67 18 111 36 15 54 25 56 218 109 61 224 237 93 81 235 70 41 128 210 64 175 63 108 122 107 14 151 91 223 233 152 37 40 227 110 76 55 172 115 34 134 84 98 96 8 148 143 72 45 161 254 206 208 65 229 205 119 162 124 62 44 86 123 155 5 48 102 191 170 159 39 146 228 189 247 112 35 127 138 33 125 90 249 198 201 238 131 213 83 73 136 0 126 168 132 99 77 94 181 100 199 236 137 207 184 255 250 214 221 150 52 186 141 243 117 194 202 253 230 139 135 166 154 252 200 85 217 106 78 225 241 220 178 188 185 248 130 183
116 209 174 103 232 246 234 59 32 239 118 23 222 75 7 57 97 20 79 28 4 215 60 42 153 22 171 95 113 242 196 144 80 13 156 17 145 1 167 195 149 180 16 24 190 69 2 87 226 88 19 160 71 29 58 50 240 142 51 12 192 9 244 204 206 231 104 176 158 66 114 173 21 212 92 46 30 53 169 197 179 164 219 10 216 89 140 31 251 68 182 74 26 133 82 177 49 105 129 187 193 27 6 163 3 38 147 101 165 245 11 47 211 203 121 157 120 67 18 111 36 15 54 25 56 218 109 61 224 237 93 81 235 70 41 128 210 64 175 63 108 122 107 14 151 91 223 233 152 37 40 227 110 76 55 172 115 34 134 84 98 96 8 148 143 72 45 161 254 43 208 65 229 205 119 162 124 62 44 86 123 155 5 48 102 191 170 159 39 146 228 189 247 112 35 127 138 33 125 90 249 198 201 238 131 213 83 73 136 0 126 168 132 99 77 94 181 100 199 236 137 207 184 255 250 214 221 150 52 186 141 243 117 194 202 253 230 139 135 166 154 252 200 85 217 106 78 225 241 220 178 188 185 248 130 183
116 209 174 103 232 246 234 59 32 239 118 23 222 75 7 57 97 20 79 28 4 215 60 42 153 22 171 95 113 242 196 144 80 13 156 17 145 1 167 195 149 180 16 24 190 69 2 87 226 88 19 160 71 29 58 50 240 142 51 12 192 9 244 204 206 231 104 176 158 66 114 173 21 212 92 46 30 53 169 197 179 164 219 10 216 89 140 31 251 68 182 74 26 133 82 177 49 105 129 187 193 27 6 163 3 38 147 101 165 245 11 47 211 203 121 157 120 67 18 111 36 15 54 25 56 218 109 73 224 237 93 81 235 70 41 128 210 64 175 63 108 122 107 14 151 91 223 233 152 37 40 227 110 76 55 172 115 34 134 84 98 96 8 148 143 72 45 161 254 43 208 65 229 205 119 162 124 62 44 86 123 155 5 48 102 191 170 159 39 146 228 189 247 112 35 127 138 33 125 90 249 198 201 238 131 213 83 61 136 0 126 168 132 99 77 94 181 100 199 236 137 207 184 255 250 214 221 150 52 186 141 243 117 194 202 253 230 139 135 166 154 252 200 85 217 106 78 225 241 220 178 188 185 248 130 183
116 209 174 103 232 246 234 59 32 239 118 23 222 75 7 57 97 20 79 28 4 215 60 42 153 22 171 95 113 242 196 144 80 13 156 17 145 1 167 195 149 180 16 24 190 69 192 87 226 88 19 160 71 29 58 50 240 142 51 12 2 9 244 204 43 231 104 176 158 66 114 173 21 212 92 46 30 53 169 197 179 164 219 10 216 89 140 18 251 68 182 74 26 133 82 177 49 105 129 187 193 27 6 163 3 38 147 101 165 245 11 47 211 203 121 157 120 67 31 111 36 15 54 25 56 218 109 61 224 237 93 81 235 70 41 128 210 64 175 63 108 122 107 14 151 91 223 233 152 37 40 227 110 76 55 172 115 34 134 84 98 96 8 148 143 72 45 161 254 206 208 65 229 205 119 162 124 62 44 86 123 155 5 48 102 191 170 159 39 146 228 189 247 112 35 127 138 33 125 90 249 198 201 238 131 213 83 73 136 0 126 168 132 99 77 94 181 100 199 236 137 207 184 255 250 214 221 150 52 186 141 243 117 194 202 253 230 139 135 166 154 252 200 85 217 106 78 225 241 220 178 188 185 248 130 183
116 209 174 103 232 246 234 59 32 239 118 23 222 75 7 57 97 20 79 28 4 215 60 42 153 22 171 95 113 242 196 144 80 13 156 17 145 1 167 195 149 180 16 24 190 69 192 87 226 88 19 160 71 29 58 50 240 142 51 12 2 9 244 204 43 231 104 176 158 66 114 173 21 212 92 46 30 53 169 197 179 164 219 10 216 89 140 31 251 68 182 74 26 133 82 177 49 105 129 187 193 27 6 163 3 38 147 101 165 245 11 47 211 203 121 157 120 67 18 111 36 15 54 25 56 218 109 61 224 237 93 81 235 70 41 128 210 64 175 63 108 122 107 14 151 91 223 233 152 37 40 227 110 76 55 172 115 34 134 84 98 96 8 148 143 72 45 161 254 206 208 65 229 205 119 162 124 62 44 86 123 155 5 48 102 191 170 159 39 146 228 189 247 112 35 127 138 33 125 90 249 198 201 238 131 213 83 73 136 0 126 168 132 99 77 94 181 100 199 236 137 207 184 255 250 214 221 150 52 186 141 243 117 194 202 253 230 139 135 166 154 252 200 85 217 106 78 225 241 220 178 188 185 248 130 183
116 209 174 103 232 246 234 59 32 239 118 23 222 75 7 57 97 20 79 28 4 215 60 42 153 22 171 95 113 242 211 104 80 13 156 17 145 1 167 195 149 180 34 24 190 219 18 87 226 88 19 160 71 29 58 50 240 142 51 12 2 9 244 204 43 231 144 176 158 66 114 173 16 212 92 46 30 48 169 197 179 164 69 10 216 89 140 192 251 68 21 74 26 133 82 177 49 105 129 187 193 27 6 163 3 38 147 101 165 245 134 47 196 203 121 157 120 67 31 111 36 15 54 25 56 218 109 61 224 237 37 81 235 70 41 128 210 64 175 63 108 122 107 14 151 91 223 233 152 93 40 227 110 76 55 52 115 11 172 84 98 96 8 148 143 72 45 161 254 206 208 65 229 205 119 162 124 62 44 35 123 155 5 53 102 191 170 159 39 146 228 189 247 112 86 127 138 33 125 90 249 198 201 238 168 213 83 73 136 0 126 131 132 99 77 94 181 100 199 236 137 207 184 178 250 214 221 150 182 186 141 243 117 194 202 253 230 139 135 166 154 252 200 85 217 106 78 225 241 220 255 188 185 248 130 183
116 209 174 103 232 246 234 59 32 239 118 23 222 75 7 57 97 20 79 28 4 215 60 42 153 22 171 95 113 242 211 104 80 13 156 17 145 1 167 195 149 180 34 24 190 219 18 87 226 88 19 160 71 29 58 50 240 142 51 12 2 9 244 204 43 231 144 176 158 66 114 173 16 212 92 46 30 48 169 197 179 164 69 10 216 89 140 192 251 68 21 74 26 133 82 177 49 105 129 187 193 27 6 163 3 38 147 101 165 245 134 47 253 203 121 157 120 67 31 111 36 15 54 25 56 218 109 61 224 237 37 81 235 70 41 128 210 64 175 63 108 122 107 14 151 91 223 233 152 93 40 227 110 76 55 52 115 11 172 84 98 96 8 148 143 72 45 161 254 206 208 65 229 205 119 162 124 62 44 35 123 155 5 53 102 191 170 159 39 146 228 189 247 112 86 127 138 33 125 90 249 198 201 238 168 213 83 73 136 0 126 131 132 99 77 94 181 100 199 236 137 207 184 178 250 214 221 150 182 186 141 243 117 194 202 196 230 139 135 166 154 252 200 85 217 106 78 225 241 220 255 188 185 248 130 183
116 209 174 103 232 246 234 59 32 239 118 23 222 75 7 57 97 20 79 28 4 215 60 42 153 22 171 95 113 242 211 144 80 13 149 17 145 1 167 195 156 180 16 24 190 219 18 87 226 88 19 160 71 29 58 50 240 142 51 12 2 9 244 204 43 231 104 176 158 66 114 173 21 212 92 46 30 53 169 197 179 164 69 10 216 89 140 192 251 68 11 74 26 133 82 177 49 105 129 187 193 27 6 163 3 38 147 101 165 245 186 47 196 203 121 157 120 67 31 111 36 15 54 25 56 218 109 131 224 237 93 81 235 70 41 128 210 64 175 63 108 122 107 14 151 91 223 233 152 37 40 227 110 76 55 172 115 34 134 84 98 96 8 148 143 72 45 161 254 206 208 65 229 205 119 162 124 62 44 35 123 155 5 48 102 191 170 159 39 146 228 189 247 112 86 127 138 33 125 90 249 198 201 238 61 213 83 73 136 0 126 168 132 99 77 94 181 100 199 236 137 207 184 255 250 214 221 150 182 52 141 243 117 194 202 253 230 139 135 166 154 252 200 85 217 106 78 225 241 220 178 188 185 248 130 183
116 209 174 103 232 246 234 59 32 239 118 23 222 75 7 57 97 20 79 28 4 215 60 42 153 22 171 95 113 242 211 144 80 13 156 17 145 1 167 88 149 180 16 24 190 219 18 87 226 195 19 160 71 29 58 50 240 142 51 12 2 9 244 204 43 231 104 176 158 66 114 173 21 212 92 46 30 53 169 197 179 164 69 10 216 89 140 192 251 68 182 74 26 133 39 177 49 105 129 187 193 27 6 163 3 38 147 101 165 245 11 47 196 203 121 157 120 67 31 111 36 15 54 25 56 218 109 61 224 237 93 81 235 70 41 128 210 64 175 63 108 35 107 14 151 91 223 233 152 37 40 227 110 76 55 172 115 34 134 84 98 96 8 148 143 72 45 161 254 206 208 65 229 205 119 162 124 62 44 122 123 155 5 48 102 191 170 159 82 146 228 189 247 112 86 127 138 33 125 90 249 198 201 238 131 213 83 73 136 0 126 168 132 99 77 94 181 100 199 236 137 207 184 255 250 214 221 150 52 186 141 243 117 194 202 253 230 139 135 166 154 252 200 85 217 106 78 225 241 220 178 188 185 248 130 183
116 209 174 103 232 246 234 59 32 239 118 23 222 75 7 57 97 20 79 28 4 215 60 42 153 22 171 95 113 242 211 144 80 13 156 17 145 1 167 88 149 180 16 24 190 219 18 195 226 87 19 160 71 29 58 50 240 142 51 12 2 9 244 204 43 231 104 176 158 66 114 173 21 212 92 46 30 53 169 197 179 164 69 10 216 89 140 192 251 68 182 74 26 133 39 177 49 105 129 187 193 27 6 163 3 38 147 101 165 245 11 47 196 203 121 157 120 67 31 111 36 15 54 25 56 218 109 61 224 237 93 81 235 70 41 128 210 64 175 63 108 35 107 14 151 91 223 233 152 37 40 227 110 76 55 172 115 34 134 84 98 96 8 148 143 72 45 161 254 206 208 65 229 205 119 162 124 62 44 122 123 155 5 48 102 191 170 159 82 146 228 189 247 112 86 127 138 33 125 90 249 198 201 238 131 213 83 73 136 0 126 168 132 99 77 94 181 100 199 236 137 207 184 255 250 214 221 150 52 186 141 243 117 194 202 253 230 139 135 166 154 252 200 85 217 106 78 225 241 220 178 188 185 248 130 183
116 209 174 103 232 246 234 59 32 239 118 23 222 75 7 57 97 20 79 28 4 215 60 42 153 22 171 95 113 242 211 144 80 13 156 17 145 1 167 88 149 180 16 24 190 219 18 195 226 87 19 160 71 29 58 50 240 142 51 12 2 9 244 204 43 231 104 176 158 66 114 173 21 212 92 46 30 53 169 197 179 164 69 10 216 89 140 192 251 68 182 129 26 133 39 177 49 105 74 187 193 27 6 163 3 38 147 101 165 245 11 47 196 203 121 157 120 67 31 111 122 15 54 25 56 218 109 61 224 237 93 81 235 70 41 128 210 64 175 63 108 35 107 14 151 91 223 233 152 37 40 227 110 76 55 172 115 34 134 84 98 96 8 148 143 72 45 161 254 206 208 65 229 205 119 162 124 62 44 36 123 155 5 48 102 191 170 159 82 146 228 189 247 112 86 127 138 33 125 90 249 198 201 238 131 213 83 73 136 0 126 168 132 99 77 94 181 100 199 236 137 207 184 255 250 214 221 150 52 186 141 243 117 194 202 253 230 139 135 166 154 252 200 85 217 106 78 225 241 220 178 188 185 248 130 183
116 209 174 103 232 246 234 59 32 239 118 23 222 75 7 57 97 20 79 28 4 215 60 42 153 22 171 95 113 242 211 144 80 13 156 17 145 1 167 88 149 180 16 24 190 219 18 195 226 87 19 160 71 29 58 50 240 142 51 12 2 9 244 204 43 231 104 176 158 66 114 173 21 212 92 46 30 53 169 197 179 164 166 10 216 89 140 192 251 68 182 129 26 133 39 177 49 105 74 187 193 27 6 163 3 38 147 101 165 245 11 47 196 203 121 157 120 67 31 111 122 15 54 25 56 218 109 61 224 237 93 81 235 70 41 128 210 64 175 63 108 35 107 14 151 91 223 233 152 37 40 227 110 76 55 172 115 34 134 84 98 96 8 148 143 72 45 161 254 206 208 65 229 205 119 162 124 62 44 36 123 155 5 48 102 191 170 159 82 146 228 189 247 112 86 127 138 33 125 90 249 198 201 238 131 213 83 73 136 0 126 168 132 99 77 94 181 100 199 236 137 207 184 255 250 214 221 150 52 186 141 243 117 194 202 253 230 139 135 69 154 252 200 85 217 106 78 225 241 220 178 188 185 248 130 183
116 209 174 103 232 246 234 59 32 239 118 23 222 75 7 57 97 20 79 28 4 215 60 42 153 22 171 95 113 242 211 144 80 13 156 17 145 1 167 88 149 180 16 24 190 219 18 195 226 87 19 160 71 29 58 50 240 142 51 12 2 9 244 204 43 231 104 176 158 66 114 173 21 212 92 46 30 53 169 197 179 164 166 10 216 89 140 192 251 68 182 129 26 133 39 177 49 105 74 187 193 27 6 163 3 38 147 101 165 245 11 47 196 203 121 157 120 67 31 111 122 15 54 25 56 218 109 61 224 237 93 81 235 168 41 128 210 64 175 63 108 35 107 14 151 91 223 233 152 37 40 227 110 76 55 172 115 34 134 84 98 96 8 148 143 72 45 161 254 206 208 65 229 205 119 162 124 62 44 36 123 155 5 48 102 191 170 159 82 146 228 189 247 112 86 127 138 33 125 90 249 198 201 238 131 213 83 73 136 0 126 70 132 99 77 94 181 100 199 236 137 207 184 255 250 214 221 150 52 186 141 243 117 194 202 253 230 139 135 69 154 252 200 85 217 106 78 225 241 220 178 188 185 248 130 183
116 209 174 103 232 246 234 59 32 239 118 23 222 75 7 57 97 20 79 28 4 215 60 42 153 22 171 95 113 242 211 144 80 13 156 17 145 1 167 177 149 180 16 24 190 219 43 87 226 88 19 160 71 29 58 50 195 142 51 12 2 9 244 204 18 231 104 176 158 66 114 173 21 212 92 46 30 53 169 197 179 164 69 10 216 89 140 192 251 77 182 74 26 133 82 240 49 105 129 187 193 27 6 163 3 38 147 101 165 245 11 47 196 203 121 157 120 67 31 111 36 15 54 25 56 218 109 61 224 237 93 81 235 70 41 128 210 64 175 63 108 122 107 14 151 91 223 233 52 37 40 227 110 76 55 172 115 34 84 134 98 96 8 148 143 72 45 161 254 206 208 65 229 205 119 162 124 62 44 35 123 155 5 48 102 191 170 159 39 146 228 189 247 112 86 127 138 33 125 90 249 198 201 238 131 213 83 73 136 0 126 168 132 99 68 94 181 100 199 236 137 207 184 255 250 214 221 150 152 186 141 243 117 194 202 253 230 139 135 166 154 252 200 85 217 106 78 225 241 220 178 188 185 248 130 183
116 209 174 103 232 246 234 59 32 239 118 23 222 75 7 57 97 20 79 28 4 215 60 42 153 22 171 95 113 242 211 144 80 13 156 17 145 1 167 177 149 180 16 24 190 219 43 87 226 88 19 160 71 29 58 50 195 142 51 12 2 9 244 204 18 231 104 176 158 66 114 173 21 212 92 46 30 53 169 197 179 164 69 10 216 89 140 192 251 77 182 74 26 133 82 240 49 105 129 187 193 27 6 163 3 38 147 101 165 245 11 47 196 203 121 157 120 67 31 111 36 135 54 25 56 218 109 61 224 237 93 81 235 70 41 128 210 64 175 63 108 122 107 14 151 91 223 233 52 37 40 227 110 76 55 172 115 34 84 134 98 96 8 148 143 72 45 161 254 206 208 65 229 205 119 162 124 62 44 35 123 155 5 48 102 191 170 159 39 146 228 189 247 112 86 127 138 33 125 90 249 198 201 238 131 213 83 73 136 0 126 168 132 99 68 94 181 100 199 236 137 207 184 255 250 214 221 150 152 186 141 243 117 194 202 253 230 139 15 166 154 252 200 85 217 106 78 225 241 220 178 188 185 248 130 183
116 209 174 103 232 246 234 59 32 239 118 23 222 75 7 57 97 20 79 28 4 215 60 42 153 22 171 95 113 242 211 144 80 13 156 17 145 1 167 195 149 180 16 24 52 219 18 87 226 88 19 160 71 29 58 50 240 142 51 12 2 9 244 204 43 231 104 176 158 66 114 173 21 212 92 46 30 53 169 197 179 164 69 10 216 89 140 192 251 68 182 74 26 133 82 177 49 105 129 187 193 27 6 163 3 38 147 101 165 245 11 47 196 203 121 157 120 67 31 111 36 15 54 25 56 218 109 61 224 237 93 81 235 70 41 128 210 64 175 63 108 122 107 14 151 91 223 233 190 37 40 227 110 76 55 172 115 34 84 134 98 96 8 148 143 72 45 161 254 206 208 65 229 205 119 162 124 62 44 35 123 155 5 48 102 191 170 159 39 146 228 189 247 112 86 127 138 33 125 90 249 198 201 238 131 213 83 73 136 0 126 168 132 99 77 94 181 100 199 236 137 207 184 255 250 214 221 150 152 186 141 243 117 194 202 253 230 139 135 166 154 252 200 85 217 106 78 225 241 220 178 188 185 248 130 183
116 209 174 103 232 246 234 59 32 239 118 23 222 75 7 57 97 20 79 28 4 215 60 42 153 22 171 95 113 242 211 144 80 13 156 17 145 1 167 195 149 180 16 24 52 219 18 87 226 88 19 160 71 29 58 50 240 142 51 12 2 9 244 204 43 231 104 176 158 66 114 173 21 212 92 46 30 53 169 197 179 164 69 10 216 89 140 192 251 68 182 74 26 133 82 177 49 105 129 187 193 27 6 163 3 38 147 101 165 245 11 47 196 203 121 157 120 67 31 111 36 15 54 25 56 218 109 112 224 237 93 81 235 70 41 128 210 64 175 63 108 122 107 14 151 91 223 233 190 37 40 227 110 76 55 172 115 34 84 134 98 96 8 148 143 72 45 161 254 206 208 65 229 205 119 162 124 62 44 35 123 155 5 86 102 191 170 159 39 146 228 189 247 61 48 127 138 33 125 90 249 198 201 238 131 213 83 73 136 0 126 168 132 99 77 94 181 100 199 236 137 207 184 255 250 214 221 150 152 186 141 243 117 194 202 253 230 139 135 166 154 252 200 85 217 106 78 225 241 220 178 188 185 248 130 183
116 209 174 103 232 246 234 59 32 239 118 23 222 75 7 57 97 20 79 28 4 215 60 42 153 22 171 95 113 242 211 144 80 13 156 17 145 1 167 195 149 180 16 24 89 219 18 87 226 88 19 160 71 29 58 50 240 142 51 12 2 9 244 204 43 231 104 176 158 66 114 173 21 212 92 46 30 53 169 197 179 164 69 10 216 190 140 192 251 68 11 74 26 133 82 177 49 105 129 187 193 27 6 163 3 38 147 101 165 245 186 47 196 203 121 157 120 67 31 111 36 15 54 25 56 218 109 61 224 237 93 81 235 70 41 128 210 64 175 63 108 122 107 14 151 91 223 233 152 37 40 227 110 76 55 172 115 34 52 84 98 96 8 148 143 72 45 161 254 206 208 65 229 205 119 162 124 62 44 35 123 155 5 48 102 191 170 159 39 146 228 189 247 112 86 127 138 33 125 90 249 198 201 238 131 213 83 73 136 0 126 168 132 99 77 94 181 100 199 236 137 207 184 255 250 214 221 150 182 134 141 243 117 194 202 253 230 139 135 166 154 252 200 85 217 106 78 225 241 220 178 188 185 248 130 183
116 209 174 103 232 246 234 59 32 239 118 23 222 75 7 57 97 20 79 28 4 215 60 42 153 22 171 95 113 242 211 144 80 13 156 17 145 1 167 195 149 180 16 24 190 69 192 87 226 88 19 160 71 29 58 50 240 142 51 12 2 9 244 204 43 231 104 176 158 66 114 173 21 212 92 46 30 53 169 197 179 164 219 10 216 89 140 18 251 68 182 74 26 133 82 177 49 105 129 187 193 27 6 163 3 38 147 101 165 245 11 47 196 203 121 157 120 67 31 111 36 15 54 25 56 218 109 61 224 237 93 81 235 70 41 128 210 64 175 63 108 122 107 14 151 91 223 233 152 37 40 227 110 76 55 172 115 34 134 84 98 96 8 148 143 72 45 161 254 206 208 65 229 205 119 162 124 62 44 86 123 155 5 48 102 191 170 159 39 146 228 189 247 112 35 127 138 33 125 90 249 198 201 238 131 213 83 73 136 0 126 168 132 99 77 94 181 100 199 236 137 207 184 255 250 214 221 150 52 186 141 243 117 194 202 253 230 139 135 166 154 252 200 85 217 106 78 225 241 220 178 188 185 248 130 183
116 209 174 103 232 246 234 59 32 239 118 23 222 75 7 57 97 20 79 28 4 215 60 42 153 22 171 95 113 242 211 144 80 13 156 17 145 1 167 195 149 180 16 24 190 72 18 87 226 88 19 160 71 29 58 50 240 142 51 66 2 9 244 204 43 101 104 176 158 73 114 173 21 212 92 46 30 191 169 197 179 164 69 10 216 89 140 192 12 68 11 74 26 133 82 177 49 105 129 111 193 27 6 163 3 90 147 231 165 245 186 47 196 210 121 157 120 67 31 187 36 15 54 25 56 218 109 61 224 237 93 81 235 70 41 128 110 64 175 63 108 122 107 14 151 91 223 233 152 37 40 227 134 76 55 172 115 34 52 84 98 96 8 148 143 219 45 161 254 206 208 65 229 205 119 162 124 62 44 35 123 155 5 48 102 53 170 159 39 146 228 189 247 112 86 127 138 33 125 38 249 198 201 238 131 213 83 214 136 0 126 168 132 99 77 94 181 100 199 236 137 207 184 255 250 251 221 150 182 203 141 243 117 194 202 253 230 139 135 166 154 252 200 85 217 106 78 225 241 220 178 188 185 248 130 183
116 209 174 103 232 246 234 59 32 239 118 23 222 75 7 57 97 20 79 28 4 215 60 42 153 22 171 95 113 242 211 144 80 13 156 17 145 1 167 195 149 180 16 24 190 72 18 87 226 88 19 160 71 29 58 50 240 142 51 66 2 9 244 204 43 101 104 176 158 73 114 173 21 212 92 46 30 191 169 197 179 164 69 10 216 89 140 192 12 68 11 74 26 133 82 177 49 105 129 111 193 27 6 163 3 90 147 231 165 245 186 47 196 210 121 157 120 67 31 187 36 15 54 25 56 218 109 61 224 237 93 81 235 70 41 128 110 64 175 63 108 122 107 14 151 91 223 233 152 37 40 227 134 76 55 172 115 34 52 84 98 96 8 148 143 219 45 161 254 206 208 65 229 205 119 162 124 62 44 35 123 155 5 48 102 53 170 159 39 146 228 189 247 112 86 127 138 33 125 253 249 198 201 238 131 213 83 214 136 0 126 168 132 99 77 94 181 100 199 236 137 207 184 255 250 251 221 150 182 203 141 243 117 194 202 38 230 139 135 166 154 252 200 85 217 106 78 225 241 220 178 188 185 248 130 183
116 209 174 103 232 246 234 59 32 239 118 23 222 75 7 57 97 20 79 28 4 215 60 42 153 22 171 95 113 242 211 144 80 13 156 17 145 1 167 195 149 180 16 24 190 72 18 87 226 88 19 160 71 29 58 50 240 142 51 66 2 9 244 204 43 231 104 176 158 73 114 173 21 212 92 46 30 53 169 197 179 164 69 10 216 89 140 192 12 68 11 74 26 133 82 177 49 105 129 111 193 27 6 163 3 90 147 101 165 245 186 47 196 210 121 157 120 67 31 187 36 15 54 25 56 218 109 61 224 237 93 81 235 70 41 128 110 64 175 63 108 122 107 14 151 91 223 233 152 37 40 227 134 76 55 172 115 34 52 84 98 96 8 148 143 219 45 161 254 206 208 65 229 205 119 162 124 62 44 35 123 155 5 48 102 191 170 159 39 146 228 189 247 112 86 127 138 33 125 38 249 198 201 238 131 213 83 214 136 0 126 168 132 99 77 94 181 100 199 236 137 207 184 255 250 251 221 150 182 203 141 243 117 194 202 253 230 139 135 166 154 252 200 85 217 106 78 225 241 220 178 188 185 248 130 183
116 209 174 103 232 246 234 59 32 239 118 23 222 75 7 57 97 20 79 28 4 215 60 42 153 22 171 95 113 242 211 144 80 13 156 17 145 1 167 195 149 180 16 24 190 72 18 87 226 88 19 160 71 29 58 50 240 142 51 66 2 9 244 204 43 231 104 176 158 73 114 173 21 212 92 46 30 191 169 197 179 164 69 10 216 89 140 192 12 68 11 74 26 133 82 177 49 105 129 111 193 27 6 163 3 90 147 101 165 245 186 47 196 210 121 157 120 67 31 187 36 15 54 25 56 218 109 61 224 237 93 81 235 70 41 128 110 64 175 63 108 122 107 14 151 91 223 233 152 37 40 227 134 76 55 172 115 34 52 84 98 96 8 148 143 219 45 161 254 206 208 65 229 205 119 162 124 62 44 35 123 155 5 48 102 53 170 159 39 146 228 189 247 112 86 127 138 33 125 38 249 198 201 238 131 213 83 214 136 0 126 168 132 99 77 94 181 100 199 236 137 207 184 255 250 251 221 150 182 203 141 243 117 194 202 253 230 139 135 166 154 252 200 85 217 106 78 225 241 220 178 188 185 248 130 183
116 209 174 103 232 246 234 59 32 239 118 23 222 75 7 57 97 20 79 28 4 215 60 42 153 22 171 95 113 242 211 144 80 13 156 17 145 1 167 195 149 180 16 24 190 150 18 87 226 88 19 160 71 29 58 50 240 142 51 43 2 9 244 204 12 231 104 176 158 66 114 173 21 212 92 46 30 53 169 197 179 164 69 44 216 89 140 192 73 68 11 74 26 133 82 177 49 105 129 187 193 27 6 163 3 90 147 101 112 245 186 47 196 203 121 157 120 67 31 111 36 170 54 25 56 218 109 61 224 237 93 81 235 70 41 128 210 64 175 63 108 122 107 14 151 91 223 233 152 37 40 227 134 76 55 172 115 34 52 84 98 96 8 148 143 72 45 161 254 206 208 65 229 205 119 162 124 62 10 35 123 155 5 48 102 191 15 159 39 146 228 189 247 110 86 127 138 33 125 38 249 198 201 238 131 213 83 214 136 0 126 168 132 99 77 94 181 100 199 236 137 207 184 255 250 251 221 219 182 165 141 243 117 194 202 253 230 139 135 166 154 252 200 85 217 106 78 225 241 220 178 188 185 248 130 183
116 209 174 103 232 246 234 59 32 239 118 23 222 75 7 57 97 20 79 28 4 215 60 42 153 22 171 95 113 242 211 144 80 13 156 17 145 1 167 195 149 180 16 24 190 219 18 87 131 88 19 160 71 29 58 50 240 142 51 12 2 9 244 204 43 231 104 176 158 66 114 173 21 212 92 46 30 53 169 197 179 164 69 10 216 89 140 192 73 68 11 74 26 133 82 177 49 105 129 187 193 27 6 163 3 38 147 101 110 245 186 47 196 203 121 157 120 67 31 111 36 15 54 25 56 218 109 61 224 237 93 81 235 70 41 128 210 64 175 63 108 122 107 14 151 91 223 233 152 37 40 227 134 76 55 172 115 34 52 84 98 96 8 148 143 72 45 161 254 206 208 65 229 205 119 162 124 62 44 35 123 155 5 48 102 191 170 159 39 146 228 189 247 112 86 127 138 33 125 90 249 198 201 238 253 213 83 214 136 0 126 168 132 99 77 94 181 100 199 236 137 207 184 255 250 251 221 150 182 165 141 243 117 194 202 226 230 139 135 166 154 252 200 85 217 106 78 225 241 220 178 188 185 248 130 183
116 209 174 103 232 246 234 59 32 239 118 23 222 75 7 57 97 20 79 28 4 215 60 42 153 22 171 95 113 242 211 144 80 13 156 17 145 1 167 195 149 180 16 24 190 219 18 87 226 88 19 160 56 29 58 50 240 142 51 12 2 9 244 204 43 231 104 176 158 73 114 173 21 212 92 46 30 53 169 197 179 164 69 10 216 89 140 192 66 68 11 74 26 133 82 177 49 105 129 187 193 27 6 163 3 38 147 101 165 245 186 47 196 203 121 157 120 67 31 111 36 15 54 25 71 218 109 61 224 237 93 81 235 70 41 128 210 64 175 63 108 122 107 14 151 91 223 233 152 37 40 227 134 76 55 172 115 34 52 84 98 96 8 148 143 72 45 161 254 206 208 65 229 205 119 162 124 62 44 35 123 155 5 48 102 191 170 159 39 146 228 189 247 112 126 127 138 33 125 90 249 198 201 238 131 213 83 214 136 0 110 168 132 99 77 94 181 100 199 236 137 207 184 86 250 251 221 150 182 255 141 243 117 194 202 253 230 139 135 166 154 252 200 85 217 106 78 225 241 220 178 188 185 248 130 183
116 209 174 103 232 246 234 59 32 239 118 23 222 75 7 57 97 20 79 28 4 215 60 42 153 22 171 95 113 242 211 144 80 13 156 17 145 1 167 195 149 180 16 24 190 219 18 87 226 88 19 160 71 15 58 50 240 142 51 12 2 9 244 204 186 231 104 176 158 66 114 173 21 212 92 46 30 53 169 197 179 164 69 10 216 89 140 192 251 68 11 74 43 133 82 177 49 105 129 187 193 27 6 163 3 38 147 101 165 245 134 47 196 203 121 157 120 67 31 111 36 135 54 25 56 218 109 61 224 237 93 81 235 70 41 128 210 64 175 63 108 122 107 14 151 91 223 233 152 37 40 227 110 76 55 172 115 34 8 84 98 96 26 148 143 72 45 161 254 206 208 65 229 205 119 162 124 62 44 35 123 155 5 48 102 191 170 159 39 146 228 189 247 112 86 127 138 33 125 90 249 198 201 238 131 213 83 73 136 0 126 168 132 99 77 94 181 100 199 236 137 207 184 255 250 214 221 150 182 52 141 243 117 194 202 253 230 139 29 166 154 252 200 85 217 106 78 225 241 220 178 188 185 248 130 183
116 209 174 103 232 246 234 59 32 239 118 23 222 75 7 57 97 20 79 28 4 215 60 42 153 22 171 95 113 242 211 144 80 13 156 17 145 1 167 195 149 180 16 24 190 219 18 87 226 88 19 160 71 29 58 50 240 30 51 12 2 9 244 204 43 38 104 176 158 73 114 173 21 212 92 46 142 53 169 197 179 164 69 10 216 89 140 192 66 68 11 74 26 133 82 177 49 105 129 187 193 27 6 163 3 231 147 101 165 245 126 47 196 203 121 157 120 67 31 111 36 15 54 25 56 218 109 61 224 237 93 81 235 70 41 128 210 64 175 63 108 122 107 14 151 91 223 233 152 37 40 227 134 76 55 172 115 34 52 84 98 96 8 148 143 72 45 161 254 206 208 65 229 205 119 162 124 62 44 35 123 155 5 48 102 191 170 159 39 146 228 189 247 112 86 127 138 33 125 90 249 198 201 238 131 213 83 214 136 0 110 168 132 99 77 94 181 100 199 135 137 207 184 186 250 251 221 150 182 255 141 243 117 194 202 253 230 139 236 166 154 252 200 85 217 106 78 225 241 220 178 188 185 248 130 183
116 209 174 103 232 246 234 59 32 239 118 23 222 75 7 57 97 20 79 28 4 215 60 42 153 22 171 95 113 242 211 144 80 13 156 17 145 1 167 195 149 180 16 24 190 219 18 87 226 88 19 160 71 29 58 50 240 30 51 12 2 9 244 204 43 231 104 176 158 73 114 173 21 212 92 46 142 53 169 197 179 164 69 10 216 89 140 192 66 68 11 74 26 133 82 177 49 105 129 187 193 27 6 163 3 38 147 101 165 245 126 47 196 203 121 157 120 67 31 111 36 15 54 25 56 218 109 61 224 237 93 81 235 70 41 128 210 64 175 63 108 122 107 14 151 91 223 233 152 37 40 227 134 76 55 172 115 34 52 84 98 96 8 148 143 72 45 161 254 206 208 65 229 205 119 162 124 62 44 35 123 155 5 48 102 191 170 159 39 146 228 189 247 112 86 127 138 33 125 90 249 198 201 238 131 213 83 214 136 0 110 168 132 99 77 94 181 100 199 135 137 207 184 186 250 251 221 150 182 255 141 243 117 194 202 253 230 139 236 166 154 252 200 85 217 106 78 225 241 220 178 188 185 248 130 183
116 209 174 103 232 246 234 59 32 239 118 23 222 75 7 57 97 20 79 28 4 215 60 42 153 22 171 95 113 242 211 144 80 13 156 17 145 1 167 195 149 180 16 24 190 219 18 87 226 88 19 160 71 29 58 50 240 142 51 8 2 9 244 204 43 231 104 176 158 66 114 173 21 212 92 46 30 53 169 197 179 164 69 10 216 89 140 192 73 68 11 74 26 133 82 177 49 105 129 187 193 27 6 163 3 38 147 101 110 245 186 47 196 203 121 157 120 67 31 111 36 15 54 25 56 218 109 61 224 237 93 81 235 238 41 128 210 64 175 63 108 122 107 14 151 91 223 233 152 37 40 227 134 76 55 172 115 34 52 84 98 96 12 148 143 72 45 161 254 206 208 65 229 205 119 162 124 62 44 35 123 155 5 48 102 191 170 159 39 146 228 189 247 112 86 127 138 33 125 90 249 198 201 70 131 213 83 214 136 0 126 168 132 99 77 94 181 100 199 236 137 207 184 255 250 251 221 150 182 165 141 243 117 194 202 253 230 139 135 166 154 252 200 85 217 106 78 225 241 220 178 188 185 248 130 183
116 209 174 103 232 246 234 59 32 239 118 23 222 75 7 57 97 20 79 28 4 215 60 42 153 22 171 95 113 242 211 144 80 13 156 17 145 1 167 195 149 180 16 24 190 219 18 87 226 88 19 160 71 29 58 50 240 142 51 12 2 9 244 204 26 231 104 176 158 66 114 173 21 212 92 46 30 53 169 197 179 164 69 10 216 89 140 192 251 68 11 74 43 133 82 177 49 105 129 187 193 27 6 163 3 38 147 101 165 245 134 47 196 203 121 157 120 67 31 111 36 15 54 25 56 218 109 61 224 237 93 81 235 70 41 128 210 64 175 63 108 122 107 14 151 91 223 233 152 37 40 227 110 76 55 172 115 34 8 84 98 96 186 148 143 72 45 161 254 206 208 65 229 205 119 162 124 62 44 35 123 155 5 48 102 191 170 159 39 146 228 189 247 112 86 127 138 33 125 90 249 198 201 238 131 213 83 73 136 0 126 168 132 99 77 94 181 100 199 236 137 207 184 255 250 214 221 150 182 52 141 243 117 194 202 253 230 139 135 166 154 252 200 85 217 106 78 225 241 220 178 188 185 248 130 183
116 209 174 103 232 246 234 59 32 239 118 23 222 75 7 57 97 20 79 28 4 215 60 42 153 22 171 95 113 242 211 144 80 13 156 17 145 1 167 195 149 180 16 24 190 219 18 87 226 88 19 160 71 29 58 50 240 142 51 12 2 9 244 204 43 38 104 176 158 66 114 173 21 212 92 46 30 53 169 197 179 164 69 10 216 89 140 192 251 68 11 74 26 133 82 177 49 105 129 187 193 27 6 163 3 52 147 101 165 245 231 47 196 203 121 157 120 67 31 111 36 15 54 25 56 218 109 61 224 237 93 81 235 70 41 128 210 64 175 63 108 122 107 14 151 91 223 233 152 37 40 227 110 76 55 172 115 34 134 84 98 96 8 148 143 72 45 161 254 206 208 65 229 205 119 162 124 62 44 35 123 155 5 48 102 191 170 159 39 146 228 189 247 112 86 127 138 33 125 90 249 198 201 238 131 213 83 73 136 0 126 168 132 99 77 94 181 100 199 236 137 207 184 255 250 214 221 150 182 186 141 243 117 194 202 253 230 139 135 166 154 252 200 85 217 106 78 225 241 220 178 188 185 248 130 183
116 209 174 103 232 246 234 59 32 239 118 23 222 75 7 57 97 20 79 28 4 215 60 42 153 22 171 95 113 242 211 144 80 13 156 17 145 1 167 195 149 180 16 24 190 219 18 87 226 88 19 160 71 29 58 50 240 142 51 12 2 9 244 204 43 38 104 176 158 66 114 173 21 212 92 46 30 53 169 197 179 164 69 10 216 89 140 192 251 68 11 74 26 133 82 177 49 105 129 187 193 27 6 163 3 231 147 101 165 245 52 47 196 203 121 157 120 67 31 111 36 15 54 25 56 218 109 61 224 237 93 81 235 70 41 128 210 64 175 63 108 122 107 14 151 91 223 233 152 37 40 227 110 76 55 172 115 34 134 84 98 96 8 148 143 72 45 161 254 206 208 65 229 205 119 162 124 62 44 35 123 155 5 48 102 191 170 159 39 146 228 189 247 112 86 127 138 33 125 90 249 198 201 238 131 213 83 73 136 0 126 168 132 99 77 94 181 100 199 236 137 207 184 255 250 214 221 150 182 186 141 243 117 194 202 253 230 139 135 166 154 252 200 85 217 106 78 225 241 220 178 188 185 248 130 183
116 209 174 103 232 246 234 59 32 239 118 23 222 75 7 57 97 20 79 28 4 215 60 42 153 22 171 95 113 242 211 144 80 13 156 17 145 1 167 195 149 180 16 24 190 219 18 87 226 88 19 160 71 29 58 50 240 142 51 12 2 9 244 204 43 38 104 176 158 66 114 173 21 212 92 46 30 53 169 197 179 164 69 10 216 89 140 192 251 68 11 74 26 133 82 177 49 105 129 187 193 27 6 163 3 231 147 101 165 245 52 47 196 203 121 157 120 67 31 111 36 15 54 25 56 218 109 61 224 237 93 81 235 70 41 128 210 64 175 63 108 122 107 14 151 91 223 233 152 37 40 227 110 76 55 172 115 34 134 84 98 96 8 148 143 72 45 161 254 206 208 65 229 205 170 162 124 62 44 35 123 155 5 48 102 191 119 159 39 146 228 189 247 112 86 127 138 33 125 90 249 198 201 238 131 213 83 73 136 0 126 168 132 99 77 94 181 100 199 236 137 207 184 255 250 214 221 150 182 186 141 243 117 194 202 253 230 139 135 166 154 252 200 85 217 106 78 225 241 220 178 188 185 248 130 183
116 209 174 103 232 246 234 59 32 239 118 23 222 75 7 57 97 20 79 28 4 215 60 42 153 22 171 95 113 242 211 144 80 13 156 17 145 1 167 195 149 180 16 24 190 219 18 87 226 88 19 160 71 29 58 50 240 142 51 12 2 9 244 204 43 38 104 176 158 66 114 173 21 212 92 46 30 53 169 197 179 164 69 10 216 89 140 192 251 68 11 74 26 133 82 177 49 105 129 187 193 27 6 163 3 231 147 101 165 245 134 47 196 203 121 157 120 67 31 111 36 15 54 25 56 218 109 61 224 237 93 81 235 70 41 128 210 64 175 63 108 122 107 14 151 91 223 233 152 37 40 227 110 76 55 172 115 34 52 84 98 96 8 148 143 72 45 161 254 206 208 65 229 205 170 162 124 62 44 35 123 155 5 48 102 191 119 159 39 146 228 189 247 112 86 127 138 33 125 90 249 198 201 238 131 213 83 73 136 0 126 168 132 99 77 94 181 100 199 236 137 207 184 255 250 214 221 150 182 186 141 243 117 194 202 253 230 139 135 166 154 252 200 85 217 106 78 225 241 220 178 188 185 248 130 183
116 209 174 103 232 246 234 59 32 239 118 23 222 75 7 57 97 20 79 28 4 215 60 42 153 22 171 95 113 242 211 144 80 13 156 17 145 1 167 195 149 180 16 24 190 219 18 87 226 88 19 160 71 29 58 50 240 142 51 12 2 9 244 204 43 38 104 176 158 66 114 173 21 212 92 46 30 53 169 197 179 164 69 10 216 89 140 192 251 68 11 74 26 133 82 177 49 105 129 187 193 27 6 163 3 231 147 101 165 245 134 47 196 203 121 157 120 67 31 111 36 15 54 25 56 218 109 221 224 237 93 81 235 70 41 128 210 64 175 63 108 122 107 14 151 91 223 233 152 37 40 227 110 76 55 172 115 34 52 84 98 96 8 148 143 72 45 161 254 206 208 65 229 205 170 162 124 62 44 35 123 155 5 48 102 191 119 159 39 146 228 189 247 112 86 127 138 33 125 90 249 198 201 238 131 213 83 73 136 0 126 168 132 99 77 94 181 100 199 236 137 207 184 255 250 214 61 150 182 186 141 243 117 194 202 253 230 139 135 166 154 252 200 85 217 106 78 225 241 220 178 188 185 248 130 183
116 209 174 103 232 246 234 59 32 239 118 23 222 75 7 57 97 20 79 28 4 215 60 42 153 22 171 95 113 242 211 144 80 13 156 17 145 1 167 195 149 180 16 24 190 219 18 87 226 88 19 160 71 29 58 50 240 142 51 12 2 9 244 204 43 38 104 176 158 66 114 173 21 212 92 46 30 53 169 197 179 164 69 10 216 89 140 192 251 68 11 74 26 133 82 177 49 105 129 187 193 27 6 163 3 231 147 101 165 245 186 47 196 203 121 157 120 67 31 111 36 15 54 25 56 218 109 61 224 237 93 81 235 70 41 110 210 64 175 63 108 122 107 14 151 91 223 233 152 37 40 227 128 76 55 172 115 34 134 84 98 96 8 148 143 72 45 161 254 206 208 65 229 205 119 162 124 62 44 35 123 155 5 48 102 191 170 159 39 146 228 189 247 112 86 127 138 33 125 90 249 198 201 238 131 213 83 73 136 0 126 168 132 99 77 94 181 100 199 236 137 207 184 255 250 214 221 150 182 52 141 243 117 194 202 253 230 139 135 166 154 252 200 85 217 106 78 225 241 220 178 188 185 248 130 183
116 209 174 103 232 246 234 59 32 239 118 23 222 75 7 57 97 20 79 28 4 215 60 42 153 22 171 95 113 242 211 144 80 13 156 17 145 1 167 195 149 180 16 24 190 219 18 87 226 88 19 160 71 29 58 50 240 142 51 12 2 9 244 204 43 38 104 176 158 66 114 173 21 212 92 46 30 53 169 197 179 164 69 10 216 89 140 192 251 68 11 74 26 133 82 177 49 105 129 187 193 27 6 163 3 231 147 101 165 245 186 47 196 203 121 157 120 67 31 111 36 15 54 25 56 218 109 61 224 237 93 81 235 70 41 128 210 64 175 63 108 122 107 14 8 91 223 233 152 37 40 227 110 76 55 172 115 34 134 84 98 96 151 148 143 72 45 161 254 206 208 65 229 205 119 162 124 62 44 35 123 155 5 48 102 191 170 159 39 146 228 189 247 112 86 127 138 33 125 90 249 198 201 238 131 213 83 73 136 0 126 168 132 99 77 94 181 100 199 236 137 207 184 255 250 214 221 150 182 52 141 243 117 194 202 253 230 139 135 166 154 252 200 85 217 106 78 225 241 220 178 188 185 248 130 183
116 209 174 103 232 246 234 59 32 239 118 23 222 75 7 57 97 20 79 28 4 215 60 42 153 22 171 95 113 242 211 144 80 13 156 17 145 1 167 195 149 180 16 24 190 219 18 87 226 88 19 160 71 29 58 50 240 142 51 12 2 9 244 204 43 38 104 176 158 66 114 173 21 212 92 46 30 53 169 197 179 164 69 10 216 89 140 192 251 68 11 74 26 133 82 177 49 105 129 187 193 27 6 163 3 231 147 101 165 245 186 47 196 203 121 157 120 67 31 111 36 15 54 25 56 218 109 61 224 237 93 81 235 70 41 128 210 64 175 63 108 122 107 14 151 91 223 233 152 37 40 227 110 76 55 172 115 34 134 84 98 96 8 148 143 72 45 161 254 206 208 65 229 205 119 162 124 62 44 35 123 155 5 48 102 191 170 159 39 146 228 189 247 112 86 127 138 33 125 90 249 198 201 238 131 213 83 73 136 0 126 168 132 99 77 94 181 100 199 236 137 207 184 255 250 214 221 150 182 52 141 243 117 194 202 253 230 139 135 166 154 252 200 85 217 106 78 225 241 220 178 188 185 248 130 183
116 209 174 103 232 246 234 59 32 239 118 23 222 75 7 57 97 20 79 28 4 215 60 42 153 22 171 95 113 242 211 144 80 13 156 17 145 1 167 195 149 180 16 24 190 219 18 87 226 88 19 160 71 29 58 50 240 142 51 12 2 9 244 204 43 38 104 176 158 66 114 173 21 212 92 46 30 53 169 197 179 164 69 10 216 89 140 192 251 68 11 74 26 133 82 177 49 105 134 187 193 27 6 163 3 231 147 101 165 245 186 47 196 203 121 157 120 67 31 111 36 15 54 25 56 218 109 61 224 237 93 81 235 70 41 128 210 64 175 63 108 122 107 14 151 91 223 233 152 37 40 227 110 76 55 172 115 34 45 84 98 96 8 148 143 72 129 161 254 206 208 65 229 205 119 162 124 62 44 35 123 155 5 48 102 191 170 159 39 146 228 189 247 112 86 127 138 33 125 90 249 198 201 238 131 213 83 73 136 0 126 168 132 99 77 94 181 100 199 236 137 207 184 255 250 214 221 150 182 52 141 243 117 194 202 253 230 139 135 166 154 252 200 85 217 106 78 225 241 220 178 188 185 248 130 183
116 209 174 103 232 246 234 59 32 239 118 23 222 75 7 57 97 20 79 28 4 215 60 42 153 22 171 95 113 242 211 144 80 13 156 17 145 1 167 195 149 180 16 24 190 219 18 87 226 88 19 160 71 29 58 50 240 142 51 12 2 9 244 204 43 38 104 176 158 66 114 173 21 212 92 46 30 53 169 197 179 164 69 10 216 89 140 192 251 68 11 74 26 133 82 177 49 105 134 187 193 27 6 163 3 231 147 101 165 245 186 47 196 203 121 157 120 67 31 111 36 15 54 25 56 218 109 61 224 237 93 81 235 70 41 128 210 64 175 63 108 122 107 14 151 91 223 233 152 37 40 227 110 76 55 172 115 34 45 84 98 96 8 148 143 72 129 161 254 206 208 65 229 205 119 162 124 62 44 35 123 155 5 48 102 191 170 159 39 146 228 189 247 112 86 127 138 33 125 90 249 198 201 238 253 213 83 73 136 0 126 168 132 99 77 94 181 100 199 236 137 207 184 255 250 214 221 150 182 52 141 243 117 194 202 131 230 139 135 166 154 252 200 85 217 106 78 225 241 220 178 188 185 248 130 183
116 209 174 103 232 246 234 59 32 239 118 23 222 75 7 57 97 20 79 28 4 215 60 42 153 22 171 95 113 242 211 144 80 13 156 17 145 1 167 195 149 180 16 24 190 219 18 87 226 88 19 160 71 29 58 50 240 142 51 12 2 9 244 204 43 38 104 176 158 66 114 173 21 212 92 46 30 53 169 197 179 164 69 10 216 89 140 192 251 68 11 129 26 133 82 177 49 105 74 187 193 27 6 163 3 231 147 101 165 245 52 47 196 203 121 157 120 67 31 111 36 15 54 25 56 218 109 61 224 237 93 81 235 70 41 128 210 64 175 63 108 122 107 14 151 91 223 233 152 37 40 227 110 76 55 172 115 34 134 84 98 96 8 148 143 72 45 161 254 206 208 65 229 205 119 162 124 62 44 35 123 155 5 48 102 191 170 159 39 146 228 189 247 112 86 127 138 33 125 90 249 198 201 238 131 213 83 73 136 0 126 168 132 99 77 94 181 100 199 236 137 207 184 255 250 214 221 150 182 186 141 243 117 194 202 253 230 139 135 166 154 252 200 85 217 106 78 225 241 220 178 188 185 248 130 183
116 209 174 103 232 246 234 59 32 239 118 23 222 75 7 57 97 20 79 28 4 215 60 42 153 22 171 95 113 242 211 144 80 13 156 17 145 1 167 195 149 180 16 24 190 219 18 87 226 88 19 160 71 29 58 50 240 142 51 12 2 9 244 204 43 101 104 176 158 73 114 173 21 212 92 46 30 53 169 197 179 164 69 10 216 89 231 192 66 68 11 74 26 112 82 177 49 105 129 187 193 27 6 163 3 38 147 140 133 245 186 47 196 203 121 157 120 67 31 111 36 15 54 25 56 218 109 61 224 237 93 81 235 70 41 128 210 64 175 63 108 122 107 14 151 91 223 233 238 37 40 227 134 76 55 172 115 34 182 84 98 96 8 127 143 72 45 161 254 206 208 65 229 205 119 162 124 62 44 35 123 155 5 48 102 191 170 159 39 146 228 189 247 110 86 148 138 33 125 90 249 198 201 152 131 213 83 214 136 0 126 168 132 99 77 94 181 100 199 236 137 207 184 255 250 251 221 150 52 165 141 243 117 194 202 253 230 139 135 166 154 252 200 85 217 106 78 225 241 220 178 188 185 248 130 183
116 209 174 103 232 246 234 59 32 239 118 23 222 75 7 57 97 20 79 28 4 215 60 42 153 22 171 95 113 242 211 144 80 13 156 17 145 1 167 195 149 180 16 24 190 219 18 87 226 88 19 160 71 29 58 50 240 142 51 12 2 9 244 204 43 101 104 176 158 73 114 173 21 212 92 46 30 53 169 197 179 164 69 10 216 89 231 192 66 68 11 74 26 133 82 177 49 105 129 187 193 27 6 163 3 38 147 140 112 245 186 47 196 203 121 157 120 67 31 111 36 15 54 25 56 218 109 61 224 237 93 81 235 70 41 128 210 64 175 63 108 122 107 14 151 91 223 233 152 37 40 227 134 76 55 172 115 34 182 84 98 96 8 127 143 72 45 161 254 206 208 65 229 205 119 162 124 62 44 35 123 155 5 48 102 191 170 159 39 146 228 189 247 110 86 148 138 33 125 90 249 198 201 238 131 213 83 214 136 0 126 168 132 99 77 94 181 100 199 236 137 207 184 255 250 251 221 150 52 165 141 243 117 194 202 253 230 139 135 166 154 252 200 85 217 106 78 225 241 220 178 188 185 248 130 183
116 209 174 103 232 246 234 59 32 239 118 23 222 75 7 57 97 20 79 28 4 215 60 42 153 22 171 95 113 242 211 144 80 13 156 17 145 1 167 195 149 180 16 24 190 219 18 87 226 88 19 160 71 29 58 50 240 142 51 12 2 9 244 204 43 101 104 176 158 73 114 173 21 212 92 46 30 53 169 197 179 164 69 10 216 89 231 192 66 68 11 74 26 133 82 177 49 105 129 187 193 27 6 163 3 38 147 140 112 245 186 47 196 203 121 157 120 67 31 111 36 15 54 25 56 218 109 61 224 237 93 81 235 70 41 128 210 64 175 63 108 122 107 14 151 91 223 233 238 37 40 227 134 76 55 172 115 34 182 84 98 96 8 127 143 72 45 161 254 206 208 65 229 205 119 162 124 62 44 35 123 155 5 48 102 191 170 159 39 146 228 189 247 110 86 148 138 33 125 90 249 198 201 152 131 213 83 214 136 0 126 168 132 99 77 94 181 100 199 236 137 207 184 255 250 251 221 150 52 165 141 243 117 194 202 253 230 139 135 166 154 252 200 85 217 106 78 225 241 220 178 188 185 248 130 183
116 209 174 103 232 246 234 59 32 239 118 23 222 75 7 57 97 20 79 28 4 215 60 42 153 22 171 95 113 242 211 144 80 13 156 17 145 1 167 195 149 180 16 24 190 219 18 87 226 88 19 160 71 29 58 50 240 142 51 12 2 9 244 204 43 231 104 11 158 66 114 173 21 212 92 46 30 53 169 197 179 164 69 10 216 89 140 192 251 68 172 74 26 133 82 177 49 105 129 187 193 27 6 163 3 38 147 101 98 245 134 47 196 203 121 157 120 67 31 111 36 15 54 25 56 218 109 61 224 237 93 81 235 70 41 128 210 64 175 63 108 122 107 14 151 91 223 233 152 37 40 227 110 76 55 176 115 34 52 84 165 96 8 148 143 72 45 161 254 206 208 65 229 205 119 162 124 62 44 35 123 155 5 48 102 191 170 159 39 146 228 189 247 112 86 127 138 33 125 90 249 198 201 238 131 213 83 73 136 0 126 168 132 99 77 94 181 100 199 236 137 207 184 255 250 214 221 150 182 186 141 243 117 194 202 253 230 139 135 166 154 252 200 85 217 106 78 225 241 220 178 188 185 248 130 183
116 209 174 103 232 246 234 59 32 239 118 23 222 75 7 57 97 20 79 28 4 215 60 42 153 22 171 95 113 242 211 144 80 13 156 17 145 1 167 195 149 180 16 24 190 219 18 87 226 88 19 160 71 29 58 50 240 142 51 12 2 9 244 204 43 231 104 11 158 66 114 173 21 212 92 46 30 53 169 197 179 164 69 10 216 89 140 192 251 68 172 74 26 133 82 177 49 105 129 187 193 27 6 163 3 38 147 101 98 245 134 47 196 203 121 157 120 67 31 111 36 15 54 25 56 218 109 61 224 237 93 81 235 70 41 128 210 64 175 63 108 122 107 14 151 91 223 233 152 37 40 227 110 76 55 176 115 34 52 84 165 96 8 148 143 72 45 161 254 206 208 65 229 205 119 162 124 62 44 35 123 155 5 48 102 191 170 159 39 146 228 189 247 112 86 127 138 33 125 90 249 198 201 238 131 213 83 73 136 0 126 168 132 99 77 94 181 100 199 236 137 207 184 255 250 225 221 150 182 186 141 243 117 194 202 253 230 139 135 166 154 252 200 85 217 106 78 214 241 220 178 188 185 248 130 183
116 209 174 103 232 246 234 59 32 239 118 23 222 75 7 57 97 20 79 28 4 215 60 42 153 22 171 95 113 242 211 144 80 13 156 17 145 1 167 195 149 180 16 24 190 219 18 87 226 88 19 160 71 29 58 50 240 142 51 12 2 9 244 204 43 231 104 11 158 66 114 173 21 212 92 46 30 53 169 197 179 164 69 10 216 89 140 192 251 68 172 74 26 133 82 177 49 105 129 187 193 27 6 163 3 38 147 101 165 245 134 47 196 203 121 157 120 67 31 111 36 15 54 25 56 218 109 61 224 237 93 81 235 70 41 128 210 64 175 63 108 122 107 14 151 91 223 233 152 37 40 227 110 76 55 176 115 34 52 84 98 96 8 148 143 72 45 161 254 206 208 65 229 205 119 162 124 62 44 35 123 155 5 48 102 191 170 159 39 146 228 189 247 112 86 127 138 33 125 90 249 198 201 238 131 213 83 73 136 0 126 168 132 99 77 94 181 100 199 236 137 207 184 255 250 214 221 150 182 186 141 243 117 194 202 253 230 139 135 166 154 252 200 85 217 106 78 225 241 220 178 188 185 248 130 183
116 209 174 103 232 246 234 59 32 239 118 23 222 75 7 57 97 20 79 28 4 215 60 42 153 22 171 95 113 242 211 144 80 13 156 17 145 1 167 195 149 180 16 24 190 219 18 87 226 88 19 160 71 29 58 50 240 142 51 12 2 9 244 204 43 231 104 11 158 66 114 173 21 212 92 46 30 53 169 197 179 164 69 10 216 89 140 192 251 119 176 74 26 133 82 177 49 105 129 187 193 27 6 163 3 38 147 101 165 245 134 47 196 203 121 157 120 67 31 111 36 15 54 25 56 218 109 61 224 237 93 81 235 70 41 128 210 64 175 63 108 122 107 14 151 91 223 233 152 37 40 227 110 76 55 172 115 34 73 84 98 96 8 148 143 72 45 161 254 206 208 65 229 205 68 162 124 62 44 35 123 155 5 48 102 191 170 159 39 146 228 189 247 112 86 127 138 33 125 90 249 198 201 238 131 213 83 0 136 52 126 168 132 99 77 94 181 100 199 236 137 207 184 255 250 214 221 150 182 186 141 243 117 194 202 253 230 139 135 166 154 252 200 85 217 106 78 225 241 220 178 188 185 248 130 183
116 209 174 103 232 246 234 59 32 239 118 23 222 75 7 57 97 20 79 28 4 215 60 42 153 22 171 95 113 242 211 144 80 13 156 17 145 1 167 195 149 180 16 24 190 219 18 87 226 88 19 160 71 29 58 50 240 142 51 12 2 9 244 204 43 231 104 152 158 66 114 173 21 212 92 46 30 53 169 197 179 164 69 10 216 89 140 192 38 68 11 74 26 133 82 177 49 105 129 187 193 27 6 163 3 52 147 101 165 245 186 47 196 203 121 157 120 67 31 111 36 15 54 25 56 218 109 61 224 237 93 81 235 70 41 128 210 64 175 63 108 122 107 14 151 91 223 233 176 37 40 227 110 76 55 172 115 34 73 84 98 96 8 148 143 72 45 161 254 206 208 65 229 205 119 162 124 62 44 35 123 155 5 48 102 191 170 159 39 146 228 189 247 112 86 127 138 33 125 90 249 198 201 238 131 213 83 214 136 0 126 168 132 99 77 94 181 100 199 236 137 207 184 255 250 251 221 150 182 134 141 243 117 194 202 253 230 139 135 166 154 252 200 85 217 106 78 225 241 220 178 188 185 248 130 183
116 209 174 103 232 246 234 59 32 239 118 23 222 75 7 57 97 20 79 28 4 215 60 42 153 22 171 95 113 242 211 144 80 13 156 17 145 1 167 195 149 180 16 24 190 219 18 87 226 88 19 160 71 29 58 50 240 142 51 12 2 9 244 204 43 231 104 152 158 66 114 173 21 212 92 46 30 53 169 197 179 164 69 10 216 89 140 192 38 68 11 74 26 133 82 177 49 105 129 187 193 27 6 163 3 52 147 201 165 245 186 47 196 203 121 157 120 67 31 111 36 15 54 25 56 218 109 61 224 237 93 81 235 70 41 128 210 64 175 63 108 122 107 14 151 91 223 233 176 37 40 227 110 76 55 172 115 34 73 84 98 96 8 148 143 72 45 161 254 206 208 65 229 205 119 162 124 62 44 35 123 155 5 48 102 191 170 159 39 146 228 189 247 112 86 127 138 33 125 90 249 198 101 238 131 213 83 214 136 0 126 168 132 99 77 94 181 100 199 236 137 207 184 255 250 251 221 150 182 134 141 243 117 194 202 253 230 139 135 166 154 252 200 85 217 106 78 225 241 220 178 188 185 248 130 183
116 209 174 103 232 246 234 59 32 239 118 23 222 75 7 57 97 20 79 28 4 215 60 42 153 22 171 95 113 242 211 144 80 13 156 17 145 1 167 195 149 180 16 24 190 219 18 87 226 88 19 160 71 29 58 50 240 142 51 12 2 9 244 204 43 231 104 152 158 66 114 173 21 212 92 46 30 53 169 197 179 164 69 10 216 89 140 192 73 68 11 54 26 133 82 177 49 105 129 187 193 27 6 163 3 38 147 101 238 245 186 47 196 203 121 157 120 67 31 111 36 15 74 25 56 218 109 61 224 237 93 81 235 70 41 128 210 64 175 63 108 122 107 14 151 91 223 233 176 37 40 227 110 76 55 172 115 34 52 84 98 96 8 148 143 72 45 161 254 206 208 65 229 205 119 162 124 62 165 35 123 155 5 48 102 191 170 159 39 146 228 189 247 112 86 127 138 33 125 90 249 198 201 134 131 213 83 214 136 0 126 168 132 99 77 94 181 100 199 236 137 207 184 255 250 251 221 150 182 44 141 243 117 194 202 253 230 139 135 166 154 252 200 85 217 106 78 225 241 220 178 188 185 248 130 183
116 209 174 103 232 246 234 59 32 239 118 23 222 75 7 57 97 20 79 28 4 215 60 42 153 22 171 95 113 242 211 144 80 13 156 17 145 1 167 195 149 180 16 24 190 219 18 87 226 88 19 160 71 29 58 50 240 142 51 12 2 9 244 204 43 231 104 152 158 66 114 173 21 212 92 46 30 53 169 197 179 164 69 10 216 89 140 192 73 68 11 74 26 133 82 177 49 105 129 187 193 27 6 163 3 38 147 101 112 245 186 47 196 203 121 157 120 67 31 111 36 15 54 25 56 218 109 61 224 237 93 81 235 70 41 128 210 64 175 63 108 122 107 14 151 91 223 233 176 37 40 227 134 76 55 172 115 34 52 84 98 96 8 249 143 72 45 161 254 206 208 65 229 205 119 162 124 62 44 35 123 155 5 48 102 191 170 159 39 146 228 189 247 110 86 127 138 33 125 90 148 198 201 238 131 213 83 214 136 0 126 168 132 99 77 94 181 100 199 135 137 207 184 255 250 251 221 150 182 165 141 243 117 194 202 253 230 139 236 166 154 252 200 85 217 106 78 225 241 220 178 188 185 248 130 183
116 209 174 103 232 246 234 59 32 239 118 23 222 75 7 57 97 20 79 28 4 215 60 42 153 22 171 95 113 242 211 144 80 13 156 17 145 1 167 195 149 180 16 24 190 219 18 87 226 88 19 160 71 29 58 50 240 142 51 12 2 9 244 204 43 231 104 152 158 66 114 173 21 212 92 46 30 53 169 197 179 164 69 10 216 89 140 192 73 68 11 74 26 133 82 177 49 105 129 187 193 27 6 163 3 38 147 101 112 245 186 47 196 203 121 157 120 67 31 111 36 15 54 25 56 218 109 61 224 237 93 81 235 70 41 128 210 64 175 63 108 122 107 14 151 91 223 233 176 37 40 227 134 76 55 172 115 34 52 84 98 96 8 249 143 72 45 161 254 206 208 65 229 205 119 162 124 62 44 35 123 155 5 48 102 191 170 159 39 146 228 189 247 110 86 127 138 33 125 90 148 198 201 238 131 213 83 214 136 0 126 168 132 99 77 94 181 100 199 236 137 207 184 255 250 251 221 150 182 165 141 243 117 194 202 253 230 139 135 166 154 252 200 85 217 106 78 225 241 220 178 188 185 248 130 183
116 209 174 103 232 246 234 59 32 239 118 23 222 75 7 57 97 20 79 28 4 215 60 42 153 22 171 95 113 242 211 144 80 13 156 17 145 1 167 195 149 180 16 24 190 219 18 87 226 88 19 160 71 29 58 50 240 142 51 12 2 9 244 204 43 231 104 152 158 66 114 173 21 212 92 46 30 53 169 197 179 164 69 10 216 89 140 192 73 68 11 74 26 133 82 177 49 105 129 187 193 27 6 163 3 38 147 101 112 245 186 47 196 203 121 157 120 67 31 111 36 15 54 25 56 218 109 61 224 237 93 81 235 70 41 128 210 64 175 63 108 122 107 14 151 91 223 233 176 37 40 227 134 76 55 172 115 34 182 84 98 96 8 148 143 72 45 161 254 206 208 65 229 205 119 162 124 62 44 35 123 155 5 48 102 191 170 159 39 146 228 189 247 110 86 127 138 33 125 90 249 198 201 238 131 213 83 214 136 0 126 168 132 99 77 94 181 100 199 236 137 207 184 255 250 251 221 150 52 165 141 243 117 194 202 253 230 139 135 166 154 252 200 85 217 106 78 225 241 220 178 188 185 248 130 183
116 209 174 103 232 246 234 59 32 239 118 23 222 75 7 57 97 20 79 28 4 215 60 42 153 22 171 95 113 242 211 144 80 13 156 17 145 1 167 195 149 180 16 24 190 219 18 87 226 88 19 160 71 29 58 50 240 142 51 12 2 9 244 204 43 231 104 152 158 66 114 173 21 212 92 46 30 53 169 197 179 164 69 10 216 89 140 192 73 68 11 74 26 133 82 177 49 105 129 187 193 27 6 163 3 38 147 101 238 245 186 47 196 203 121 157 120 67 31 111 36 15 54 25 56 218 109 61 224 237 93 81 235 70 41 128 210 64 175 63 108 122 107 14 151 91 223 233 176 37 40 227 110 76 55 172 115 34 52 84 98 96 8 148 143 72 45 161 254 206 208 65 229 205 119 162 124 62 165 35 123 155 5 48 102 191 170 159 39 146 228 189 247 112 86 127 138 33 125 90 249 198 201 134 131 213 83 214 136 0 126 168 132 99 77 94 181 100 199 236 137 207 184 255 250 251 221 150 182 44 141 243 117 194 202 253 230 139 135 166 154 252 200 85 217 106 78 225 241 220 178 188 185 248 130 183
116 209 174 103 232 246 234 59 32 239 118 23 222 75 7 57 97 20 79 28 4 215 60 42 153 22 171 95 113 242 211 144 80 13 156 17 145 1 167 195 149 180 16 24 190 219 18 87 226 88 19 160 71 29 58 50 240 142 51 12 2 9 244 204 43 231 104 152 158 66 114 173 21 212 92 46 30 53 169 197 179 164 69 10 216 89 140 192 73 68 11 74 26 133 82 177 49 105 129 187 193 27 6 163 3 123 147 101 112 245 186 47 196 203 121 157 120 67 31 111 36 15 54 25 56 218 109 61 224 237 93 81 235 70 41 128 210 64 175 63 108 122 107 14 151 91 223 233 176 37 40 227 134 76 55 172 115 34 182 84 98 96 8 148 143 72 45 161 254 206 208 65 229 205 119 162 124 62 44 35 38 155 5 48 102 191 170 159 39 146 228 189 247 110 86 127 138 33 125 90 249 198 201 238 131 213 83 214 136 0 126 168 132 99 77 94 181 100 199 236 137 207 184 255 250 251 221 150 52 165 141 243 117 194 202 253 230 139 135 166 154 252 200 85 217 106 78 225 241 220 178 188 185 248 130 183
116 209 174 103 232 246 234 59 32 239 118 23 222 75 7 57 97 20 79 28 4 215 60 42 153 22 171 95 113 242 211 144 80 13 156 17 145 1 167 195 149 180 16 24 190 219 18 87 226 88 19 160 71 29 58 50 240 142 51 12 2 9 244 204 43 231 104 152 158 66 114 173 21 212 92 46 30 53 169 197 179 164 69 10 216 89 140 192 73 68 11 74 26 133 82 177 49 105 129 187 193 27 224 163 3 38 147 101 112 245 186 47 196 203 121 157 120 67 31 111 36 15 54 25 56 218 109 61 6 237 93 81 235 70 41 128 210 64 175 63 108 122 107 14 151 91 223 233 176 37 40 227 134 76 55 172 115 34 52 84 98 96 8 249 143 72 45 161 254 206 208 65 229 205 119 162 124 62 44 35 123 155 5 48 102 191 170 159 39 146 228 189 247 110 86 127 138 33 125 90 148 198 201 238 131 213 83 214 136 0 126 168 132 99 77 94 181 100 199 236 137 207 184 255 250 251 221 150 182 165 141 243 117 194 202 253 230 139 135 166 154 252 200 85 217 106 78 225 241 220 178 188 185 248 130 183
116 209 174 103 232 246 234 59 32 239 118 23 222 75 7 57 97 20 79 28 4 215 60 42 153 22 171 95 113 242 211 144 80 13 156 17 145 1 167 195 149 180 16 24 190 219 18 87 226 88 19 160 71 29 58 50 240 142 51 12 2 9 244 204 43 231 104 152 158 73 114 173 21 212 92 46 30 53 169 197 179 164 69 10 216 89 140 192 66 68 11 74 26 133 82 177 49 105 129 187 193 27 224 163 3 38 147 101 112 245 186 47 196 203 121 157 120 67 31 111 36 15 54 25 56 218 109 61 6 237 93 81 235 70 41 128 210 64 175 63 108 122 107 14 151 91 223 233 176 37 40 227 134 76 55 172 115 34 52 84 98 96 8 249 143 72 45 161 254 206 208 65 229 205 119 162 124 62 44 35 123 155 5 48 102 191 170 159 39 146 228 189 247 110 86 127 138 33 125 90 148 198 201 238 131 213 83 214 136 0 126 168 132 99 77 94 181 100 199 236 137 207 184 255 250 251 221 150 182 165 141 243 117 194 202 253 230 139 135 166 154 252 200 85 217 106 78 225 241 220 178 188 185 248 130 183
116 209 174 103 232 246 234 59 32 239 118 23 222 75 7 57 97 20 79 28 4 215 60 42 153 22 171 95 113 242 211 144 80 13 156 17 145 1 167 195 149 180 16 24 190 219 18 87 226 88 19 160 71 29 58 50 240 142 51 12 2 9 244 204 43 231 104 176 158 66 114 173 21 212 30 46 92 53 169 197 179 164 69 10 216 89 140 192 73 68 11 74 26 133 82 177 49 105 129 187 193 27 6 163 3 38 147 101 238 245 186 47 196 203 121 157 120 67 31 111 36 15 54 25 56 218 109 61 224 237 33 81 235 70 41 128 210 64 175 63 108 122 107 14 151 91 223 233 152 37 40 227 110 76 55 172 115 34 52 84 98 96 8 148 143 72 45 161 254 206 208 65 229 205 119 162 124 62 44 35 123 155 5 48 102 191 170 159 39 146 228 189 247 112 86 127 138 93 125 90 249 198 201 134 131 213 83 214 136 0 126 168 132 99 77 94 181 100 199 236 137 207 184 255 250 251 221 150 182 165 141 243 117 194 202 253 230 139 135 166 154 252 200 85 217 106 78 225 241 220 178 188 185 248 130 183
116 209 174 103 232 246 234 59 32 239 118 23 222 75 7 57 97 20 79 28 4 215 60 42 153 22 171 95 113 242 211 144 80 13 156 17 145 1 167 195 149 180 16 24 190 219 18 87 226 88 19 160 71 29 58 50 240 142 51 12 2 9 244 204 43 231 104 176 158 66 114 173 21 212 92 46 30 53 169 69 179 164 197 10 216 89 140 192 251 68 11 74 26 133 82 177 49 105 129 187 193 27 6 163 3 38 147 101 165 245 134 47 196 203 121 157 120 67 31 111 36 15 54 25 56 218 109 61 224 237 93 81 235 70 41 128 210 64 175 63 108 122 107 14 151 91 223 233 152 37 40 227 110 76 55 172 115 34 52 84 98 96 8 148 143 72 45 161 254 206 208 65 229 205 119 162 124 62 44 35 123 155 5 48 102 191 170 159 39 146 228 189 247 112 86 127 138 33 125 90 249 198 201 238 131 213 83 73 136 0 126 168 132 99 77 94 181 100 199 236 137 207 184 255 250 214 221 150 182 186 141 243 117 194 202 253 230 139 135 166 154 252 200 85 217 106 78 225 241 220 178 188 185 248 130 183
116 209 174 103 232 246 234 59 32 239 118 23 222 75 7 57 97 20 79 28 4 215 60 42 153 22 171 95 113 242 211 144 80 13 156 17 145 1 167 195 149 180 16 24 190 219 18 87 226 88 19 160 71 29 58 50 240 142 51 12 2 9 244 204 43 231 104 176 158 66 114 173 21 212 92 46 30 53 169 197 179 164 69 10 216 89 140 192 38 68 11 74 26 133 82 177 49 105 129 187 193 27 6 163 3 52 147 101 165 245 186 47 196 203 121 157 120 67 31 111 36 15 54 25 56 218 109 61 224 237 93 81 235 70 41 128 210 64 175 63 108 122 107 14 151 91 223 233 152 37 40 227 110 76 55 172 115 34 252 84 98 96 8 148 143 72 45 161 254 206 208 65 229 205 119 162 124 62 44 35 123 155 5 48 102 191 170 159 39 146 228 189 247 112 86 127 138 33 125 90 249 198 201 238 131 213 83 73 136 0 126 168 132 99 77 94 181 100 199 236 137 207 184 255 250 251 221 150 182 134 141 243 117 194 202 253 230 139 135 166 154 214 200 85 217 106 78 225 241 220 178 188 185 248 130 183
116 209 174 103 232 246 234 59 32 239 118 23 222 75 7 57 97 20 79 28 4 215 60 42 153 22 171 95 113 242 211 144 80 13 156 17 145 1 167 195 149 180 16 24 190 219 18 87 226 88 19 160 71 29 58 50 240 142 51 12 2 9 244 204 43 231 104 176 158 66 114 173 21 212 92 46 30 53 169 197 179 164 69 10 216 89 140 192 38 68 11 74 26 133 82 177 49 105 129 187 193 27 6 163 3 52 147 101 208 245 186 47 196 203 121 157 120 67 31 111 36 15 54 25 56 218 109 61 224 237 93 81 235 70 41 128 210 64 175 63 108 122 107 14 151 91 223 233 152 37 40 227 110 76 55 172 115 34 252 84 98 96 8 148 143 72 45 161 254 206 165 65 229 205 119 162 124 62 44 35 123 155 5 48 102 191 170 159 39 146 228 189 247 112 86 127 138 33 125 90 202 198 201 238 131 213 83 73 136 0 126 168 132 99 77 94 181 100 199 236 137 207 184 255 250 251 221 150 182 134 141 243 117 194 249 253 230 139 135 166 154 214 200 85 217 106 78 225 241 220 178 188 185 248 130 183
116 209 174 103 232 246 234 59 32 239 118 23 222 75 7 57 97 20 79 28 4 215 60 42 153 22 171 95 113 242 211 144 80 13 156 17 145 1 167 195 149 180 16 24 190 219 18 87 226 88 19 160 71 29 58 50 240 142 51 12 2 9 244 204 43 231 104 176 158 66 114 173 21 212 92 46 30 53 169 197 179 164 69 10 216 89 140 192 38 200 11 74 26 133 82 177 49 105 129 187 193 27 6 163 3 52 147 101 165 245 134 47 196 203 121 157 120 67 31 202 36 15 54 25 56 218 109 61 224 237 93 81 235 70 41 128 210 64 175 63 108 122 107 14 151 91 223 233 152 37 40 227 110 76 55 172 115 34 73 84 98 96 8 148 143 72 45 161 254 206 208 65 229 205 119 162 124 62 44 35 123 155 5 48 102 191 170 159 39 146 228 189 247 112 86 127 138 33 125 90 249 198 201 238 131 213 83 214 136 0 126 168 132 99 77 94 181 100 199 236 137 207 184 255 250 251 221 150 182 186 141 243 117 194 111 253 230 139 135 166 154 252 68 85 217 106 78 225 241 220 178 188 185 248 130 183
116 209 174 103 232 246 234 59 32 239 118 23 222 75 7 57 97 20 79 28 4 215 60 42 153 22 171 95 113 242 211 144 80 13 156 17 145 1 167 195 149 180 16 24 190 219 18 87 226 88 19 160 71 29 58 50 240 142 51 12 2 9 244 204 43 231 104 176 158 66 114 173 21 212 92 46 30 53 169 197 179 164 69 10 216 89 140 192 73 68 11 74 26 133 82 177 49 105 129 187 193 27 6 163 3 38 70 101 147 245 186 47 196 203 121 157 120 67 31 111 36 15 54 25 56 218 109 61 224 237 93 81 235 238 41 128 210 64 175 63 108 122 107 14 151 91 223 233 152 37 40 227 110 76 55 172 115 34 52 84 98 96 8 148 143 72 45 161 254 206 208 65 229 205 119 162 124 62 44 35 123 155 5 48 102 191 170 159 39 146 228 189 247 112 86 127 138 33 125 90 249 198 201 134 131 213 83 214 136 0 126 168 132 99 77 94 181 100 199 236 137 207 184 255 250 251 221 150 182 165 141 243 117 194 202 253 230 139 135 166 154 252 200 85 217 106 78 225 241 220 178 188 185 248 130 183
116 209 174 103 232 246 234 59 32 239 118 23 222 75 7 57 97 20 79 28 4 215 60 42 153 22 171 95 113 242 211 144 80 13 156 17 145 1 167 195 149 180 16 24 190 219 18 87 226 88 19 160 71 29 58 50 240 142 51 12 2 9 244 204 43 231 104 176 158 66 114 173 21 212 92 46 30 53 169 197 179 164 69 10 216 89 140 192 73 68 11 74 26 133 82 177 49 105 129 187 193 27 6 163 3 38 70 101 147 245 186 47 196 203 121 157 120 67 31 111 36 15 54 25 56 218 109 61 224 237 93 81 235 238 41 128 210 64 175 63 108 126 107 14 151 91 223 233 152 37 40 227 110 76 55 172 115 34 52 84 98 96 8 148 143 72 45 161 254 206 208 65 229 205 119 162 124 62 44 35 123 155 5 48 102 191 170 159 39 146 228 189 247 112 86 127 138 33 125 90 249 198 201 134 131 213 83 214 136 0 122 168 132 99 77 94 181 100 199 236 137 207 184 255 250 251 221 150 182 165 141 243 117 194 202 253 230 139 135 166 154 252 200 85 217 106 78 225 241 220 178 188 185 248 130 183
116 209 174 103 232 246 234 59 32 239 118 23 222 75 7 57 97 20 79 28 4 215 60 42 153 22 171 95 113 242 211 144 80 13 156 17 145 1 167 195 149 180 16 24 190 219 18 87 226 88 19 160 71 29 58 50 240 142 51 12 2 9 244 204 43 231 104 176 158 66 114 173 21 212 92 46 30 53 169 197 179 164 69 10 216 89 140 192 73 68 11 74 26 133 82 177 49 105 129 187 193 27 6 163 3 38 147 101 70 245 186 47 196 203 121 157 120 67 31 111 36 15 54 25 56 218 109 61 224 237 93 81 235 238 41 128 210 64 175 63 108 122 107 14 151 91 223 233 152 37 40 227 110 76 55 172 115 34 52 84 98 96 8 148 143 72 45 161 254 206 208 65 229 205 119 162 124 62 44 35 123 155 5 48 102 191 170 159 39 146 228 189 247 112 86 127 138 33 125 90 249 198 201 134 131 213 83 214 136 0 126 168 132 99 77 94 181 100 199 236 137 207 184 255 250 251 221 150 182 165 141 243 117 194 202 253 230 139 135 166 154 252 178 85 217 106 78 225 241 220 200 188 185 248 130 183
116 209 174 103 232 246 234 59 32 239 118 23 222 75 7 57 97 20 79 28 4 215 60 42 153 22 171 95 113 242 211 144 80 13 156 17 145 1 167 195 149 180 16 24 190 219 18 87 226 88 19 160 71 29 58 50 240 142 51 12 2 9 244 204 43 231 104 176 158 66 114 173 21 212 92 46 30 53 169 197 179 164 69 10 216 89 140 192 73 68 11 74 26 133 82 177 49 105 129 187 193 27 6 163 3 38 147 101 70 245 186 47 196 203 121 157 120 67 31 111 36 15 54 25 56 218 109 61 224 237 93 81 235 238 41 128 210 64 175 63 108 122 107 14 151 91 223 233 152 37 40 227 110 76 55 172 115 34 52 84 98 96 8 148 143 72 45 161 254 206 208 65 229 205 119 162 124 62 44 35 123 155 5 48 102 191 170 159 39 146 228 189 247 112 86 127 138 33 125 90 249 198 201 134 131 213 83 214 136 0 126 168 132 99 77 94 181 100 199 236 137 207 184 255 250 251 221 150 182 165 141 243 117 194 202 253 230 139 135 166 154 252 200 85 217 106 78 225 241 220 178 188 185 248 130 183
116 209 174 103 232 246 234 59 32 239 118 23 222 75 7 57 97 20 79 28 4 215 60 42 153 22 171 95 113 242 211 144 80 13 156 17 145 1 167 195 149 180 16 24 190 219 18 87 226 88 19 160 71 29 58 50 240 142 51 12 2 9 244 204 43 231 104 176 158 66 114 173 21 212 92 46 30 53 169 197 179 164 69 10 216 89 140 192 73 68 11 74 26 133 82 177 49 105 129 187 193 27 6 163 3 38 147 101 238 245 186 47 196 203 121 157 120 67 31 111 36 15 54 25 56 218 109 61 224 237 33 81 235 70 41 128 210 64 175 63 108 122 107 14 151 91 223 233 152 37 40 227 110 76 55 172 115 34 52 84 98 96 8 148 143 72 45 161 254 206 208 65 229 205 119 162 124 62 44 35 123 155 5 48 102 191 170 159 39 146 228 189 247 112 86 127 138 93 125 90 249 198 201 134 131 213 83 214 136 0 126 168 132 99 77 94 181 100 199 236 137 207 184 255 250 251 221 150 182 165 141 243 117 194 202 253 230 139 135 166 154 252 200 85 217 106 78 225 241 220 178 188 185 248 130 183
116 209 174 103 232 246 234 59 32 239 118 23 222 75 7 57 97 20 79 28 4 215 60 42 153 22 171 95 113 242 211 144 80 13 156 17 145 1 167 195 149 180 16 24 190 219 18 87 226 88 19 160 71 29 58 50 240 142 51 12 2 9 244 204 43 231 104 176 158 66 114 173 21 212 92 46 30 53 169 197 179 164 69 10 216 89 140 192 73 68 11 74 26 133 82 177 49 105 129 187 193 27 6 163 3 38 147 101 238 245 186 47 196 203 121 157 120 67 31 111 36 15 54 25 56 218 109 61 224 237 93 81 235 70 41 128 210 64 175 37 108 122 107 14 151 91 223 233 152 63 40 227 110 76 55 172 115 34 52 84 98 96 8 148 143 72 45 161 254 206 208 65 229 205 119 162 124 62 44 35 123 155 5 48 102 191 170 159 39 146 228 189 247 112 86 127 138 33 125 90 249 198 201 134 131 213 83 214 136 0 126 168 132 99 77 94 181 100 199 236 137 207 184 255 250 251 221 150 182 165 141 243 117 194 202 253 230 139 135 166 154 252 200 85 217 106 78 225 241 220 178 188 185 248 130 183
116 209 174 103 232 246 234 59 32 239 118 23 222 75 7 57 97 20 79 28 4 215 60 42 153 22 171 95 113 242 211 144 80 13 156 17 145 1 167 195 149 180 16 24 190 219 18 87 226 88 19 160 71 29 58 50 240 142 51 12 2 9 244 204 43 231 104 176 158 66 114 173 21 212 92 46 30 53 169 197 179 164 69 10 216 89 140 192 73 68 11 74 26 133 82 177 49 105 129 187 193 27 6 163 3 155 147 101 112 245 186 47 196 203 121 157 120 67 31 111 36 15 54 25 56 218 109 61 224 237 93 81 235 70 41 128 210 64 175 63 108 122 107 14 151 91 223 233 152 37 40 227 134 76 55 172 115 34 52 84 98 96 8 148 143 72 45 161 254 206 208 65 229 205 119 162 124 62 44 35 123 253 5 48 102 191 170 159 39 146 228 189 247 110 86 127 138 33 125 90 249 198 201 238 131 213 83 214 136 0 126 168 132 99 77 94 181 100 199 236 137 207 184 255 250 251 221 150 182 165 141 243 117 194 202 38 230 139 135 166 154 252 200 85 217 106 78 225 241 220 178 188 185 248 130 183
116 209 174 103 232 246 234 59 32 239 118 23 222 75 7 57 97 20 79 28 4 215 60 42 153 22 171 95 113 242 211 144 80 13 156 17 145 1 167 195 149 180 16 24 190 219 18 87 226 88 19 160 71 29 58 50 240 142 51 12 2 9 244 204 43 231 104 176 158 66 114 173 21 212 92 46 30 53 169 197 179 164 69 10 216 89 140 192 251 68 11 74 26 133 82 177 49 105 129 187 193 27 6 163 3 38 147 101 165 245 134 47 196 203 121 157 120 67 31 111 36 15 54 25 56 218 109 61 224 237 93 81 235 70 41 128 210 64 175 63 108 122 107 14 151 91 223 233 152 37 40 227 110 76 55 172 115 34 52 84 98 96 8 148 143 72 45 161 254 206 208 65 229 205 119 162 124 62 44 35 123 155 5 48 102 191 170 159 39 146 228 189 247 112 86 127 138 33 125 90 249 198 201 238 131 213 83 73 136 0 126 168 132 99 77 94 181 100 199 236 137 207 184 255 250 214 221 150 182 186 141 243 117 194 202 253 230 139 135 166 154 252 200 85 217 106 78 225 241 220 178 188 185 248 130 183
116 209 174 103 232 246 234 59 32 239 118 23 222 75 7 57 97 20 79 28 4 215 60 42 153 22 171 95 113 242 211 144 80 13 156 17 145 1 167 195 149 180 16 24 190 219 18 87 226 88 19 160 71 29 58 50 240 142 51 12 2 9 244 204 43 231 104 176 158 66 114 173 21 212 92 46 30 53 169 197 179 164 69 10 216 89 140 192 251 68 11 74 26 133 82 177 49 105 129 187 193 27 6 163 3 38 147 101 165 245 186 47 196 203 121 157 120 67 31 111 36 15 54 25 56 112 109 221 224 237 93 81 235 70 41 128 210 64 175 63 108 122 107 14 151 91 223 233 152 37 40 227 110 76 55 172 115 34 52 84 98 96 8 148 143 72 45 161 254 206 208 65 229 205 119 162 124 62 44 35 123 155 5 48 102 191 170 159 39 146 228 189 247 218 86 127 138 33 125 90 249 198 201 238 131 213 83 73 136 0 126 168 132 99 77 94 181 100 199 236 137 207 184 255 250 214 61 150 182 134 141 243 117 194 202 253 230 139 135 166 154 252 200 85 217 106 78 225 241 220 178 188 185 248 130 183
116 209 174 103 232 246 234 59 32 239 118 23 222 75 7 57 97 20 79 28 4 215 60 42 153 22 171 95 113 242 211 144 80 13 156 17 145 1 167 195 149 180 16 24 190 219 18 87 226 88 19 160 71 29 58 50 240 142 51 12 2 9 244 204 43 231 104 176 158 66 114 173 21 212 92 46 30 53 169 197 179 164 69 10 216 89 140 192 251 68 11 74 26 133 82 177 49 105 129 187 193 27 6 163 3 38 147 101 165 245 186 47 196 203 121 157 120 67 31 111 36 15 54 25 56 218 109 61 224 237 93 81 235 70 41 128 210 64 175 63 108 122 107 14 151 91 223 233 152 37 40 227 110 76 55 172 115 34 52 84 98 96 8 148 143 72 45 161 254 206 208 65 229 205 119 162 124 62 44 35 123 155 5 48 102 191 170 159 39 146 228 189 247 112 86 127 138 33 125 90 249 198 201 238 131 213 83 73 136 0 126 168 132 99 77 94 181 100 199 236 137 207 184 255 250 214 221 150 182 134 141 243 117 194 202 253 230 139 135 166 154 252 200 85 217 106 78 225 241 220 178 188 185 248 130 183
116 209 174 103 232 246 234 59 32 239 118 23 222 75 7 57 97 20 79 28 4 215 60 42 153 22 171 95 113 242 211 144 80 13 156 17 145 1 167 195 149 180 16 24 190 219 18 87 226 88 19 160 71 29 58 50 240 142 51 12 2 9 244 204 43 231 104 176 158 66 114 173 21 212 92 46 30 53 169 197 179 164 69 10 216 89 140 192 251 68 11 74 26 133 82 177 49 105 129 187 193 27 6 163 3 38 147 101 165 245 186 47 196 203 121 157 120 67 31 111 36 15 54 25 56 218 109 61 224 237 93 81 235 70 41 128 210 64 175 63 108 122 107 14 151 91 223 233 152 37 40 227 110 76 55 172 115 34 134 84 98 96 8 148 143 72 45 161 254 206 208 65 229 205 119 162 124 62 44 35 123 155 5 48 102 191 170 159 39 146 228 189 247 112 86 127 138 33 125 90 249 198 201 238 131 213 83 73 136 0 126 168 132 99 77 94 181 100 199 236 137 207 184 255 250 214 221 150 182 52 141 243 117 194 202 253 230 139 135 166 154 252 200 85 217 106 78 225 241 220 178 188 185 248 130 183
116 209 174 103 232 246 234 59 32 239 118 23 222 75 7 57 97 20 79 28 4 215 60 42 153 22 171 95 113 242 211 144 80 13 156 17 145 1 167 195 149 180 16 24 190 219 18 87 226 88 19 160 71 29 58 50 240 142 51 12 2 9 244 204 43 231 104 176 158 66 114 173 21 212 92 46 30 53 169 197 179 164 69 10 216 89 140 192 251 68 117 74 26 133 82 177 49 105 129 187 193 27 6 163 3 38 147 101 165 245 134 47 196 203 121 157 120 67 31 111 36 15 54 25 56 218 109 61 224 237 93 81 235 70 41 128 210 64 175 63 108 122 107 14 151 91 223 233 152 37 40 227 110 76 55 182 115 34 172 84 98 96 8 148 143 72 45 161 254 206 208 65 229 205 119 162 124 62 44 35 123 155 5 48 102 191 170 159 39 146 228 189 247 112 86 127 138 33 125 90 249 198 201 238 131 213 83 73 136 0 126 168 132 99 77 94 181 100 199 236 137 207 184 255 250 214 221 150 52 186 141 243 11 194 202 253 230 139 135 166 154 252 178 85 217 106 78 225 241 220 200 188 185 248 130 183
116 209 174 103 232 246 234 59 32 239 118 23 222 75 7 57 97 20 79 28 4 215 60 42 153 22 171 95 113 242 211 144 80 13 156 17 145 1 167 195 149 180 16 24 190 219 18 87 226 88 19 160 71 29 58 50 240 142 51 12 2 9 244 204 43 231 104 176 158 66 114 173 21 212 92 46 30 53 169 197 179 164 69 10 216 89 140 192 251 68 166 74 26 133 82 177 49 105 129 187 193 27 6 163 3 38 147 101 165 245 186 47 196 203 121 157 120 67 31 111 36 15 54 25 56 218 109 61 224 237 93 81 235 70 41 128 210 64 175 63 108 122 107 14 151 91 223 233 152 37 40 227 110 76 55 172 115 34 52 84 98 96 8 148 143 72 45 161 254 206 208 65 229 205 119 162 124 62 44 35 123 155 5 48 102 191 170 159 39 146 228 189 247 112 86 127 138 33 125 90 249 198 201 238 131 213 83 73 136 0 126 168 132 99 77 94 181 100 199 236 137 134 184 255 250 214 221 150 182 207 141 243 117 194 202 253 230 139 135 11 154 252 200 85 217 106 78 225 241 220 178 188 185 248 130 183
116 209 174 103 232 246 234 59 32 239 118 23 222 75 7 57 97 20 79 28 4 215 60 42 153 22 171 95 113 242 211 144 80 13 156 17 145 1 167 195 149 180 16 24 190 219 18 87 226 88 19 160 71 29 58 50 240 142 51 12 2 9 244 204 43 231 104 176 158 66 114 173 21 212 92 46 30 53 169 197 179 164 69 10 216 89 140 192 251 68 182 74 26 133 39 177 49 105 129 187 193 27 6 163 3 38 147 101 165 245 11 47 196 203 121 157 120 67 31 111 36 15 54 25 56 218 109 61 224 237 93 81 235 70 41 128 210 64 175 63 108 35 107 14 151 91 223 233 152 37 40 227 110 76 55 172 115 34 134 84 98 96 8 148 143 72 45 161 254 206 208 65 229 205 119 162 124 62 44 122 123 155 5 48 102 191 170 159 82 146 228 189 247 112 86 127 138 33 125 90 249 198 201 238 131 213 83 73 136 0 126 168 132 99 77 94 181 100 199 236 137 207 184 255 250 214 221 150 52 186 141 243 117 194 202 253 230 139 135 166 154 252 200 85 217 106 78 225 241 220 178 188 185 248 130 183
116 209 174 103 232 246 234 59 32 239 118 23 222 75 7 57 97 20 79 28 4 215 60 42 153 22 171 95 113 242 211 144 80 13 156 17 145 1 167 195 149 180 16 24 190 219 18 87 226 88 19 160 71 29 58 50 240 142 51 12 2 9 244 204 43 231 104 176 158 66 114 173 21 212 92 46 30 53 169 197 179 164 69 10 216 89 140 192 251 68 182 74 26 133 82 177 49 105 129 187 193 27 6 163 3 38 147 101 165 245 11 47 196 203 121 157 120 67 31 111 36 135 54 25 56 218 109 61 224 237 93 81 235 70 41 128 210 64 175 63 108 122 107 14 151 91 223 233 152 37 40 227 110 76 55 172 115 34 15 84 98 96 8 148 143 72 45 161 254 206 208 65 229 205 119 162 124 62 44 35 123 155 5 48 102 191 170 159 39 146 228 189 247 112 86 127 138 33 125 90 249 198 201 238 131 213 83 73 136 0 126 168 132 99 77 94 181 100 199 236 137 207 184 255 250 214 221 150 186 134 141 243 117 194 202 253 230 139 52 166 154 252 200 85 217 106 78 225 241 220 178 188 185 248 130 183
116 209 174 103 232 246 234 59 32 239 118 23 222 75 7 57 97 20 79 28 4 215 60 42 153 22 171 95 113 242 211 144 80 13 156 17 145 1 167 195 149 180 16 24 190 219 18 87 226 88 19 160 71 29 58 50 240 142 51 12 2 9 244 204 43 231 104 176 158 66 114 173 21 212 92 46 30 53 169 197 179 164 69 10 216 89 140 192 251 68 182 74 26 133 82 177 49 105 129 187 193 27 6 163 3 38 147 101 165 245 11 47 196 203 121 157 120 67 31 111 36 135 54 25 56 218 109 61 224 237 93 81 235 70 41 128 210 64 175 63 108 122 107 14 151 91 223 233 152 37 40 227 110 76 55 172 115 34 15 84 98 96 8 148 143 72 45 161 254 206 208 65 229 205 119 162 124 62 44 35 123 155 5 48 102 191 170 159 39 146 228 189 247 112 86 127 186 33 125 90 249 198 201 238 131 213 83 73 136 0 126 168 132 99 77 94 181 100 199 236 137 207 184 255 250 214 221 150 138 134 141 243 117 194 202 253 230 139 52 166 154 252 200 85 217 106 78 225 241 220 178 188 185 248 130 183
116 209 174 103 232 246 234 59 32 239 118 23 222 75 7 57 97 20 79 28 4 215 60 42 153 22 171 95 113 242 211 144 80 13 156 17 145 1 167 195 149 180 16 24 190 219 18 87 226 88 19 160 71 29 58 50 240 142 51 12 2 9 244 204 43 231 104 176 158 66 114 173 21 212 92 46 30 53 169 197 179 164 69 10 216 89 140 192 251 166 68 74 26 133 82 177 49 105 129 187 193 27 6 163 3 38 147 101 165 245 186 47 196 203 121 157 120 67 31 111 36 15 54 25 56 218 109 61 224 237 93 81 235 70 41 128 210 64 175 63 108 122 107 14 151 91 223 233 152 37 40 227 110 76 55 172 115 34 52 84 98 96 8 148 143 72 45 161 254 206 208 65 229 205 119 162 124 62 44 35 123 155 5 48 102 191 170 159 39 146 228 189 247 112 86 127 138 33 125 90 249 198 201 238 131 213 83 73 136 0 126 168 132 99 77 94 181 100 199 236 137 134 184 255 250 214 221 150 182 207 141 243 117 194 202 253 230 139 135 11 154 252 200 85 217 106 78 225 241 220 178 188 185 248 130 183
116 209 174 103 232 246 234 59 32 239 118 23 222 75 7 57 97 20 79 28 4 215 60 42 153 22 171 95 113 242 211 144 80 13 156 17 145 1 167 195 149 180 16 24 190 219 18 87 226 88 19 160 71 29 58 50 240 142 51 12 2 9 244 204 43 231 104 176 158 66 114 173 21 212 92 46 30 53 169 197 179 164 69 31 216 89 140 192 251 68 11 74 26 133 82 177 49 105 129 187 193 27 6 163 3 38 147 101 165 245 186 47 196 203 121 157 120 67 10 111 36 15 54 25 56 112 109 221 224 237 93 81 235 70 41 128 210 64 175 63 108 122 207 14 151 91 223 233 152 37 40 227 110 76 55 172 115 34 52 84 98 96 8 148 143 72 45 161 254 206 208 65 229 205 119 162 124 62 44 35 123 155 5 48 102 191 170 159 39 146 228 189 247 218 86 127 138 33 125 90 249 198 201 238 131 213 83 73 136 0 126 168 132 99 77 94 181 100 199 236 137 107 184 255 250 214 61 150 182 134 141 243 117 194 202 253 230 139 135 166 154 252 200 85 217 106 78 225 241 220 178 188 185 248 130 183
116 209 174 103 232 246 234 59 32 239 118 23 222 75 7 57 97 20 79 28 4 215 60 42 153 22 171 95 113 242 211 144 80 13 156 17 145 1 167 195 149 180 16 24 190 219 18 87 226 88 19 160 71 29 58 50 240 142 51 12 2 9 244 204 43 231 104 176 158 66 114 173 21 212 92 46 30 53 169 197 179 164 229 10 216 89 140 192 251 68 182 74 26 133 39 177 49 105 129 187 193 27 6 163 3 38 147 101 165 245 11 47 196 203 121 157 120 67 31 111 36 15 54 25 56 218 109 61 224 237 93 81 235 70 41 128 210 64 175 63 108 35 107 14 151 91 223 233 152 37 40 227 110 76 55 172 115 34 134 84 98 96 8 148 143 72 45 161 254 206 208 65 69 205 119 162 124 62 44 122 123 155 5 48 102 191 170 159 82 146 228 189 247 112 86 127 138 33 125 90 249 198 201 238 131 213 83 73 136 0 126 168 132 99 77 94 181 100 199 236 137 207 184 255 250 214 221 150 52 186 141 243 117 194 202 253 230 139 135 166 154 252 200 85 217 106 78 225 241 220 178 188 185 248 130 183
116 209 174 103 232 246 234 59 32 239 118 23 222 75 7 57 97 20 79 28 4 215 60 42 153 22 171 95 113 242 211 144 80 13 156 17 145 1 167 195 149 180 16 24 190 219 18 87 226 88 19 160 71 29 58 50 240 142 51 12 2 9 244 204 43 231 104 176 158 66 114 173 21 212 92 46 30 53 169 197 179 164 229 10 216 89 140 192 251 68 182 74 26 133 194 177 49 105 129 187 193 27 6 163 3 38 147 101 165 245 11 47 196 203 121 157 120 67 31 111 36 15 54 25 56 218 109 61 224 237 93 81 235 70 41 128 210 64 175 63 108 35 107 14 151 91 223 233 152 37 40 227 110 76 55 172 115 34 134 84 98 96 8 148 143 72 45 161 254 206 208 65 69 205 119 162 124 62 44 122 123 155 5 48 102 191 170 159 82 146 228 189 247 112 86 127 138 33 125 90 249 198 201 238 131 213 83 73 136 0 126 168 132 99 77 94 181 100 199 236 137 207 184 255 250 214 221 150 52 186 141 243 117 39 202 253 230 139 135 166 154 252 200 85 217 106 78 225 241 220 178 188 185 248 130 183
116 209 174 103 232 246 234 59 32 239 118 23 222 75 7 57 97 20 79 28 4 215 60 42 153 22 171 95 113 242 211 144 80 13 156 17 145 1 167 195 149 180 16 24 190 219 18 87 226 88 19 160 71 29 58 50 240 142 51 12 2 9 244 204 43 231 104 176 158 66 114 173 21 212 92 46 30 53 169 228 179 164 69 10 216 89 140 192 251 68 11 74 26 133 82 177 49 105 129 187 193 27 6 163 3 38 147 101 165 245 186 47 196 203 121 157 120 67 31 111 36 15 54 25 56 218 109 61 224 237 93 81 235 70 41 128 210 64 175 63 108 122 107 14 151 91 223 233 152 37 40 227 110 76 55 172 115 34 134 84 98 96 8 148 143 72 45 161 254 206 208 65 229 205 119 162 124 62 44 35 123 155 5 48 102 191 170 159 39 146 197 189 247 112 86 127 138 33 125 90 249 198 201 238 131 213 83 73 136 0 126 168 132 99 77 94 181 100 199 236 137 207 184 255 250 214 221 150 182 52 141 243 117 194 202 253 230 139 135 166 154 252 200 85 217 106 78 225 241 220 178 188 185 248 130 183
116 209 174 103 232 246 234 59 32 239 118 23 222 75 7 57 97 20 79 28 4 215 60 42 153 22 171 95 113 242 211 144 80 13 156 17 145 1 167 195 149 180 16 24 190 219 18 87 226 88 19 160 71 29 58 50 240 142 51 12 2 9 244 204 43 231 104 176 158 66 114 173 201 212 92 46 30 53 169 228 179 164 69 10 216 89 140 192 251 68 21 74 26 133 82 177 49 105 129 187 193 27 6 163 3 38 147 101 165 245 134 47 196 203 121 157 120 67 31 111 36 15 54 25 56 218 109 61 224 237 93 81 235 70 41 128 210 64 175 63 108 122 107 14 151 91 223 233 152 37 40 227 110 76 55 52 115 34 172 84 98 96 8 148 143 72 45 161 254 206 208 65 229 205 119 162 124 62 44 35 123 155 5 48 102 191 170 159 39 146 197 189 247 112 86 127 138 33 125 90 249 198 11 238 131 213 83 73 136 0 126 168 132 99 77 94 181 100 199 236 137 207 184 255 250 214 221 150 182 186 141 243 117 194 202 253 230 139 135 166 154 252 200 85 217 106 78 225 241 220 178 188 185 248 130 183
116 209 174 103 232 246 234 59 32 239 118 23 222 75 7 57 97 20 79 28 4 215 60 42 153 22 171 95 113 242 211 144 80 13 156 17 145 1 167 195 149 180 16 24 190 219 18 87 226 88 19 160 71 29 58 50 240 142 51 12 2 9 244 204 43 231 104 176 158 73 114 61 21 212 92 46 30 53 169 197 179 164 69 10 216 89 140 192 66 68 11 74 26 133 82 177 49 105 129 187 193 27 6 163 3 38 147 101 165 245 186 47 196 203 121 157 120 67 31 111 36 15 54 25 56 218 109 173 224 237 93 81 235 70 41 128 112 64 175 63 108 122 107 14 151 91 223 233 152 37 40 227 134 76 55 172 115 34 52 84 98 96 8 148 143 72 45 161 254 206 208 65 229 205 119 162 124 62 44 35 123 155 5 48 102 191 170 159 39 146 228 189 247 210 86 127 138 33 125 90 249 198 201 238 131 213 83 214 136 0 110 168 132 99 77 94 181 100 199 236 137 207 184 126 250 251 221 150 182 255 141 243 117 194 202 253 230 139 135 166 154 252 200 85 217 106 78 225 241 220 178 188 185 248 130 183
116 209 174 103 232 246 234 59 32 239 118 23 222 75 7 57 97 20 79 28 4 215 60 42 153 22 171 95 113 242 211 144 80 13 156 17 145 1 167 195 149 180 16 24 190 219 18 87 226 88 19 160 71 29 58 50 240 142 51 12 2 9 244 204 43 231 104 176 158 73 114 61 21 212 92 46 30 53 169 197 179 164 69 10 216 89 140 192 66 68 11 74 26 133 82 177 49 105 129 187 193 27 6 163 3 38 147 101 165 245 186 47 196 203 121 157 120 67 31 111 36 15 54 25 56 218 109 173 224 237 93 81 235 70 41 128 112 64 175 63 108 122 107 14 151 91 223 233 152 37 40 227 134 76 55 172 115 34 52 84 98 96 8 148 143 72 45 161 254 206 208 65 229 205 119 162 124 62 44 35 123 155 5 48 102 191 170 159 39 146 228 189 247 210 86 127 138 33 125 90 249 198 201 238 131 213 83 214 136 0 126 168 132 99 77 94 181 100 199 236 137 207 184 110 250 251 221 150 182 255 141 243 117 194 202 253 230 139 135 166 154 252 200 85 217 106 78 225 241 220 178 188 185 248 130 183
116 209 174 103 232 246 234 59 32 239 118 23 222 75 7 57 97 20 79 28 4 215 60 42 153 22 171 95 113 242 211 144 80 13 156 17 145 1 167 195 149 180 16 24 190 219 18 87 226 88 19 160 71 29 58 50 240 142 51 12 2 9 244 204 43 231 104 176 158 73 114 61 21 212 92 46 30 53 169 197 179 164 69 10 216 89 140 192 66 68 11 74 26 133 82 177 49 105 129 187 193 27 6 163 3 38 147 101 165 245 186 47 196 203 121 157 120 67 31 111 36 15 54 25 56 218 109 173 224 237 93 81 235 70 41 128 112 64 175 150 108 122 107 14 151 91 223 233 152 37 40 227 134 76 55 172 115 34 52 84 98 96 8 148 143 72 45 161 254 206 208 65 229 205 119 162 124 62 44 35 123 155 5 48 102 191 170 159 39 146 228 189 247 210 86 127 138 33 125 90 249 198 201 238 131 213 83 214 136 0 126 168 132 99 77 94 181 100 199 236 137 207 184 110 250 251 221 63 182 255 141 243 117 194 202 253 230 139 135 166 154 252 200 85 217 106 78 225 241 220 178 188 185 248 130 183
116 209 174 103 232 246 234 59 32 239 118 23 222 75 7 57 97 20 79 28 4 215 60 42 153 22 171 95 113 242 211 144 80 13 156 17 145 1 167 195 149 180 16 24 190 219 18 87 226 88 19 160 71 29 58 50 240 142 51 12 2 9 244 204 43 231 104 176 158 73 114 173 21 212 92 46 30 53 31 197 179 164 69 10 216 89 140 192 66 68 11 74 26 200 82 177 49 105 129 187 193 27 6 163 3 38 147 101 112 245 186 47 110 203 121 157 120 67 182 111 36 15 54 25 56 218 109 61 224 237 93 81 235 70 41 128 210 64 175 63 108 122 107 14 151 91 223 233 152 37 40 227 134 76 55 196 115 34 169 84 98 96 8 148 143 72 45 161 254 206 208 65 229 205 119 162 124 62 44 35 123 155 5 48 102 191 170 159 39 146 228 189 247 172 86 127 138 33 125 90 249 198 201 238 131 213 83 214 136 0 126 168 132 99 77 94 181 100 199 236 137 207 184 255 250 251 221 150 52 165 141 243 117 194 202 253 230 139 135 166 154 252 133 85 217 106 78 225 241 220 178 188 185 248 130 183
116 209 174 103 232 246 234 59 32 239 118 23 222 75 7 57 97 20 79 28 4 215 60 42 153 22 171 95 113 242 211 144 80 13 156 17 145 1 167 195 149 180 16 24 190 219 18 87 226 88 19 160 71 29 58 50 240 142 51 12 2 9 244 204 43 231 104 176 158 73 114 173 21 212 92 46 30 53 31 197 179 164 69 10 216 89 140 192 66 68 11 74 26 200 82 177 49 105 129 187 193 27 6 163 3 38 147 101 112 245 186 47 172 203 121 157 120 67 182 111 36 15 54 25 56 218 109 61 224 237 93 81 235 70 41 128 210 64 175 63 108 122 107 14 151 91 223 233 152 37 40 227 134 76 55 196 115 34 169 84 98 96 8 148 143 72 45 161 254 206 208 65 229 205 119 162 124 62 44 35 123 155 5 48 102 191 170 159 39 146 228 189 247 110 86 127 138 33 125 90 249 198 201 238 131 213 83 214 136 0 126 168 132 99 77 94 181 100 199 236 137 207 184 255 250 251 221 150 52 165 141 243 117 194 202 253 230 139 135 166 154 252 133 85 217 106 78 225 241 220 178 188 185 248 130 183
116 209 174 103 232 246 234 59 32 239 118 23 222 75 7 57 97 20 79 28 4 215 60 42 153 22 171 95 113 242 211 144 80 13 156 17 145 1 167 195 149 180 16 24 190 219 18 87 226 88 19 160 71 29 58 50 240 142 51 12 2 9 244 204 43 231 104 176 158 73 114 173 21 212 92 46 30 53 169 197 179 164 69 10 216 89 140 192 66 68 11 74 26 133 82 177 49 105 129 187 193 27 6 163 3 38 147 56 112 245 186 47 196 203 121 157 120 67 31 111 36 15 54 25 101 218 109 61 224 237 93 81 235 70 41 128 210 64 175 63 108 122 107 14 151 91 223 233 152 37 40 227 134 76 55 172 115 34 200 84 98 96 8 148 143 72 45 161 254 206 208 65 229 205 119 162 124 62 44 35 123 155 5 48 102 191 170 159 39 146 228 189 247 110 86 127 138 33 125 90 249 198 201 238 131 213 83 214 136 0 126 168 132 99 77 94 181 100 199 236 137 207 184 255 250 251 221 150 52 165 141 243 117 194 202 253 230 139 135 166 154 252 78 85 217 106 182 225 241 220 178 188 185 248 130 183
116 209 174 103 232 246 234 59 32 239 118 23 222 75 7 57 97 20 79 28 4 215 60 42 153 22 171 95 113 242 211 144 80 13 156 17 145 1 167 195 149 180 16 24 190 219 18 87 226 88 19 160 71 29 58 50 240 142 51 12 2 9 244 204 43 231 104 176 158 73 114 173 21 212 92 46 30 53 169 197 179 164 69 10 216 89 140 192 66 68 11 74 26 133 82 177 49 105 129 187 193 27 6 163 3 38 147 101 112 245 186 47 196 152 121 157 120 67 31 111 36 125 54 25 56 218 109 61 224 237 93 81 235 70 41 128 210 64 175 63 108 122 107 14 151 91 223 233 52 37 40 227 139 76 55 172 182 34 84 15 98 96 8 148 143 72 45 161 254 206 208 65 229 205 119 162 124 62 44 35 123 155 5 48 102 191 170 159 39 146 228 189 247 110 86 127 138 33 203 90 249 198 201 238 131 213 83 214 136 0 126 168 132 99 77 94 181 100 199 236 137 207 184 255 250 251 221 150 115 165 141 243 117 194 202 253 230 134 135 166 154 252 200 85 217 106 78 225 241 220 178 188 185 248 130 183
116 209 174 103 232 246 234 59 32 239 118 23 222 75 7 57 97 20 79 28 4 215 60 42 153 22 171 95 113 242 211 144 80 13 156 17 145 1 167 195 149 180 16 24 190 219 18 87 226 88 19 160 71 29 58 50 240 142 51 12 2 9 244 204 43 231 104 176 158 73 114 173 21 212 92 46 30 53 169 197 179 164 69 10 216 89 140 192 66 68 11 74 26 133 82 177 49 105 129 187 193 27 6 163 3 38 147 101 165 245 186 47 196 203 121 157 120 67 31 111 36 15 54 25 56 218 109 61 224 237 93 81 235 70 41 128 112 64 175 63 108 122 107 14 151 91 223 233 152 37 40 227 134 76 55 172 115 34 52 84 98 96 8 148 143 72 45 161 254 206 208 65 229 205 119 162 124 62 44 35 123 155 5 48 102 191 170 159 39 146 228 189 247 210 86 127 138 33 125 90 249 198 201 238 131 213 83 214 136 0 110 168 132 99 77 94 181 100 199 236 137 207 184 126 250 251 221 150 182 255 141 243 117 194 202 253 230 139 135 166 154 252 200 85 217 106 78 225 241 220 178 188 185 248 130 183
116 209 174 103 232 246 234 59 32 239 118 23 222 75 7 57 97 20 79 28 4 215 60 42 153 22 171 95 113 242 211 144 80 13 156 17 145 1 167 195 149 180 16 24 190 219 18 87 226 88 19 160 71 29 58 50 240 142 51 12 2 9 244 204 43 231 104 176 158 73 114 173 21 212 92 46 30 53 169 197 179 164 69 10 216 89 140 192 66 68 11 74 26 133 82 177 49 105 129 187 193 27 6 163 3 38 147 101 165 245 186 47 196 203 121 157 120 67 31 111 36 15 54 25 56 218 109 61 224 237 93 81 235 70 41 128 210 64 175 63 108 122 107 14 151 91 223 233 152 37 40 227 134 76 55 172 115 34 52 84 98 96 8 148 143 72 45 161 254 206 208 65 229 205 119 162 124 62 44 35 123 155 5 48 102 191 170 159 39 146 228 189 247 112 86 127 138 33 125 90 249 198 201 238 131 213 83 214 136 0 110 168 132 99 77 94 181 100 199 236 137 207 184 126 250 251 221 150 182 255 141 243 117 194 202 253 230 139 135 166 154 252 200 85 217 106 78 225 241 220 178 188 185 248 130 183
116 209 174 103 232 246 234 59 32 239 118 23 222 75 7 57 97 20 79 28 4 215 60 42 153 22 171 95 113 242 211 144 80 13 156 17 145 1 167 195 149 180 16 24 190 219 18 87 226 88 19 160 71 29 58 50 240 142 51 12 2 9 244 204 43 231 104 176 158 73 114 173 21 212 92 46 30 53 169 197 179 164 69 10 216 89 140 192 66 68 11 74 26 133 82 177 49 105 129 187 193 27 6 163 3 38 147 101 165 245 186 47 196 203 121 157 120 67 31 111 36 15 54 25 56 218 109 61 224 237 93 81 235 70 41 128 210 64 175 63 108 122 107 14 151 91 223 233 152 37 40 227 134 76 55 172 115 34 52 84 98 96 8 148 143 72 45 161 254 206 208 65 229 205 119 162 124 62 44 35 123 155 5 48 102 191 170 159 39 146 228 189 247 112 86 127 138 33 125 90 249 198 201 238 131 213 83 214 136 0 126 168 132 99 77 94 181 100 199 236 137 207 184 110 250 251 221 150 182 255 141 243 117 194 202 253 230 139 135 166 154 252 200 85 217 106 78 225 241 220 178 188 185 248 130 183
116 209 174 103 232 246 234 59 32 239 118 23 222 75 7 57 97 20 79 28 4 215 60 42 153 22 171 95 113 242 211 144 80 13 156 17 145 1 167 195 149 180 16 24 190 219 18 87 226 88 19 160 71 29 58 50 240 142 51 12 2 9 244 204 43 231 104 176 158 73 114 173 21 212 92 46 30 53 169 197 179 164 69 10 216 89 140 192 66 68 11 74 26 133 82 177 49 105 129 187 193 27 6 163 3 38 147 101 165 245 186 47 196 203 121 157 120 67 31 111 36 15 54 25 56 218 109 61 224 237 93 81 235 70 41 128 210 64 175 63 108 122 107 14 151 91 223 233 152 37 40 227 134 76 55 172 115 34 52 84 98 96 8 148 143 72 45 161 254 206 208 65 229 205 119 162 124 62 44 35 123 155 5 48 102 191 170 159 39 146 228 189 247 112 126 127 138 33 125 90 249 198 201 238 131 213 83 214 136 0 110 168 132 99 77 94 181 100 199 236 137 207 184 86 250 251 221 150 182 255 141 243 117 194 202 253 230 139 135 166 154 252 200 85 217 106 78 225 241 220 178 188 185 248 130 183
116 209 174 103 232 246 234 59 32 239 118 23 222 75 7 57 97 20 79 28 4 215 60 42 153 22 171 95 113 242 211 144 80 13 156 17 145 1 167 195 149 180 16 24 190 219 18 87 226 88 19 160 71 29 58 50 240 142 51 12 2 9 244 204 43 231 104 176 158 73 114 173 21 212 92 46 30 53 169 197 179 164 69 10 216 89 140 192 66 68 11 74 26 133 82 177 49 105 129 187 193 27 6 163 3 38 147 101 165 245 186 47 196 203 121 157 120 67 31 111 36 15 54 25 56 253 109 61 224 237 93 81 235 70 41 128 210 64 175 63 108 122 107 14 151 91 223 233 152 37 40 227 134 76 55 172 115 34 52 84 98 96 8 148 143 72 45 161 254 206 208 65 229 205 119 162 124 62 44 35 123 155 5 48 102 191 170 159 39 146 228 189 247 112 126 127 138 33 125 90 249 198 201 238 131 213 83 214 136 0 110 168 132 99 77 94 181 100 199 236 137 207 184 86 250 251 221 150 182 255 141 243 117 194 202 218 230 139 135 166 154 252 200 85 217 106 78 225 241 220 178 188 185 248 130 183
116 209 174 103 232 246 234 59 32 239 118 23 222 75 7 57 97 20 79 28 4 215 60 42 153 22 171 95 113 242 211 144 80 13 156 17 145 1 167 195 149 180 16 24 190 219 18 87 226 88 19 160 71 29 58 50 240 142 51 12 2 9 244 204 43 231 104 176 158 73 114 173 21 212 92 46 30 53 169 197 179 164 69 10 216 89 140 192 66 68 11 74 26 133 82 177 49 105 129 187 193 27 6 163 3 38 147 101 238 245 186 47 196 203 121 157 120 67 31 111 36 15 54 25 56 218 109 61 224 237 93 81 235 70 41 128 210 64 126 63 108 122 107 14 151 91 223 233 152 37 40 227 110 76 55 172 115 34 52 84 98 96 8 148 143 72 45 161 254 206 208 65 229 205 119 162 124 62 44 35 123 155 5 48 102 191 170 159 39 146 228 189 247 112 86 127 138 33 125 90 249 198 201 134 131 213 83 214 136 0 175 168 132 99 77 94 181 100 199 236 137 207 184 255 250 251 221 150 182 165 141 243 117 194 202 253 230 139 135 166 154 252 200 85 217 106 78 225 241 220 178 188 185 248 130 183
116 209 174 103 232 246 234 59 32 239 118 23 222 75 7 57 97 20 79 28 4 215 60 42 153 22 171 95 113 242 211 144 80 13 156 17 145 1 167 195 149 180 16 24 190 219 18 87 226 88 19 160 71 29 58 50 240 142 51 12 2 9 244 204 43 231 104 176 158 73 114 173 21 212 92 46 30 53 169 197 179 164 69 10 216 89 140 192 66 68 11 74 26 133 82 177 49 105 129 187 193 27 6 163 3 198 147 101 165 245 186 47 196 203 121 157 120 67 31 111 36 15 54 25 56 218 109 61 224 237 93 81 235 70 41 128 210 64 175 63 108 122 107 14 151 91 223 233 152 37 40 227 134 76 55 172 115 34 52 84 98 96 8 148 143 72 45 161 254 206 208 65 229 205 119 162 124 62 44 35 123 155 5 48 102 191 170 159 39 146 228 189 247 112 86 127 138 33 125 90 249 38 201 238 131 213 83 214 136 0 126 168 132 99 77 94 181 100 199 236 137 207 184 110 250 251 221 150 182 255 141 243 117 194 202 253 230 139 135 166 154 252 200 85 217 106 78 225 241 220 178 188 185 248 130 183
116 209 174 103 232 246 234 59 32 239 118 23 222 75 7 57 97 20 79 28 4 215 60 42 153 22 171 95 113 242 211 144 80 13 156 17 145 1 167 195 149 180 16 24 190 219 18 87 226 88 19 160 71 29 58 50 240 142 51 12 2 9 244 204 43 231 104 176 158 73 114 173 21 212 92 46 30 53 169 197 179 164 69 10 216 89 140 192 233 68 11 74 26 133 82 177 49 105 107 187 193 27 6 163 3 38 147 101 112 245 186 47 52 203 121 157 120 67 31 111 36 170 54 25 56 218 109 61 224 237 93 81 235 70 41 128 210 64 175 63 108 122 129 14 151 91 223 66 152 37 40 227 134 76 55 115 172 34 200 84 98 96 8 148 143 72 45 161 254 206 208 65 229 205 119 162 124 62 44 35 123 155 5 48 102 191 15 159 39 146 228 189 247 110 86 127 138 33 125 90 249 198 201 238 131 213 83 214 136 0 126 168 132 99 77 94 181 100 199 236 137 207 184 255 250 251 221 150 182 165 141 243 117 194 202 253 230 139 135 166 154 252 196 85 217 106 78 225 241 220 178 188 185 248 130 183
116 209 174 103 232 246 234 59 32 239 118 23 222 75 7 57 97 20 79 28 4 215 60 42 153 22 171 95 113 242 211 144 80 13 156 17 145 1 167 195 149 180 16 24 190 219 18 87 226 88 19 160 71 29 58 50 240 142 51 12 2 9 244 204 43 231 104 176 158 73 114 173 21 212 92 46 30 53 169 197 179 164 69 65 216 89 140 192 66 68 11 74 26 133 82 177 49 105 129 187 193 27 6 163 3 38 147 56 112 245 186 47 196 203 121 157 120 67 31 111 36 15 54 25 101 218 109 61 224 237 93 81 235 70 41 128 210 64 175 63 108 122 107 14 151 91 223 233 152 37 40 227 134 76 55 172 115 34 200 84 98 96 8 148 143 72 45 161 254 206 208 10 229 205 119 162 124 62 44 35 123 155 5 48 102 191 170 159 39 146 228 189 247 110 86 127 138 33 125 90 249 198 201 238 131 213 83 214 136 0 126 168 132 99 77 94 181 100 199 236 137 207 184 255 250 251 221 150 52 165 141 243 117 194 202 253 230 139 135 166 154 252 78 85 217 106 182 225 241 220 178 188 185 248 130 183
116 209 174 103 232 246 234 59 32 239 118 23 222 75 7 57 97 20 79 28 4 215 60 42 153 22 171 95 113 242 211 144 80 13 156 17 145 1 167 195 149 180 16 24 190 219 18 87 226 88 19 160 71 29 58 50 240 142 51 12 2 9 244 204 43 231 104 176 158 73 114 173 21 212 92 46 30 53 169 197 179 164 243 10 216 89 140 192 66 68 11 74 26 133 82 177 49 105 129 187 193 27 6 163 3 38 147 101 112 245 186 47 196 203 121 157 120 67 31 111 36 15 54 25 56 218 109 61 224 237 93 81 235 70 41 128 110 64 175 63 108 122 107 14 151 91 223 233 152 37 40 227 134 76 55 172 115 34 52 84 98 96 8 148 143 72 45 161 254 206 208 65 229 205 119 162 124 62 44 165 123 155 5 48 102 191 170 159 39 146 228 189 247 210 86 127 138 33 125 90 249 198 201 238 131 213 83 214 136 0 126 168 132 99 77 94 181 100 199 236 137 207 184 255 250 251 221 150 182 35 141 69 117 194 202 253 230 139 135 166 154 252 200 85 217 106 78 225 241 220 178 188 185 248 130 183
116 209 174 103 232 246 234 59 32 239 118 23 222 75 7 57 97 20 79 28 4 215 60 42 153 22 171 95 113 242 211 144 80 13 156 17 145 1 167 195 149 180 16 24 190 219 18 87 226 88 19 160 71 29 58 50 240 142 51 12 2 9 244 204 43 231 104 176 158 73 114 173 21 212 92 46 30 53 169 197 179 164 243 10 216 89 140 192 66 68 11 74 26 133 82 177 49 105 129 187 193 27 6 163 3 110 147 101 112 245 186 47 196 203 121 157 120 67 31 111 36 15 54 25 56 218 109 61 224 237 93 81 235 70 41 128 38 64 175 63 108 122 107 14 151 91 223 233 152 37 40 227 134 76 55 172 115 34 52 84 98 96 8 148 143 72 45 161 254 206 208 65 229 205 119 162 124 62 44 165 123 155 5 48 102 191 170 159 39 146 228 189 247 210 86 127 138 33 125 90 249 198 201 238 131 213 83 214 136 0 126 168 132 99 77 94 181 100 199 236 137 207 184 255 250 251 221 150 182 35 141 69 117 194 202 253 230 139 135 166 154 252 200 85 217 106 78 225 241 220 178 188 185 248 130 183
116 209 174 103 232 246 234 59 32 239 118 23 222 75 7 57 97 20 79 28 4 215 60 42 153 22 171 95 113 242 211 144 80 13 156 17 145 1 167 195 149 180 16 24 190 219 18 87 226 88 19 160 71 29 58 50 240 142 51 12 2 9 244 204 43 231 104 176 158 73 114 173 21 212 92 46 30 53 169 197 179 164 243 10 216 89 140 192 66 68 11 74 26 133 82 177 49 105 129 187 193 27 6 163 3 110 147 101 112 245 186 47 196 203 121 157 120 67 31 111 36 15 54 25 56 218 109 61 224 237 93 81 235 70 41 128 38 64 175 63 108 122 107 14 151 91 223 233 152 37 40 227 134 76 55 172 115 34 52 84 98 96 8 148 143 72 141 161 254 206 208 65 229 205 119 162 124 62 44 165 123 155 5 48 102 191 170 159 39 146 228 189 247 210 86 127 138 33 125 90 249 198 201 238 131 213 83 214 136 0 126 168 132 99 77 94 181 100 199 236 137 207 184 255 250 251 221 150 182 35 45 69 117 194 202 253 230 139 135 166 154 252 200 85 217 106 78 225 241 220 178 188 185 248 130 183
116 209 174 103 232 246 234 59 32 239 118 23 222 75 7 57 97 20 79 28 4 215 60 42 153 22 171 95 113 242 211 144 80 13 156 17 145 1 167 195 149 180 16 24 190 219 18 87 226 88 19 160 71 29 58 50 240 142 51 12 2 9 244 204 43 231 104 176 158 73 114 173 21 212 92 46 30 53 169 197 179 164 243 10 216 89 140 192 66 68 11 74 26 133 82 177 49 105 129 187 193 27 6 163 3 110 147 101 112 245 186 47 196 203 121 157 120 67 31 111 36 15 54 25 56 218 109 61 224 237 93 81 235 70 41 128 38 64 175 63 108 122 107 14 151 91 223 233 152 37 40 227 134 76 55 172 115 34 52 84 98 96 8 148 143 72 141 161 254 206 208 65 229 205 119 162 124 62 44 220 123 155 5 48 102 191 170 159 39 146 228 189 247 210 86 127 138 33 125 90 249 198 201 238 131 213 83 214 136 0 126 168 132 99 77 94 181 100 199 236 137 207 184 255 250 251 221 150 182 35 45 69 117 194 202 253 230 139 135 166 154 252 200 85 217 106 78 225 241 165 178 188 185 248 130 183
116 209 174 103 232 246 234 59 32 239 118 23 222 75 7 57 97 20 79 28 4 215 60 42 153 22 171 95 113 242 211 144 80 13 156 17 145 1 167 195 149 180 16 24 190 219 18 87 226 88 19 160 71 29 58 50 240 142 51 12 2 9 244 204 43 231 104 176 158 73 114 173 21 212 92 46 30 53 169 197 179 164 254 10 216 89 140 192 66 68 11 74 26 133 82 177 49 105 129 187 193 27 6 163 3 38 147 101 112 245 186 47 196 203 121 157 120 67 31 111 36 15 54 25 56 218 109 61 224 237 93 81 235 70 41 128 210 64 175 63 108 122 107 14 151 91 223 233 152 37 40 227 134 76 55 172 115 34 85 84 98 96 8 148 143 72 45 161 78 206 208 65 229 205 119 162 124 62 44 35 123 155 5 48 102 191 170 159 39 146 228 189 247 110 86 127 138 33 125 90 249 198 201 238 131 213 83 214 136 0 126 168 132 99 77 94 181 100 199 236 137 207 184 255 250 251 221 150 182 165 141 243 117 194 202 253 230 139 135 166 154 252 200 52 217 106 69 225 241 220 178 188 185 248 130 183
116 209 174 103 232 246 234 59 32 239 118 23 222 75 7 57 97 20 79 28 4 215 60 42 153 22 171 95 113 242 211 144 80 13 156 17 145 1 167 195 149 180 16 24 190 219 18 87 226 88 19 160 71 29 58 50 240 142 51 12 2 9 244 204 43 231 104 176 158 73 114 173 21 212 92 46 30 61 169 197 179 164 69 10 216 89 140 192 66 68 11 74 26 133 82 177 49 105 129 187 193 27 6 163 3 38 147 101 165 245 186 47 196 203 121 157 120 67 31 111 36 15 54 25 56 253 109 53 224 237 93 81 235 70 41 128 210 64 175 63 108 122 107 14 151 91 223 233 152 37 40 227 134 76 55 172 115 34 52 84 98 96 8 148 143 72 45 161 254 206 208 65 229 205 119 162 124 62 44 35 123 155 5 48 102 191 170 159 39 146 228 189 247 112 126 127 138 33 125 90 249 198 201 238 131 213 83 214 136 0 110 168 132 99 77 94 181 100 199 236 137 207 184 86 250 221 251 150 182 255 141 243 117 194 202 218 230 139 135 166 154 252 200 85 217 106 78 225 241 220 178 188 185 248 130 183
116 209 174 103 232 246 234 59 32 239 118 23 222 75 7 57 97 20 79 28 4 215 60 42 153 22 171 95 113 242 211 144 80 13 156 17 145 1 167 195 149 180 16 24 190 219 18 87 226 88 19 160 71 29 58 50 240 142 51 12 2 9 244 204 43 231 104 176 158 73 114 173 21 212 135 46 30 53 31 197 179 164 69 10 216 89 140 192 66 68 11 74 26 200 82 177 49 105 129 187 193 27 6 163 3 38 147 101 112 245 186 47 110 203 121 157 120 67 182 111 36 15 54 25 56 218 109 61 224 237 93 81 235 70 41 128 210 64 175 63 108 122 107 14 151 91 223 233 152 37 40 227 134 76 55 196 115 34 169 84 98 96 8 148 143 72 45 161 254 206 208 65 229 205 170 162 124 62 44 35 123 155 5 48 102 191 119 159 39 146 228 189 247 172 86 127 138 33 125 90 249 198 201 238 131 213 83 214 136 0 126 168 132 99 77 94 181 100 199 236 137 207 184 255 250 251 221 150 52 165 141 243 117 194 202 253 230 139 92 166 154 252 133 85 217 106 78 225 241 220 178 188 185 248 130 183
116 209 174 103 232 246 234 59 32 239 118 23 222 75 7 57 97 20 79 28 4 215 60 42 153 22 171 95 113 242 211 144 80 13 156 17 145 1 167 195 149 180 16 24 190 219 18 87 226 88 19 160 71 29 58 50 240 142 51 12 2 9 244 204 43 231 104 176 158 203 114 173 21 212 92 46 30 53 169 197 179 164 69 10 216 89 140 192 251 68 11 74 26 133 82 177 49 105 129 187 193 27 6 163 3 38 147 101 165 245 134 47 196 166 121 157 120 67 31 111 36 15 54 25 56 218 109 61 224 237 93 81 235 70 41 128 210 64 175 63 108 122 107 14 151 91 223 233 152 37 40 227 110 76 55 52 115 34 172 84 98 96 8 148 143 72 45 161 254 206 208 65 229 205 119 162 124 62 44 35 123 155 5 48 102 191 170 159 39 146 228 189 247 112 86 127 138 33 125 90 249 198 201 238 131 213 83 73 136 0 126 168 132 99 77 94 181 100 199 236 137 207 184 255 250 214 221 150 182 186 141 243 117 194 202 253 230 139 135 66 154 252 200 85 217 106 78 225 241 220 178 188 185 248 130 183
116 209 174 103 232 246 234 59 32 239 118 23 222 75 7 57 97 20 79 28 4 215 60 42 153 22 171 95 113 242 211 144 80 13 156 17 145 1 167 195 149 180 16 24 190 219 18 87 226 88 19 160 71 29 58 50 240 142 51 12 2 9 244 204 43 231 104 176 158 203 114 173 21 212 92 46 30 53 169 197 179 164 69 10 216 89 140 192 251 68 125 74 26 133 82 177 49 105 129 187 101 27 6 163 3 38 147 193 165 245 134 47 196 166 121 157 120 67 31 111 36 15 54 25 56 218 109 61 224 237 93 81 235 70 41 128 210 64 175 63 108 122 107 14 151 91 223 233 152 37 40 227 110 76 55 52 115 34 172 84 98 96 8 148 143 72 45 161 254 206 208 65 229 205 119 162 124 62 44 35 123 155 5 48 102 191 170 159 39 146 228 189 247 112 86 127 138 33 11 90 249 198 201 238 131 213 83 73 136 0 126 168 132 99 77 94 181 100 199 236 137 207 184 255 250 214 221 150 182 186 141 243 117 194 202 253 230 139 135 66 154 252 200 85 217 106 78 225 241 220 178 188 185 248 130 183
116 209 174 103 232 246 234 59 32 239 118 23 222 75 7 57 97 20 79 28 4 215 60 42 153 22 171 95 113 242 211 144 80 13 156 17 145 1 167 195 149 180 16 24 190 219 18 87 226 88 19 160 71 29 58 50 240 142 51 12 2 9 244 204 43 231 104 176 158 203 114 173 21 212 92 46 30 53 169 197 179 164 69 10 216 89 140 192 251 68 125 74 26 133 82 177 49 105 129 187 193 27 6 163 3 38 147 101 165 245 134 47 196 166 121 157 120 67 31 111 36 15 54 25 56 218 109 61 224 237 93 81 235 70 41 128 210 64 175 63 108 122 107 14 151 91 223 233 152 37 40 227 110 76 55 52 115 34 172 84 98 96 8 148 143 72 45 161 254 206 208 65 229 205 119 162 124 62 44 35 123 155 5 48 102 191 170 159 39 146 228 189 247 112 86 127 138 33 11 90 249 198 201 238 131 213 83 73 136 0 126 168 132 99 77 94 181 100 199 236 137 207 184 255 250 214 221 150 182 186 141 243 117 194 202 253 230 139 135 66 154 252 200 85 217 106 78 225 241 220 178 188 185 248 130 183
116 209 174 103 232 246 234 59 32 239 118 23 222 75 7 57 97 20 79 28 4 215 60 42 153 22 171 95 113 242 211 144 80 13 156 17 145 1 167 195 149 180 16 24 190 219 18 87 226 88 19 160 71 29 58 50 240 142 51 12 2 9 244 204 43 231 104 176 158 253 114 173 21 212 92 46 30 53 169 197 179 164 69 10 216 89 140 192 66 68 11 74 26 133 82 177 49 105 129 187 193 27 6 163 3 38 147 101 110 245 186 47 196 203 121 157 120 67 31 111 36 15 54 25 56 218 109 61 224 237 93 81 235 70 41 128 112 64 175 63 108 122 107 14 151 91 223 233 152 37 40 227 134 76 55 172 115 34 52 84 98 96 8 148 143 72 45 161 254 206 208 65 229 205 119 162 124 62 44 35 123 155 5 48 102 191 170 159 39 146 228 189 247 210 86 127 138 33 125 90 249 198 201 238 131 213 83 214 136 0 126 168 132 99 77 94 181 100 199 236 137 207 184 255 250 251 221 150 182 165 141 243 117 194 202 73 230 139 135 166 154 252 200 85 217 106 78 225 241 220 178 188 185 248 130 183
116 209 174 103 232 246 234 59 32 239 118 23 222 75 7 57 97 20 79 28 4 215 60 42 153 22 171 95 113 242 211 144 80 13 156 17 145 1 167 195 149 180 16 24 190 219 18 87 226 88 19 160 71 29 58 50 240 142 51 12 2 9 244 204 43 231 104 176 158 253 114 173 21 212 92 46 30 53 169 197 179 164 69 10 216 89 140 192 66 68 11 74 26 133 82 177 49 105 129 187 193 27 6 163 3 38 147 101 110 245 186 47 196 203 121 157 120 67 31 111 36 15 54 25 56 218 109 61 224 237 93 81 235 70 41 128 210 64 175 63 108 122 107 14 151 91 223 233 152 37 40 227 134 76 55 172 115 34 52 84 98 96 8 148 143 72 45 161 254 206 208 65 229 205 119 162 124 62 44 35 123 155 5 48 102 191 170 159 39 146 228 189 247 112 86 127 138 33 125 90 249 198 201 238 131 213 83 214 136 0 126 168 132 99 77 94 181 100 199 236 137 207 184 255 250 251 221 150 182 165 141 243 117 194 202 73 230 139 135 166 154 252 200 85 217 106 78 225 241 220 178 188 185 248 130 183
116 209 174 103 232 246 234 59 32 239 118 23 222 75 7 57 97 20 79 28 4 215 60 42 153 22 171 95 113 242 211 144 80 13 156 17 145 1 167 195 149 180 16 24 190 219 18 87 226 88 19 160 71 29 58 50 240 142 51 12 2 9 244 204 43 231 104 176 158 253 114 173 21 212 92 46 30 53 169 197 179 164 69 10 216 89 140 192 66 68 11 74 26 133 82 177 49 105 129 187 193 27 6 163 3 38 147 101 165 245 186 47 196 110 121 157 120 67 31 111 36 15 54 25 56 218 109 61 224 237 93 81 235 70 41 128 210 64 175 63 108 122 107 14 151 91 223 233 152 37 40 227 134 76 55 172 115 34 52 84 98 96 8 148 143 72 45 161 254 206 208 65 229 205 119 162 124 62 44 35 123 155 5 48 102 191 170 159 39 146 228 189 247 112 86 127 138 33 125 90 249 198 201 238 131 213 83 214 136 0 126 168 132 99 77 94 181 100 199 236 137 207 184 255 250 251 221 150 182 203 141 243 117 194 202 73 230 139 135 166 154 252 200 85 217 106 78 225 241 220 178 188 185 248 130 183
116 209 174 103 232 246 234 59 32 239 118 23 222 75 7 57 97 20 79 28 4 215 60 42 153 22 171 95 113 242 211 144 80 13 156 17 145 1 167 195 149 180 16 24 190 219 18 87 226 88 19 160 71 29 58 50 240 142 51 12 2 9 244 204 43 231 104 176 158 253 114 173 21 212 92 46 30 53 169 197 179 164 69 10 216 89 140 192 66 68 11 74 26 133 82 177 49 105 129 187 193 27 6 163 3 38 147 101 165 245 186 47 196 110 121 157 120 67 31 111 36 15 54 25 56 218 109 61 224 237 93 81 235 70 41 128 210 64 175 63 108 122 107 14 151 91 223 233 152 37 40 227 134 76 55 172 203 34 52 84 98 96 8 148 143 72 45 161 254 206 208 65 229 205 119 162 124 62 44 35 123 155 5 48 102 191 170 159 39 146 228 189 247 112 86 127 138 33 125 90 249 198 201 238 131 213 83 214 136 0 126 168 132 99 77 94 181 100 199 236 137 207 184 255 250 251 221 150 182 115 141 243 117 194 202 73 230 139 135 166 154 252 200 85 217 106 78 225 241 220 178 188 185 248 130 183
116 209 174 103 232 246 234 59 32 239 118 23 222 75 7 57 97 20 79 28 4 215 60 42 153 22 171 95 113 242 211 144 80 13 156 17 145 1 167 195 149 180 16 24 190 219 18 87 226 88 19 160 71 29 58 50 240 142 51 12 2 9 244 204 43 231 104 176 158 253 114 173 21 212 92 46 30 53 169 197 179 164 69 10 216 89 140 192 66 68 11 74 26 133 82 177 49 105 129 187 193 27 6 163 3 38 147 101 165 245 186 47 196 203 121 157 120 67 31 111 36 15 54 25 56 218 109 61 224 237 93 81 235 70 41 128 210 64 175 63 108 122 107 14 151 91 223 233 152 37 40 227 134 76 55 172 115 34 52 84 98 96 8 148 143 72 45 161 254 206 208 65 229 205 119 162 124 62 44 35 123 155 5 48 102 110 170 159 39 146 228 189 247 112 86 127 138 33 125 90 249 198 201 238 131 213 83 214 136 0 126 168 132 99 77 94 181 100 199 236 137 207 184 255 250 251 221 150 182 191 141 243 117 194 202 73 230 139 135 166 154 252 178 85 217 106 78 225 241 220 200 188 185 248 130 183
116 209 174 103 232 246 234 59 32 239 118 23 222 75 7 57 97 20 79 28 4 215 60 42 153 22 171 95 113 242 211 144 80 13 156 17 145 1 167 195 149 180 16 24 190 219 18 87 226 88 19 160 71 29 58 50 240 142 51 12 2 9 244 204 43 231 104 176 158 253 114 173 21 212 92 46 30 53 169 197 179 164 69 10 216 89 140 192 66 68 11 74 26 133 82 177 49 105 129 187 193 27 6 163 3 38 147 101 165 245 186 47 196 203 121 157 120 67 31 111 36 15 54 25 56 218 109 61 224 237 93 81 235 70 41 128 210 64 175 63 108 122 107 14 151 91 223 233 152 37 40 227 134 76 55 172 115 34 52 84 98 96 8 148 143 72 45 161 254 206 208 65 229 205 119 162 124 62 44 35 123 155 5 48 102 110 170 159 39 146 228 189 247 112 86 127 138 33 125 90 249 198 201 238 131 213 83 214 136 0 126 168 132 99 77 94 181 100 199 236 137 207 184 255 250 251 221 150 182 191 141 243 117 194 202 73 230 139 135 166 154 252 200 85 217 106 78 225 241 220 178 188 185 248 130 183
116 209 174 103 232 246 234 59 32 239 118 23 222 75 7 57 97 20 79 28 4 215 60 42 153 22 171 95 113 242 211 144 80 13 156 17 145 1 167 195 149 180 16 24 190 219 18 87 226 88 19 160 71 29 58 50 240 142 51 12 2 9 244 204 43 231 104 176 158 253 114 173 21 212 92 46 30 53 169 197 179 164 69 10 216 89 140 192 66 68 11 74 26 133 82 177 49 105 129 187 193 27 6 163 3 38 147 101 165 245 186 47 196 203 121 157 120 67 31 111 36 15 54 25 56 218 109 61 224 237 93 81 235 70 41 128 210 64 175 150 108 122 107 14 151 91 223 233 152 37 40 227 134 76 55 172 115 34 52 84 98 96 8 148 143 72 45 161 254 206 208 65 229 205 119 162 124 62 44 35 123 155 5 48 102 110 170 159 39 146 228 189 247 112 86 127 138 33 125 90 249 198 201 238 131 213 83 214 136 0 126 168 132 99 77 94 181 100 199 236 137 207 184 255 250 251 221 63 182 191 141 243 117 194 202 73 230 139 135 166 154 252 200 85 217 106 78 225 241 220 178 188 185 248 130 183
116 209 174 103 232 246 234 59 32 239 118 23 222 75 7 57 97 20 79 28 4 215 60 42 153 22 171 95 113 242 211 144 80 13 156 17 145 1 167 195 149 180 16 24 190 219 18 87 226 88 19 160 71 29 58 50 240 142 51 12 2 9 244 204 43 231 104 176 158 253 114 173 21 212 92 46 30 53 169 197 179 164 69 10 216 89 140 192 66 68 11 74 26 133 82 177 49 105 129 187 193 27 6 163 3 38 147 101 165 245 186 47 196 203 121 157 120 67 31 111 36 15 54 25 56 218 109 61 224 237 93 81 235 70 41 128 210 64 175 191 108 122 107 14 151 91 223 233 152 37 40 227 134 76 55 172 115 34 52 84 98 96 8 148 143 72 45 161 254 206 208 65 229 205 119 162 124 62 44 35 123 155 5 48 102 110 170 159 39 146 228 189 247 112 86 127 138 33 125 90 249 198 201 238 131 213 83 214 136 0 126 168 132 99 77 94 181 100 199 236 137 207 184 255 250 251 221 63 182 150 141 243 117 194 202 73 230 139 135 166 154 252 200 85 217 106 78 225 241 220 178 188 185 248 130 183
116 209 174 103 232 246 234 59 32 239 118 23 222 75 7 57 97 20 79 28 4 215 60 42 153 22 171 95 113 242 211 144 80 13 156 17 145 1 167 195 149 180 16 24 190 219 18 87 226 88 19 160 71 29 58 50 240 142 51 12 2 9 244 204 43 231 104 176 158 253 114 173 21 212 92 46 30 53 169 197 179 164 69 10 216 89 140 192 66 68 11 74 26 133 82 177 49 105 129 187 193 27 6 163 3 38 147 201 165 245 186 47 196 203 121 157 120 67 31 111 36 15 54 25 56 218 109 61 224 237 93 81 235 70 41 128 210 64 175 63 108 122 107 14 151 91 223 233 152 37 40 227 134 76 55 172 115 34 52 84 98 96 8 148 143 72 45 161 254 206 208 65 229 205 119 162 124 62 44 35 123 155 5 48 102 110 170 159 39 146 228 189 247 112 86 127 138 33 125 90 249 198 101 238 131 213 83 214 136 0 126 168 132 99 77 94 181 100 199 236 137 207 184 255 250 251 221 150 182 191 141 243 117 194 202 73 230 139 135 166 154 252 178 85 217 106 78 225 241 220 200 188 185 248 130 183
116 209 174 103 232 246 234 59 32 239 118 23 222 75 7 57 97 20 79 28 4 215 60 42 153 22 171 95 113 242 211 144 80 13 156 17 145 1 167 195 149 180 16 24 190 219 18 87 226 88 19 160 71 29 58 50 240 142 51 12 2 9 244 204 43 231 104 176 158 253 114 173 21 212 92 46 30 53 169 197 179 164 69 10 216 89 140 192 66 68 11 74 26 133 82 177 49 105 129 187 193 150 6 163 3 38 147 101 165 245 186 47 196 203 121 157 120 67 31 111 36 15 54 25 56 218 109 61 224 237 93 81 235 70 41 128 210 64 175 191 108 122 107 14 151 91 223 233 152 37 40 227 134 76 55 172 115 34 52 84 98 96 8 148 143 72 45 161 254 206 208 65 229 205 119 162 124 62 44 35 123 155 5 48 102 110 170 159 39 146 228 189 247 112 86 127 138 33 125 90 249 198 201 238 131 213 83 214 136 0 126 168 132 99 77 94 181 100 199 236 137 207 184 255 250 251 221 63 182 27 141 243 117 194 202 73 230 139 135 166 154 252 200 85 217 106 78 225 241 220 178 188 185 248 130 183
116 209 174 103 232 246 234 59 32 239 118 23 222 75 7 57 97 20 79 28 4 215 60 42 153 22 171 95 113 242 211 144 80 13 156 17 145 1 167 195 149 180 16 24 190 219 18 87 226 88 19 160 71 29 58 50 240 142 51 12 2 9 244 204 43 231 104 176 158 253 114 173 21 212 92 46 207 53 169 197 179 164 69 10 216 89 140 192 66 68 11 74 26 36 82 177 49 105 129 187 193 27 6 163 3 198 147 101 165 245 186 47 196 224 121 157 120 67 31 111 133 15 54 25 56 218 109 61 110 237 93 81 235 70 41 128 210 64 175 63 108 122 107 14 151 91 223 233 152 37 40 227 134 76 55 172 115 34 52 84 98 96 8 148 143 72 45 161 254 206 208 65 229 205 119 162 124 62 44 35 123 155 5 48 102 191 170 159 39 146 228 189 247 112 86 127 138 33 125 90 249 38 201 238 131 213 83 214 136 0 126 168 132 99 77 94 181 100 199 236 137 30 184 255 250 251 221 150 182 203 141 243 117 194 202 73 230 139 135 166 154 252 200 85 217 106 78 225 241 220 178 188 185 248 130 183
116 209 174 103 232 246 234 59 32 239 118 23 222 75 7 57 97 20 79 28 4 215 60 42 153 22 171 95 113 242 211 144 80 13 156 17 145 1 167 195 149 180 16 24 190 219 18 87 226 88 19 160 71 29 58 50 240 142 51 12 2 9 244 204 43 231 104 176 158 253 114 173 196 212 92 46 30 53 169 197 179 164 69 10 216 89 140 192 66 68 11 74 26 133 82 177 49 105 129 187 193 27 6 163 3 38 147 101 112 245 186 47 21 203 121 157 120 67 31 111 36 15 54 25 56 218 109 61 224 237 93 81 235 70 41 128 110 64 175 63 108 122 107 14 151 91 223 233 152 37 40 227 134 76 55 172 115 34 52 84 98 96 8 148 143 72 45 161 254 206 208 65 229 205 119 162 124 62 44 35 123 155 5 48 102 191 170 159 39 146 228 189 247 210 86 127 138 33 125 90 249 198 201 238 131 213 83 214 136 0 126 168 132 99 77 94 181 100 199 236 137 207 184 255 250 251 221 150 182 165 141 243 117 194 202 73 230 139 135 166 154 252 200 85 217 106 78 225 241 220 178 188 185 248 130 183
116 209 174 103 232 246 234 59 32 239 118 23 222 75 7 57 97 20 79 28 4 215 60 42 153 22 171 95 113 242 211 144 80 13 156 17 145 1 167 195 149 180 16 24 190 219 18 87 226 88 19 160 71 29 58 50 240 142 51 12 2 9 244 204 43 231 104 205 158 66 114 173 21 212 92 46 30 53 169 197 179 164 69 10 216 89 140 192 38 68 11 74 26 133 82 177 49 105 129 187 193 27 6 163 3 52 147 101 165 245 186 47 196 203 121 157 120 67 31 111 36 15 54 25 56 218 109 61 224 237 93 81 235 70 41 128 210 64 175 63 108 122 107 14 151 91 223 233 152 37 40 227 110 76 55 172 115 34 252 84 98 96 8 148 143 72 45 161 254 206 208 65 229 176 119 162 124 62 44 35 123 155 5 48 102 191 170 159 39 146 228 189 247 112 86 127 138 33 125 90 249 198 201 238 131 213 83 73 136 0 126 168 132 99 77 94 181 100 199 236 137 207 184 255 250 251 221 150 182 134 141 243 117 194 202 253 230 139 135 166 154 214 200 85 217 106 78 225 241 220 178 188 185 248 130 183
116 209 174 103 232 246 234 59 32 239 118 23 222 75 7 57 97 20 79 28 4 215 60 42 153 22 171 95 113 242 211 144 80 13 156 17 145 1 167 195 149 180 16 24 190 219 18 87 226 88 19 160 71 29 58 50 240 142 51 12 2 9 244 204 43 231 139 152 158 159 112 173 21 212 92 46 30 53 169 197 179 164 69 10 216 89 140 192 73 68 11 74 26 133 82 177 49 105 129 187 193 27 6 163 3 38 147 101 114 245 186 47 196 203 121 157 120 67 31 111 36 15 54 25 56 218 109 61 224 237 93 81 235 70 41 128 210 64 175 63 108 122 107 14 151 91 223 233 176 37 40 227 134 76 55 172 115 34 52 84 98 96 8 249 143 72 45 161 254 206 208 65 229 205 119 162 124 62 44 35 123 155 5 48 102 191 170 66 39 146 228 189 247 110 86 127 138 33 125 90 148 198 201 238 131 213 83 214 136 0 126 168 132 99 77 94 181 100 199 135 137 207 184 255 250 251 221 150 182 165 141 243 117 194 202 253 230 104 236 166 154 252 200 85 217 106 78 225 241 220 178 188 185 248 130 183
116 209 174 103 232 246 234 59 32 239 118 23 222 75 7 57 97 20 79 28 4 215 60 42 153 22 171 95 113 242 211 144 80 13 156 17 145 1 167 195 149 180 16 24 190 219 18 87 226 88 19 160 71 29 58 50 240 142 51 12 2 9 244 204 43 231 139 152 158 159 114 173 21 212 92 46 30 53 169 197 179 164 69 10 216 89 140 192 73 68 11 74 26 133 82 177 49 105 129 187 193 27 6 163 3 38 147 101 112 245 186 47 196 203 121 157 120 67 31 111 36 15 54 25 56 218 109 61 224 237 93 81 235 70 41 128 210 64 175 63 108 122 107 14 151 91 223 233 176 37 40 227 134 76 55 172 115 34 52 84 98 96 8 249 143 72 45 161 254 206 208 65 229 205 119 162 124 62 44 35 123 155 5 48 102 191 170 66 39 146 228 189 247 110 86 127 138 33 125 90 148 198 201 238 131 213 83 214 136 0 126 168 132 99 77 94 181 100 199 135 137 207 184 255 250 251 221 150 182 165 141 243 117 194 202 253 230 104 236 166 154 252 200 85 217 106 78 225 241 220 178 188 185 248 130 183
116 209 174 103 232 246 234 59 32 239 118 23 222 75 7 57 97 20 79 28 4 215 60 42 153 22 171 95 113 242 211 144 80 13 156 17 145 1 167 195 149 180 16 24 190 219 18 87 226 88 19 160 71 29 58 50 240 142 51 12 2 9 244 204 43 231 139 176 158 73 101 173 21 212 92 46 30 53 169 197 179 164 69 10 216 89 140 192 66 68 11 74 26 133 82 177 49 105 129 187 193 27 6 163 3 38 147 114 112 245 186 47 196 203 121 157 120 67 31 111 36 15 54 25 56 218 109 61 224 237 93 81 235 70 41 128 210 64 175 63 108 122 107 14 151 91 141 233 152 37 40 227 134 76 55 172 115 34 182 84 98 96 8 148 143 72 45 161 254 206 208 65 229 205 119 162 124 62 44 35 123 155 5 48 102 191 170 159 39 146 228 189 247 110 86 127 138 33 125 90 249 198 201 238 131 213 83 214 136 0 126 168 132 99 77 94 181 100 199 236 137 207 184 255 250 251 221 150 52 165 223 243 117 194 202 253 230 104 135 166 154 252 200 85 217 106 78 225 241 220 178 188 185 248 130 183
116 209 174 103 232 246 234 59 32 239 118 23 222 75 7 57 97 20 79 28 4 215 60 42 153 22 171 95 113 242 211 144 80 13 156 17 145 1 167 195 149 180 16 24 190 219 18 87 226 88 19 160 71 29 58 50 240 142 51 12 2 9 244 204 43 231 139 176 158 73 114 173 21 212 92 46 30 53 169 197 179 164 69 10 216 89 140 192 66 68 11 74 26 133 82 177 49 105 129 187 193 27 6 163 3 38 147 101 112 245 186 47 196 203 121 157 120 67 31 111 36 15 54 25 56 218 109 61 224 237 146 81 235 70 41 128 210 64 175 63 108 122 107 251 151 91 223 233 152 37 40 227 134 76 55 172 115 34 200 84 98 96 8 249 143 72 45 161 254 206 208 65 229 205 119 162 124 62 44 35 123 155 5 48 102 191 170 159 39 93 228 189 247 110 86 127 138 33 125 90 148 198 201 238 131 213 83 214 136 0 126 168 132 99 77 94 181 100 199 236 137 207 184 255 250 14 221 150 52 165 141 243 117 194 202 253 230 104 135 166 154 252 182 85 217 106 78 225 241 220 178 188 185 248 130 183
116 209 174 103 232 246 234 59 32 239 118 23 222 75 7 57 97 20 79 28 4 215 60 42 153 22 171 95 113 242 211 144 80 13 156 17 145 1 167 195 149 180 16 24 190 219 18 87 226 88 19 160 71 29 58 50 240 142 51 12 2 9 244 204 186 231 104 176 158 66 114 173 21 212 92 46 30 53 169 197 179 164 69 10 216 89 140 192 251 68 11 74 43 133 82 177 49 105 129 187 193 27 6 163 3 38 147 101 165 245 134 47 196 203 121 157 120 67 31 111 36 15 54 25 56 218 109 61 224 237 93 81 235 70 41 128 210 64 175 63 108 122 107 14 151 91 223 233 152 37 40 227 110 76 55 172 115 34 8 84 98 96 26 148 143 72 45 161 254 206 208 65 229 205 119 162 124 62 44 35 123 155 5 48 102 191 170 159 39 146 228 189 247 112 86 127 138 33 125 90 249 198 201 238 131 213 83 73 136 0 126 168 132 99 77 94 181 100 199 236 137 207 184 255 250 214 221 150 182 52 141 243 117 194 202 253 230 139 135 166 154 252 200 85 217 106 78 225 241 220 178 188 185 248 130 183
116 209 174 103 232 246 234 59 32 239 118 23 222 75 7 57 97 20 79 28 4 215 60 42 153 22 171 95 113 242 211 144 80 13 156 17 145 1 167 195 149 180 16 24 190 219 18 87 226 88 19 160 71 29 58 50 240 142 51 12 2 9 244 204 187 231 104 176 158 66 114 173 21 212 92 46 30 53 169 228 179 164 69 10 216 89 140 192 251 68 11 74 43 133 82 177 49 105 129 186 193 27 6 163 3 38 147 101 165 245 134 47 196 203 121 157 120 67 31 111 36 15 54 25 56 218 109 61 224 237 93 81 235 70 41 128 210 64 175 63 108 122 107 14 151 91 223 233 152 37 40 227 110 76 55 172 115 34 8 84 98 96 26 148 143 72 45 161 254 206 208 65 229 205 170 162 124 62 44 35 123 155 5 48 102 191 119 159 39 146 197 189 247 112 86 127 138 33 125 90 249 198 201 238 131 213 83 73 136 0 126 168 132 99 77 94 181 100 199 236 137 207 184 255 250 214 221 150 182 52 141 243 117 194 202 253 230 139 135 166 154 252 200 85 217 106 78 225 241 220 178 188 185 248 130 183
116 209 174 103 232 246 234 59 32 239 118 23 222 75 7 57 97 20 79 28 4 215 60 42 153 22 171 95 113 242 211 144 80 13 156 17 145 1 167 195 149 180 16 24 190 219 18 87 226 88 19 160 71 29 58 50 240 142 51 12 2 9 244 204 201 231 104 176 158 66 114 173 21 212 92 46 30 53 169 197 179 164 69 10 216 89 140 192 73 68 11 74 26 133 82 177 49 105 129 187 193 27 6 163 3 38 147 101 238 245 186 47 196 203 121 157 120 67 31 111 36 15 54 25 56 218 109 61 224 237 93 81 235 70 41 128 210 64 175 37 108 122 107 14 151 91 223 233 152 63 40 227 110 76 55 172 115 34 52 84 98 96 8 148 143 72 45 161 254 206 208 65 229 205 119 162 124 62 44 35 123 155 5 48 102 191 170 159 39 146 228 189 247 112 86 127 138 33 125 90 249 198 43 134 131 213 83 214 136 0 126 168 132 99 77 94 181 100 199 236 137 207 184 255 250 251 221 150 182 165 141 243 117 194 202 253 230 139 135 166 154 252 200 85 217 106 78 225 241 220 178 188 185 248 130 183
116 209 174 103 232 246 234 59 32 239 118 23 222 75 7 57 97 20 79 28 4 215 60 42 153 22 171 95 113 242 211 144 80 13 156 17 145 1 167 195 149 180 16 24 190 219 18 87 226 88 19 160 71 29 58 50 240 142 51 12 2 9 244 204 206 231 104 176 158 253 114 173 21 212 92 46 207 53 169 197 179 164 69 10 216 89 140 192 66 68 11 74 26 36 82 177 49 105 129 187 193 27 6 163 3 198 147 101 165 245 186 47 196 224 121 157 120 67 31 111 133 15 54 25 56 218 109 61 110 237 93 81 235 70 41 128 210 64 175 63 108 122 107 14 151 91 223 233 152 37 40 227 134 76 55 172 115 34 52 84 98 96 8 148 143 72 45 161 254 43 208 65 229 205 119 162 124 62 44 35 123 155 5 48 102 191 170 159 39 146 228 189 247 112 86 127 138 33 125 90 249 38 201 238 131 213 83 214 136 0 126 168 132 99 77 94 181 100 199 236 137 30 184 255 250 251 221 150 182 203 141 243 117 194 202 73 230 139 135 166 154 252 200 85 217 106 78 225 241 220 178 188 185 248 130 183
116 209 174 103 232 246 234 59 32 239 118 23 222 75 7 57 97 20 79 28 4 215 60 42 153 22 171 95 113 242 211 144 80 13 156 17 145 1 167 195 149 180 16 24 190 219 18 87 226 88 19 160 71 29 58 50 240 142 51 12 2 9 244 204 206 231 104 176 158 253 114 173 21 212 92 46 207 53 169 197 179 164 69 10 216 89 140 192 66 68 11 74 26 36 82 177 49 105 129 187 193 27 6 163 3 198 147 101 165 245 186 47 196 224 121 157 120 67 194 111 133 15 54 25 56 218 109 61 110 237 93 81 235 70 41 128 210 64 175 63 108 122 107 14 151 91 223 233 152 37 40 227 134 76 55 172 115 34 52 84 98 96 8 148 143 72 45 161 254 43 208 65 229 205 119 162 124 62 44 35 123 155 5 48 102 191 170 159 39 146 228 189 247 112 86 127 138 33 125 90 249 38 201 238 131 213 83 214 136 0 126 168 132 99 77 94 181 100 199 236 137 30 184 255 250 251 221 150 182 203 141 243 117 31 202 73 230 139 135 166 154 252 200 85 217 106 78 225 241 220 178 188 185 248 130 183
116 209 174 103 232 246 234 59 32 239 118 23 222 75 7 57 97 20 79 28 4 215 60 42 153 22 171 95 113 242 211 144 80 13 156 17 145 1 167 195 149 180 16 24 190 219 18 87 226 88 19 160 71 29 58 50 240 142 51 12 2 131 244 204 43 231 104 176 158 73 114 173 21 212 92 46 30 53 169 197 179 129 69 10 216 89 140 192 66 68 11 74 26 133 82 177 49 105 164 187 193 27 6 115 3 38 147 101 165 245 126 47 196 203 121 157 120 67 31 111 36 15 54 25 56 218 109 61 224 237 93 81 235 70 41 128 210 64 175 63 108 122 107 83 151 91 223 233 152 37 40 227 134 76 55 172 163 34 52 84 98 96 8 148 143 72 45 161 254 206 208 65 229 205 119 162 124 62 44 35 123 155 5 48 102 191 170 159 39 146 228 189 247 112 86 127 138 33 125 90 249 198 201 238 14 213 9 214 136 0 110 168 132 99 77 94 181 100 199 236 137 207 184 186 250 251 221 150 182 255 141 243 117 194 202 253 230 139 135 166 154 252 200 85 217 106 78 225 241 220 178 188 185 248 130 183
116 209 174 103 232 246 234 59 32 239 118 23 222 75 7 57 97 20 79 28 4 215 60 42 153 22 171 95 113 242 211 144 80 13 156 17 145 1 167 195 149 180 16 24 190 219 18 87 226 88 19 160 71 29 58 50 240 142 51 12 2 131 244 204 43 231 104 176 158 73 114 173 21 212 92 46 30 53 169 197 179 129 69 10 216 89 140 192 66 68 11 74 26 133 82 177 49 105 164 187 193 27 6 163 3 38 147 101 165 245 126 47 196 203 121 157 120 67 31 111 36 15 54 25 56 218 109 61 224 237 93 81 235 70 41 128 210 64 175 63 108 122 107 83 151 91 223 233 152 37 40 227 134 76 55 172 115 34 52 84 98 96 8 148 143 72 45 161 254 206 208 65 229 205 119 162 124 62 44 35 123 155 5 48 102 191 170 159 39 146 228 189 247 112 86 127 138 33 125 90 249 198 201 238 14 213 9 214 136 0 110 168 132 99 77 94 181 100 199 236 137 207 184 186 250 251 221 150 182 255 141 243 117 194 202 253 230 139 135 166 154 252 200 85 217 106 78 225 241 220 178 188 185 248 130 183
116 209 174 103 232 246 234 59 32 239 118 23 222 75 7 57 97 20 79 28 4 215 60 42 153 22 171 95 113 242 211 144 80 13 156 17 145 1 167 195 149 180 16 24 190 219 18 87 226 88 19 160 71 29 58 50 240 142 51 12 2 170 244 204 43 231 104 176 158 253 114 173 21 212 92 46 30 53 169 197 179 164 69 10 216 89 140 192 66 68 11 74 26 133 82 177 49 105 129 187 193 27 6 163 3 38 147 201 165 245 186 47 196 203 121 157 120 67 31 111 36 15 54 25 56 218 109 61 224 237 93 81 235 70 41 128 210 64 175 63 108 122 107 14 151 91 223 233 152 37 40 227 134 76 55 172 115 34 52 84 98 96 8 148 143 72 45 161 254 206 208 65 229 205 119 162 124 62 44 35 123 155 5 48 102 110 9 159 39 146 228 189 247 112 86 127 138 33 125 90 249 198 101 238 131 213 83 214 136 0 126 168 132 99 77 94 181 100 199 236 137 207 184 255 250 251 221 150 182 191 141 243 117 194 202 73 230 139 135 166 154 252 178 85 217 106 78 225 241 220 200 188 185 248 130 183
116 209 174 103 232 246 234 59 32 239 118 23 222 75 7 57 97 20 79 28 4 215 60 42 153 22 171 95 113 242 211 144 80 13 156 17 145 1 167 195 149 180 16 24 190 219 18 87 226 88 19 160 71 29 58 50 240 142 51 12 2 245 244 204 201 231 104 11 158 66 114 173 21 212 92 46 30 53 169 197 179 164 69 10 216 89 140 192 251 68 176 74 26 133 82 177 49 105 129 187 193 27 6 163 3 38 147 101 165 9 52 47 196 203 121 157 120 67 31 111 36 15 54 25 56 218 109 61 224 237 93 81 235 70 41 128 210 64 175 63 108 122 107 14 151 91 223 233 152 37 40 227 48 76 55 172 115 34 134 84 98 96 8 148 143 72 45 161 254 206 208 65 229 205 119 162 124 62 44 35 123 155 5 110 102 191 170 159 39 146 228 189 247 112 86 127 138 33 125 90 249 198 43 238 131 213 83 73 136 0 126 168 132 99 77 94 181 100 199 236 137 207 184 255 250 214 221 150 182 186 141 243 117 194 202 253 230 139 135 166 154 252 200 85 217 106 78 225 241 220 178 188 185 248 130 183
116 209 174 103 232 246 234 59 32 239 118 23 222 75 7 57 97 20 79 28 4 215 60 42 153 22 171 95 113 242 211 144 80 13 156 17 145 1 167 195 149 180 16 24 190 219 18 87 226 88 19 160 71 29 58 50 240 142 51 69 2 9 244 204 43 231 104 176 158 66 114 173 21 212 92 46 207 53 169 197 179 164 12 10 216 89 140 192 73 68 11 74 26 133 82 177 49 105 129 187 193 27 6 163 3 90 147 100 112 245 186 47 196 203 121 157 120 67 31 111 36 15 54 25 56 218 109 61 224 237 93 81 235 70 41 128 210 64 175 63 108 122 107 14 151 91 223 233 152 37 40 227 134 76 55 172 115 34 52 84 98 96 8 249 143 72 45 161 254 206 208 65 229 205 119 162 124 165 44 35 123 155 5 48 102 191 170 159 39 146 228 189 247 110 86 127 138 33 125 38 148 198 201 238 131 213 83 214 136 0 126 168 132 99 77 94 181 101 199 236 137 30 184 255 250 251 221 150 182 62 141 243 117 194 202 253 230 139 135 166 154 252 200 85 217 106 78 225 241 220 178 188 185 248 130 183
116 209 174 103 232 246 234 59 32 239 118 23 222 75 7 57 97 20 79 28 4 215 60 42 153 22 171 95 113 242 211 144 80 13 156 17 145 1 167 195 149 180 16 24 190 219 18 87 226 88 19 160 71 29 58 50 240 142 51 238 2 9 244 204 43 231 104 176 158 66 114 173 21 212 92 46 30 53 169 197 179 164 69 10 216 89 140 192 251 68 182 74 26 133 82 177 49 105 129 187 193 27 6 163 3 38 147 101 165 245 11 47 196 203 121 157 120 67 31 111 36 15 54 25 56 218 109 61 224 237 93 81 235 70 41 128 210 64 175 63 108 35 107 14 151 91 223 233 152 37 40 227 110 76 55 172 115 34 134 84 98 96 8 148 143 72 45 161 254 206 208 65 229 205 119 162 124 62 44 122 123 155 5 48 102 191 170 159 39 146 228 189 247 112 86 127 138 33 125 90 249 198 201 12 131 213 83 73 136 0 126 168 132 99 77 94 181 100 199 236 137 207 184 255 250 214 221 150 52 186 141 243 117 194 202 253 230 139 135 166 154 252 200 85 217 106 78 225 241 220 178 188 185 248 130 183
116 209 174 103 232 246 234 59 32 239 118 23 222 75 7 57 97 20 79 28 4 215 60 42 153 22 171 95 113 242 211 144 80 13 156 17 145 1 167 195 149 180 16 24 190 219 18 87 226 88 19 160 71 29 58 50 240 142 51 238 2 9 244 204 43 231 104 176 158 66 114 173 21 212 92 46 30 53 169 197 179 164 69 10 216 89 140 192 251 68 182 74 26 133 82 177 49 105 129 187 193 27 6 163 3 38 147 101 165 245 11 47 196 203 121 157 120 67 31 111 36 15 54 25 56 218 109 61 224 237 93 81 235 70 41 128 210 64 175 63 108 122 107 14 151 91 223 233 152 37 40 227 110 76 55 172 115 34 134 84 98 96 8 148 143 72 45 161 254 206 208 65 229 205 119 162 124 62 44 35 123 155 5 48 102 191 170 159 39 146 228 189 247 112 86 127 138 33 125 90 249 198 201 12 131 213 83 73 136 0 126 168 132 99 77 94 181 100 199 236 137 207 184 255 250 214 221 150 52 186 141 243 117 194 202 253 230 139 135 166 154 252 200 85 217 106 78 225 241 220 178 188 185 248 130 183
116 209 174 103 232 246 234 59 32 239 118 23 222 75 7 57 97 20 79 28 4 215 60 42 153 22 171 95 113 242 211 144 80 13 156 17 145 1 167 195 149 180 16 24 190 219 18 87 226 88 19 160 71 29 58 50 240 142 51 238 2 9 244 204 43 231 104 176 158 66 114 173 21 212 92 46 30 53 169 197 179 164 69 10 216 89 140 192 251 68 182 74 26 133 82 177 49 105 129 187 193 27 6 163 3 38 147 101 165 245 11 47 196 203 121 157 120 67 31 111 36 15 54 25 56 218 109 61 224 237 93 81 235 70 41 128 210 64 175 63 108 122 107 14 151 91 223 233 152 37 40 227 110 76 55 172 115 34 134 84 98 96 8 148 143 72 45 161 254 206 208 65 229 205 119 162 124 62 44 86 123 155 5 48 102 191 170 159 39 146 228 189 247 112 35 127 138 33 125 90 249 198 201 12 131 213 83 73 136 0 126 168 132 99 77 94 181 100 199 236 137 207 184 255 250 214 221 150 52 186 141 243 117 194 202 253 230 139 135 166 154 252 200 85 217 106 78 225 241 220 178 188 185 248 130 183
116 209 174 103 232 246 234 59 32 239 118 23 222 75 7 57 97 20 79 28 4 215 60 42 153 22 171 95 113 242 211 144 80 13 156 17 145 1 167 195 149 180 16 24 190 219 18 87 226 88 19 160 71 29 58 50 240 142 51 238 2 9 244 204 43 231 104 176 158 66 114 173 21 212 92 46 30 53 169 197 179 164 69 10 216 89 140 192 251 68 182 74 26 133 82 177 49 105 129 187 193 27 6 163 3 38 147 101 165 245 11 47 196 203 121 157 120 67 31 111 36 15 54 25 56 218 109 61 224 237 93 81 235 70 41 128 210 64 175 63 108 122 107 14 151 91 223 233 152 37 40 227 110 76 55 172 115 34 134 84 98 96 8 148 143 72 45 161 254 206 208 65 229 205 119 255 124 62 44 86 123 155 5 48 102 191 170 159 39 146 228 189 247 112 35 127 138 33 125 90 249 198 201 12 131 213 83 73 136 0 126 168 132 99 77 94 181 100 199 236 137 207 184 162 250 214 221 150 52 186 141 243 117 194 202 253 230 139 135 166 154 252 200 85 217 106 78 225 241 220 178 188 185 248 130 183
116 209 174 103 232 246 234 59 32 239 118 23 222 75 7 57 97 20 79 28 4 215 60 42 153 22 171 95 113 242 211 144 80 13 156 17 145 1 167 195 149 180 16 24 190 219 18 87 226 88 19 160 71 29 58 243 240 142 51 12 2 9 244 204 43 38 104 176 158 66 114 173 21 212 92 46 30 53 169 197 179 164 69 10 216 89 140 192 251 68 11 74 26 133 82 177 49 105 129 187 193 27 6 163 3 231 147 101 165 245 186 47 196 203 121 157 120 67 31 111 36 15 54 25 56 218 109 61 224 237 93 81 235 70 41 128 210 64 175 63 108 122 107 14 8 91 223 233 152 37 40 227 110 76 55 172 115 34 134 84 98 96 151 148 143 72 45 161 254 206 208 65 229 205 119 162 124 62 44 35 123 155 5 48 102 191 170 159 39 146 228 189 247 112 86 127 138 33 125 90 249 198 201 238 131 213 83 73 136 0 126 168 132 99 77 94 181 100 199 236 137 207 184 255 250 214 221 150 182 52 141 50 117 194 202 253 230 139 135 166 154 252 200 85 217 106 78 225 241 220 178 188 185 248 130 183
116 209 174 103 232 246 234 59 32 239 118 23 222 75 7 57 97 20 79 28 4 215 60 42 153 22 171 95 113 242 211 144 80 13 156 17 145 1 167 195 149 180 16 24 190 219 18 87 226 88 19 160 71 29 58 243 240 142 51 12 2 9 244 204 43 38 104 176 158 66 114 173 21 212 92 46 30 53 169 197 179 164 69 10 216 89 140 192 251 68 11 74 26 133 82 177 49 105 129 187 193 27 6 163 3 231 147 101 165 245 186 47 196 203 121 157 120 67 31 111 36 15 54 25 56 218 109 61 224 237 93 81 235 70 41 128 210 64 175 63 108 122 107 14 8 91 223 233 152 37 40 227 110 76 55 172 115 34 134 84 98 96 151 148 143 72 45 161 254 206 208 65 229 205 170 162 124 62 44 35 123 155 5 48 102 191 119 159 39 146 228 189 247 112 86 127 138 33 125 90 249 198 201 238 131 213 83 73 136 0 126 168 132 99 77 94 181 100 199 236 137 207 184 255 250 214 221 150 182 52 141 50 117 194 202 253 230 139 135 166 154 252 200 85 217 106 78 225 241 220 178 188 185 248 130 183
116 209 174 103 232 246 234 59 32 239 118 23 222 75 7 57 97 20 79 28 4 215 60 42 153 22 171 95 113 242 211 144 80 13 156 17 145 1 167 195 149 180 16 24 190 219 18 87 226 88 19 160 71 29 74 50 240 142 51 12 2 9 244 204 43 231 104 176 158 73 114 173 21 212 92 46 30 53 31 197 179 164 69 10 216 89 140 192 66 68 11 58 26 200 82 177 49 105 129 187 193 27 6 163 3 38 147 101 112 245 186 47 110 203 121 157 120 214 182 111 36 15 54 25 56 218 109 61 224 237 93 81 235 70 41 128 210 64 175 63 108 122 107 14 151 91 223 233 152 37 40 227 134 76 55 196 115 34 169 84 98 96 8 148 143 72 45 161 254 206 208 65 229 205 119 162 124 62 44 35 123 155 5 48 102 191 170 159 39 146 228 189 247 172 86 127 138 33 125 90 249 198 201 238 131 213 83 67 136 0 126 168 132 99 77 94 181 100 199 236 137 207 184 255 250 251 221 150 52 165 141 243 117 194 202 253 230 139 135 166 154 252 133 85 217 106 78 225 241 220 178 188 185 248 130 183
116 209 174 103 232 246 234 59 32 239 118 23 222 75 7 57 97 20 79 28 4 215 60 42 153 22 171 95 113 242 211 144 80 13 156 17 145 1 167 195 149 180 16 24 190 219 18 87 226 88 19 160 71 52 58 50 240 142 51 12 2 9 244 204 43 231 104 176 158 66 114 173 21 212 11 46 30 53 169 197 179 164 229 10 216 89 140 192 251 68 117 74 26 133 39 177 49 105 129 187 193 27 6 163 3 38 147 101 165 245 134 47 196 203 121 157 120 67 31 111 36 15 54 25 56 218 109 61 224 237 93 81 235 70 41 128 210 64 175 63 108 122 107 14 151 91 223 233 152 37 40 227 110 76 55 182 115 34 172 84 98 96 8 148 143 72 45 161 254 206 208 65 69 205 119 162 124 62 44 35 123 155 5 48 102 191 170 159 82 146 228 189 247 112 86 127 138 33 125 90 29 198 201 238 131 213 83 73 136 0 126 168 132 99 77 94 181 100 199 236 137 207 184 255 250 214 221 150 249 186 141 243 92 194 202 253 230 139 135 166 154 252 200 85 217 106 78 225 241 220 178 188 185 248 130 183
116 209 174 103 232 246 234 59 32 239 118 23 222 75 7 57 97 20 79 28 4 215 60 42 153 22 171 95 113 242 211 144 80 13 156 17 145 1 167 195 149 180 16 24 190 219 18 87 226 88 19 160 71 52 58 50 240 142 51 12 2 9 244 204 43 231 104 176 158 66 114 173 21 212 92 46 30 53 169 197 179 164 229 10 216 89 140 192 251 68 11 74 26 133 39 177 49 105 129 187 193 27 6 163 3 38 147 101 165 245 134 47 196 203 121 157 120 67 31 111 36 15 54 25 56 218 109 61 224 237 93 81 235 70 41 128 210 64 175 63 108 122 107 14 151 91 223 233 152 37 40 227 110 76 55 182 115 34 172 84 98 96 8 148 143 72 45 161 254 206 208 65 69 205 119 162 124 62 44 35 123 155 5 48 102 191 170 159 82 146 228 189 247 112 86 127 138 33 125 90 29 198 201 238 131 213 83 73 136 0 126 168 132 99 77 94 181 100 199 236 137 207 184 255 250 214 221 150 249 186 141 243 117 194 202 253 230 139 135 166 154 252 200 85 217 106 78 225 241 220 178 188 185 248 130 183
116 209 174 103 232 246 234 59 32 239 118 23 222 75 7 57 97 20 79 28 4 215 60 42 153 22 171 95 113 242 211 144 80 13 156 17 145 1 167 195 149 180 16 24 190 219 18 87 226 88 19 160 71 52 58 50 240 142 51 12 2 9 244 204 43 231 104 176 158 66 114 173 21 212 92 46 30 53 169 197 179 164 229 10 216 89 140 192 251 68 117 74 26 133 39 177 49 105 129 187 193 27 6 163 3 38 147 101 165 245 134 47 196 203 121 157 120 67 31 111 36 15 54 25 56 218 109 61 224 237 93 81 235 70 41 128 210 64 175 63 108 122 107 14 151 91 223 233 152 37 40 227 110 76 55 182 115 34 172 84 98 96 8 148 143 72 45 161 254 206 208 65 69 205 119 162 124 62 44 35 123 155 5 48 102 191 170 159 82 146 228 189 247 112 86 127 138 33 125 90 29 198 201 238 131 213 83 73 136 0 126 168 132 99 77 94 181 100 199 236 137 207 184 255 250 214 221 150 249 186 141 243 11 194 202 253 230 139 135 166 154 252 200 85 217 106 78 225 241 220 178 188 185 248 130 183
116 209 174 103 232 246 234 59 32 239 118 23 222 75 7 57 97 20 79 28 4 215 60 42 153 22 171 95 113 242 211 144 80 13 156 17 145 1 167 195 149 180 16 24 190 219 18 87 226 88 19 160 128 29 58 50 240 142 51 12 2 9 244 204 43 231 104 176 158 66 114 173 21 212 92 46 30 53 169 197 179 164 69 10 216 89 140 192 251 68 172 74 26 133 82 177 49 105 129 187 193 27 6 163 3 200 147 101 165 245 11 47 196 203 121 157 120 67 31 111 36 15 54 25 56 218 109 61 224 237 93 81 235 70 41 71 210 64 175 63 108 35 107 14 151 91 223 233 152 37 40 227 110 76 55 182 115 34 134 84 98 96 8 148 143 72 45 161 254 206 208 65 229 205 119 162 124 62 44 122 123 155 5 48 102 191 170 159 39 146 228 189 247 112 86 127 138 33 125 90 249 198 201 238 131 213 83 73 136 0 126 168 132 99 77 94 181 100 199 236 137 207 184 255 250 214 221 150 52 186 141 243 117 194 202 253 230 139 154 166 135 252 38 85 217 106 78 225 241 220 178 188 185 248 130 183
116 209 174 103 232 246 234 59 32 239 118 23 222 75 7 57 97 20 79 28 4 215 60 42 153 22 171 95 113 242 211 144 80 13 156 17 145 1 167 195 149 180 16 24 190 219 18 87 226 88 19 160 128 29 58 50 240 142 51 45 2 9 244 204 43 231 104 176 158 66 114 173 21 212 92 46 30 53 169 197 179 164 69 10 216 89 140 192 251 68 172 74 26 133 82 177 49 105 129 187 193 27 6 163 3 200 147 101 165 245 11 47 196 203 121 157 120 67 31 111 36 15 54 25 56 218 109 61 224 237 93 81 235 70 41 71 210 64 175 63 108 35 107 14 151 91 223 233 152 37 40 227 110 76 55 182 115 34 134 84 98 96 8 148 143 72 12 161 254 206 208 65 229 205 119 162 124 62 44 122 123 155 5 48 102 191 170 159 39 146 228 189 247 112 86 127 138 33 125 90 249 198 201 238 131 213 83 73 136 0 126 168 132 99 77 94 181 100 199 236 137 207 184 255 250 214 221 150 52 186 141 243 117 194 202 253 230 139 154 166 135 252 38 85 217 106 78 225 241 220 178 188 185 248 130 183
116 209 174 103 232 246 234 59 32 239 118 23 222 75 7 57 97 20 79 28 4 215 60 42 153 22 171 95 113 242 211 144 80 13 156 17 145 1 167 195 149 180 16 24 190 219 18 87 226 88 19 160 134 29 58 50 240 142 51 12 2 9 244 204 43 231 104 176 158 173 114 66 21 212 92 46 30 53 169 197 179 164 69 10 216 89 140 192 38 68 11 74 26 133 90 177 49 105 129 187 193 27 6 163 3 52 147 250 165 245 186 47 196 203 121 157 120 67 31 111 36 15 54 25 56 218 109 61 224 237 93 81 235 70 41 128 210 64 175 63 108 73 107 14 151 91 223 233 152 37 40 227 110 76 55 172 115 34 236 84 98 96 8 148 143 72 45 161 254 206 208 65 229 205 119 162 124 62 44 35 123 155 5 48 102 191 170 159 39 146 228 189 247 112 86 127 138 33 125 82 249 198 201 238 131 213 83 122 136 0 126 168 132 99 77 94 181 100 199 252 137 207 184 255 101 251 221 150 182 71 141 243 117 194 202 253 230 139 135 166 154 214 200 85 217 106 78 225 241 220 178 188 185 248 130 183
116 209 174 103 232 246 234 59 32 239 118 23 222 75 7 57 97 20 79 28 4 215 60 42 153 22 171 95 113 242 211 144 80 13 156 17 145 1 167 195 149 180 16 24 190 219 18 87 226 88 19 160 134 29 58 50 240 142 51 12 2 9 244 204 43 231 104 176 158 173 114 66 21 212 92 46 207 53 169 197 179 164 69 10 216 89 140 192 38 68 11 74 26 133 90 177 49 105 129 187 193 27 6 163 3 52 147 250 165 245 186 47 196 203 121 157 120 67 31 111 36 15 54 25 56 218 109 61 224 237 93 81 235 70 41 128 210 64 175 63 108 73 107 14 151 91 223 233 152 37 40 227 110 76 55 172 115 34 236 84 98 96 8 148 143 72 45 161 254 206 208 65 229 205 119 162 124 62 44 35 123 155 5 48 102 191 170 159 39 146 228 189 247 112 86 127 138 33 125 82 249 198 201 238 131 213 83 122 136 0 126 168 132 99 77 94 181 100 199 252 137 30 184 255 101 251 221 150 182 71 141 243 117 194 202 253 230 139 135 166 154 214 200 85 217 106 78 225 241 220 178 188 185 248 130 183
116 209 174 103 232 246 234 59 32 239 118 23 222 75 7 57 97 20 79 28 4 215 60 42 153 22 171 95 113 242 211 144 80 13 156 17 145 1 167 195 149 180 16 24 190 219 18 87 226 88 19 160 135 29 58 50 240 142 51 12 2 9 244 204 43 231 104 176 158 66 114 173 21 212 92 46 30 53 169 197 179 164 229 10 216 89 140 192 251 68 182 74 26 133 194 177 49 105 129 187 193 27 6 163 3 38 147 101 165 245 11 47 196 203 121 157 120 67 31 111 36 15 54 25 56 218 109 61 224 237 93 81 235 70 41 128 210 64 175 63 108 35 107 14 151 91 223 233 152 37 40 227 110 76 55 172 115 34 134 84 98 96 8 148 143 72 45 161 254 206 208 65 69 205 119 162 124 62 44 122 123 155 5 48 102 191 170 159 82 146 228 189 247 112 86 127 138 33 125 90 249 198 201 238 131 213 83 73 136 0 126 168 132 99 77 94 181 100 199 236 137 207 184 255 250 214 221 150 52 186 141 243 117 39 202 253 230 139 71 166 154 252 200 85 217 106 78 225 241 220 178 188 185 248 130 183
116 209 174 103 232 246 234 59 32 239 118 23 222 75 7 57 97 20 79 28 4 215 60 42 153 22 171 95 113 242 211 144 80 13 156 17 145 1 167 195 149 180 16 24 190 219 18 87 226 88 19 160 135 29 58 50 240 142 51 12 2 9 244 204 43 231 104 176 158 66 114 173 21 212 92 46 30 53 169 197 179 164 247 10 216 89 140 192 251 68 182 74 26 133 194 177 49 105 129 187 193 27 6 163 3 38 147 101 165 245 11 47 196 203 121 157 120 67 31 111 36 15 54 25 56 218 109 61 224 237 93 81 235 70 41 128 210 64 175 63 108 35 107 14 151 91 223 233 152 37 40 227 110 76 55 172 115 34 134 84 98 96 8 148 143 72 45 161 254 206 208 65 69 205 119 162 124 62 44 122 123 155 5 48 102 191 170 159 82 146 228 189 229 112 86 127 138 33 125 90 249 198 201 238 131 213 83 73 136 0 126 168 132 99 77 94 181 100 199 236 137 207 184 255 250 214 221 150 52 186 141 243 117 39 202 253 230 139 71 166 154 252 200 85 217 106 78 225 241 220 178 188 185 248 130 183
116 209 174 103 232 246 234 59 32 239 118 23 222 75 7 57 97 20 79 28 4 215 60 42 153 22 171 95 113 242 211 144 80 13 156 17 145 1 167 195 149 180 16 24 190 219 18 87 226 88 19 160 172 29 58 50 240 142 51 12 2 9 244 204 43 231 104 176 158 66 114 173 201 212 92 46 30 53 169 228 179 164 69 10 216 89 140 192 251 68 21 74 26 133 82 177 49 105 129 187 193 27 6 163 3 38 147 101 165 245 134 47 196 203 121 157 120 67 31 111 36 15 54 25 56 218 109 61 224 237 93 81 235 70 41 128 210 64 175 63 108 122 107 14 151 91 223 233 152 37 40 227 110 76 55 52 115 34 71 84 98 96 8 148 143 72 45 161 254 206 208 65 229 205 119 162 124 62 44 35 123 155 5 48 102 191 170 159 39 146 197 189 247 112 86 127 138 33 125 90 249 198 11 238 131 213 83 73 136 0 126 168 132 99 77 94 181 100 199 236 137 207 184 255 250 214 221 150 182 186 141 243 117 194 202 253 230 139 135 166 154 252 200 85 217 106 78 225 241 220 178 188 185 248 130 183
116 209 174 103 232 246 234 59 32 239 118 23 222 75 7 57 97 20 79 28 4 215 60 42 153 22 171 95 113 242 211 144 80 13 156 17 145 1 167 195 149 180 16 24 190 219 18 87 226 88 253 160 71 29 58 50 240 142 51 12 2 9 244 204 43 231 104 176 158 73 114 173 21 212 92 46 30 53 169 197 179 164 69 10 216 89 140 192 38 68 11 74 26 133 82 177 49 105 129 187 193 27 6 163 3 125 147 101 112 245 186 47 196 66 121 157 120 67 31 111 36 15 54 25 56 218 109 61 224 237 93 81 235 70 41 128 210 64 175 63 108 122 107 14 151 91 223 233 152 37 40 227 134 76 55 115 172 34 52 84 98 96 8 148 143 72 45 161 254 206 208 65 229 205 119 162 124 62 44 35 123 155 5 48 102 191 170 159 39 146 228 189 247 110 86 127 138 33 203 90 249 198 201 238 131 213 83 214 136 0 126 168 132 99 77 94 181 100 199 236 137 207 184 255 250 251 221 150 182 165 141 243 117 194 202 19 230 139 135 166 154 252 200 85 217 106 78 225 241 220 178 188 185 248 130 183
116 209 174 103 232 246 234 59 32 239 118 23 222 75 7 57 97 20 79 28 4 215 60 42 153 22 171 95 113 242 211 144 80 13 156 17 145 1 167 195 149 180 16 24 190 219 18 87 226 88 253 160 71 29 58 50 240 142 51 12 2 9 244 204 43 231 104 176 158 73 114 173 21 212 92 46 30 53 169 197 179 164 69 10 216 89 140 192 38 68 11 74 26 133 82 177 122 105 129 187 193 27 6 163 3 125 147 101 112 245 186 47 196 66 121 157 120 67 31 111 36 15 54 25 56 218 109 61 224 237 93 81 235 70 41 128 210 64 175 63 108 49 107 14 151 91 223 233 152 37 40 227 134 76 55 115 172 34 52 84 98 96 8 148 143 72 45 161 254 206 208 65 229 205 119 162 124 62 44 35 123 155 5 48 102 191 170 159 39 146 228 189 247 110 86 127 138 33 203 90 249 198 201 238 131 213 83 214 136 0 126 168 132 99 77 94 181 100 199 236 137 207 184 255 250 251 221 150 182 165 141 243 117 194 202 19 230 139 135 166 154 252 200 85 217 106 78 225 241 220 178 188 185 248 130 183
116 209 174 103 232 246 234 59 32 239 118 23 222 75 7 57 97 20 79 28 4 215 60 42 153 22 171 95 113 242 211 144 80 13 156 17 145 1 167 195 149 180 16 24 190 219 18 173 226 88 19 160 71 29 58 50 240 142 51 12 2 9 244 204 43 231 104 152 158 253 114 87 21 212 92 46 30 53 169 197 179 164 69 10 216 89 140 192 66 68 11 74 26 133 82 177 49 105 129 187 193 27 6 163 3 38 147 115 165 245 186 47 196 203 121 157 120 67 31 111 36 15 54 25 56 218 109 61 224 237 93 81 235 70 41 128 210 64 175 63 108 122 107 14 151 91 223 233 176 37 40 227 134 76 55 172 101 34 52 84 98 96 8 148 143 72 45 161 254 206 208 65 229 205 119 162 124 62 44 35 123 155 5 48 102 191 170 159 39 146 228 189 247 112 86 127 138 33 125 90 249 198 201 238 131 213 83 214 136 0 126 168 132 99 77 94 181 100 199 236 137 207 184 110 250 251 221 150 182 255 141 243 117 194 202 73 230 139 135 166 154 252 200 85 217 106 78 225 241 220 178 188 185 248 130 183
116 209 174 103 232 246 234 59 32 239 118 23 222 75 7 57 97 20 79 28 4 215 60 42 153 22 171 95 113 242 211 144 80 13 156 17 145 1 167 195 149 180 16 24 190 219 43 87 226 88 19 160 71 29 58 50 177 142 51 12 2 9 244 204 18 231 104 176 158 66 114 173 21 212 92 46 30 53 169 197 179 164 69 10 216 89 140 192 251 68 182 74 26 133 82 240 49 105 129 187 193 27 6 163 3 38 147 101 165 245 11 47 196 203 121 157 120 67 31 111 36 15 54 25 56 218 109 61 224 237 93 81 235 70 41 128 210 64 175 63 108 122 107 14 151 91 223 233 52 37 40 227 110 76 55 172 115 34 84 134 98 96 8 148 143 72 45 161 254 206 208 65 229 205 119 162 124 62 44 35 123 155 5 48 102 191 170 159 39 146 228 189 247 112 86 127 138 33 125 90 249 198 201 238 131 213 83 73 136 0 126 168 132 99 77 94 181 100 199 236 137 207 184 255 250 214 221 150 152 186 141 243 117 194 202 253 230 139 135 166 154 252 200 85 217 106 78 225 241 220 178 188 185 248 130 183
116 209 174 103 232 246 234 59 32 239 118 23 222 75 7 57 97 20 79 28 4 215 60 42 153 22 171 95 113 242 211 144 80 13 156 17 145 1 167 195 149 180 16 24 190 219 138 87 226 88 19 160 71 29 58 50 240 142 51 12 2 9 244 204 43 231 104 176 158 66 114 173 21 212 92 46 30 61 169 197 179 164 69 10 216 89 140 192 251 68 182 129 26 133 82 177 49 105 74 187 193 27 6 163 3 38 147 101 165 245 186 47 196 203 121 157 120 67 31 111 36 15 54 25 56 218 109 53 224 237 93 81 235 70 41 128 210 64 175 63 108 122 107 14 151 91 223 233 152 37 40 227 110 76 55 172 115 34 134 84 98 96 8 148 143 72 45 161 254 206 208 65 229 205 119 162 124 62 44 35 123 155 5 48 102 191 170 159 39 146 228 189 247 112 86 127 18 33 125 90 249 198 201 238 131 213 83 214 136 0 126 168 132 99 77 94 181 100 199 236 137 207 184 255 250 73 221 150 11 52 141 243 117 194 202 253 230 139 135 166 154 252 200 85 217 106 78 225 241 220 178 188 185 248 130 183
116 209 174 103 232 246 234 59 32 239 118 23 222 75 7 57 97 20 79 28 4 215 60 42 153 22 171 95 113 242 211 144 80 13 156 17 145 1 167 195 149 180 16 24 203 219 18 87 226 88 19 160 71 29 58 50 240 142 51 12 2 9 244 204 43 231 104 176 158 73 114 173 21 212 92 46 30 53 169 197 179 164 69 10 216 89 140 192 38 68 11 74 26 133 82 177 49 105 129 187 193 27 6 163 3 190 147 101 112 245 186 47 196 66 121 157 120 67 31 111 36 15 54 25 56 218 109 61 224 237 93 81 235 70 41 128 210 64 175 63 108 35 107 14 151 91 223 233 152 37 40 227 134 76 55 172 115 34 52 84 98 96 8 148 143 72 45 161 254 206 208 65 229 205 119 162 124 62 44 122 123 155 5 48 102 191 170 159 39 146 228 189 247 110 86 127 138 33 125 90 249 198 201 238 131 213 83 214 136 0 126 168 132 99 77 94 181 100 199 236 137 207 184 255 250 251 221 150 182 165 141 243 117 194 202 253 230 139 135 166 154 252 200 85 217 106 78 225 241 220 178 188 185 248 130 183
116 209 174 103 232 246 234 59 32 239 118 23 222 75 7 57 97 20 79 28 4 215 60 42 153 22 171 95 113 242 211 144 80 13 156 17 145 1 167 195 149 180 16 92 190 219 18 87 226 88 19 160 71 29 58 50 240 142 51 12 2 9 244 204 43 231 104 176 158 73 114 173 11 212 24 46 30 53 169 197 179 164 69 10 216 89 140 192 233 68 21 74 26 133 82 177 49 105 129 187 193 27 6 163 3 38 147 101 112 245 186 47 196 152 121 157 120 67 31 111 36 15 54 25 56 218 109 61 224 237 93 81 235 70 41 128 210 64 175 63 108 122 107 14 151 91 223 66 52 37 40 227 134 76 55 172 115 34 84 125 98 96 8 148 143 72 45 161 254 206 208 65 229 205 119 162 124 62 44 35 123 139 5 48 102 191 170 159 39 146 228 189 247 110 86 127 138 33 203 90 249 198 201 238 131 213 83 214 136 0 126 168 132 99 77 94 181 100 199 236 137 207 184 255 250 251 221 150 182 165 141 243 117 194 202 253 230 155 135 166 154 252 200 85 217 106 78 225 241 220 178 188 185 248 130 183
116 209 174 103 232 246 234 59 32 239 118 23 222 75 7 57 97 20 79 28 4 215 60 42 153 22 171 95 113 242 211 144 80 13 156 17 145 1 167 195 149 180 16 196 190 219 18 87 226 88 19 160 71 29 58 50 240 142 51 12 2 9 244 204 43 38 104 176 158 66 114 173 21 212 92 46 30 53 169 197 77 164 69 10 216 89 140 192 251 68 11 129 26 133 82 177 49 105 74 187 193 27 6 163 3 231 147 101 165 245 52 47 24 203 121 157 120 67 31 111 36 15 54 25 56 218 109 61 224 237 93 81 235 70 41 128 210 64 175 63 108 122 107 14 151 91 223 233 152 37 40 227 110 76 55 172 115 34 134 84 98 96 8 148 143 72 45 161 254 206 208 65 229 205 119 162 124 62 44 35 123 155 5 48 102 191 170 159 39 146 228 189 247 112 86 127 138 33 125 90 249 198 201 238 131 213 83 73 136 0 126 168 132 99 179 94 181 100 199 236 137 207 184 255 250 214 221 150 182 186 141 243 117 194 202 253 230 139 135 166 154 252 200 85 217 106 78 225 241 220 178 188 185 248 130 183
116 209 174 103 232 246 234 59 32 239 118 23 222 75 7 57 97 20 79 28 4 215 60 42 153 22 171 95 113 242 211 144 80 13 156 17 145 1 167 195 149 180 16 196 190 219 18 87 226 88 19 160 71 29 58 50 240 142 51 12 2 9 244 204 43 38 104 176 158 66 114 173 21 212 92 46 30 53 169 197 179 164 69 10 216 89 140 192 251 68 11 129 26 133 82 177 49 105 74 187 193 27 6 163 3 231 147 101 165 245 52 47 24 203 121 157 120 67 31 111 36 15 54 25 56 218 109 61 224 237 93 81 235 70 41 128 210 64 175 63 108 122 107 14 151 91 223 233 152 37 40 227 110 76 55 172 115 34 134 84 98 96 8 148 143 72 45 161 254 206 208 65 229 205 119 162 124 62 44 35 123 155 5 48 102 191 170 159 39 146 228 189 247 112 86 127 138 33 125 90 249 198 201 238 131 213 83 73 136 0 126 168 132 99 77 94 181 100 199 236 137 207 184 255 250 214 221 150 182 186 141 243 117 194 202 253 230 139 135 166 154 252 200 85 217 106 78 225 241 220 178 188 185 248 130 183
116 209 174 103 232 246 234 59 32 239 118 23 222 75 7 57 97 20 79 28 4 215 60 42 153 22 171 95 113 242 211 144 80 13 156 17 145 1 167 195 164 180 16 24 190 219 18 87 226 88 19 160 71 29 58 50 240 142 51 12 2 9 244 204 43 38 104 176 158 66 114 173 21 212 92 46 30 53 169 197 170 149 229 10 216 89 140 192 251 68 182 74 26 133 39 177 49 105 129 187 193 27 6 163 3 101 147 231 165 245 11 47 196 203 121 157 120 67 31 111 36 15 54 25 56 218 109 61 224 237 93 81 235 70 41 128 210 64 175 63 108 35 107 14 151 91 223 233 152 135 40 227 110 76 55 172 115 34 134 84 98 96 8 148 143 72 45 161 254 206 208 65 69 205 119 162 124 62 44 122 123 155 5 48 102 191 179 159 82 146 228 189 247 112 86 127 138 33 125 90 249 198 201 238 131 213 83 73 136 0 126 168 132 99 77 94 181 100 199 236 137 207 184 255 250 214 221 150 52 186 141 243 117 194 202 253 230 139 37 166 154 252 200 85 217 106 78 225 241 220 178 188 185 248 130 183
116 209 174 103 232 246 234 59 32 239 118 23 222 75 7 57 97 20 79 28 4 215 60 42 153 22 171 95 113 242 211 144 80 13 156 17 145 1 167 195 164 180 16 24 190 219 18 87 226 88 19 160 71 29 58 50 240 142 51 12 2 9 244 204 43 38 104 176 158 66 114 173 21 212 92 46 30 53 169 197 170 149 229 10 216 89 140 192 251 68 182 74 26 133 39 177 49 105 129 187 193 27 6 163 3 231 147 101 165 245 11 47 196 203 121 157 120 67 31 111 36 15 54 25 56 218 109 61 224 237 93 81 235 70 41 128 210 64 175 63 108 35 107 14 151 91 223 233 152 37 40 227 110 76 55 172 115 34 134 84 98 96 8 148 143 72 45 161 254 206 208 65 69 205 119 162 124 62 44 122 123 155 5 48 102 191 179 159 82 146 228 189 247 112 86 127 138 33 125 90 249 198 201 238 131 213 83 73 136 0 126 168 132 99 77 94 181 100 199 236 137 207 184 255 250 214 221 150 52 186 141 243 117 194 202 253 230 139 135 166 154 252 200 85 217 106 78 225 241 220 178 188 185 248 130 183
116 209 174 103 232 246 234 59 32 239 118 23 222 75 7 57 97 20 79 28 4 215 60 42 153 22 171 95 113 242 211 144 80 13 156 17 145 1 167 195 164 180 16 24 190 219 18 87 226 88 19 160 71 29 58 50 240 142 51 12 2 9 244 204 43 38 104 176 158 66 114 173 21 212 92 46 30 53 169 197 170 149 229 10 216 89 140 192 251 68 182 74 26 133 39 177 49 105 129 187 193 27 6 163 3 231 147 101 165 245 11 47 196 203 121 157 120 67 31 111 36 15 54 25 56 218 109 61 224 237 93 81 235 70 41 128 210 64 175 63 108 35 107 14 151 91 223 233 152 135 40 227 110 76 55 172 115 34 134 84 98 96 8 148 143 72 45 161 254 206 208 65 69 205 119 162 124 62 44 122 123 155 5 48 102 191 179 159 82 146 228 189 247 112 86 127 138 33 125 90 249 198 201 238 131 213 83 73 136 0 126 168 132 99 77 94 181 100 199 236 137 207 184 255 250 214 221 150 52 186 141 243 117 194 202 253 230 139 37 166 154 252 200 85 217 106 78 225 241 220 178 188 185 248 130 183
116 209 174 103 232 246 234 59 32 239 118 23 222 75 7 57 97 20 79 28 4 215 60 42 153 22 171 95 113 242 211 144 80 13 156 17 145 1 167 195 164 180 16 24 190 219 18 87 226 88 19 160 71 29 58 50 240 142 51 12 2 9 244 204 43 38 104 176 158 66 114 173 21 212 92 46 30 53 169 197 179 149 229 10 216 89 140 192 251 68 182 74 26 133 39 177 49 105 129 187 193 27 6 163 3 231 147 101 165 245 11 47 196 203 121 157 120 67 31 111 36 15 54 25 56 218 109 61 224 237 93 81 235 70 41 128 210 64 175 63 108 35 107 14 151 91 223 233 152 37 40 227 110 76 55 172 115 34 134 84 98 96 8 148 143 72 45 161 254 206 208 65 69 205 119 162 124 62 44 122 123 155 5 48 102 191 170 159 82 146 228 189 247 112 86 127 138 33 125 90 249 198 201 238 131 213 83 73 136 0 126 168 132 99 77 94 181 100 199 236 137 207 184 255 250 214 221 150 52 186 141 243 117 194 202 253 230 139 135 166 154 252 200 85 217 106 78 225 241 220 178 188 185 248 130 183
116 209 174 103 232 246 234 59 32 239 118 23 222 75 7 57 97 20 79 28 4 215 60 42 153 22 171 95 113 242 211 144 80 13 156 17 145 1 167 195 164 180 16 24 190 219 18 87 226 88 19 160 71 29 58 50 240 142 51 12 2 9 244 204 43 231 104 176 158 66 114 173 21 212 92 46 30 53 169 197 179 149 229 10 216 89 140 192 251 68 182 74 26 133 39 177 49 105 129 187 193 27 6 163 3 38 147 101 165 245 11 47 196 203 121 157 120 67 31 111 36 15 54 25 56 218 109 61 224 237 93 81 235 70 41 128 210 64 175 63 108 35 107 14 151 91 223 233 152 37 40 227 110 76 55 172 115 34 134 84 98 96 8 148 143 72 45 161 254 206 208 65 69 205 119 162 124 62 44 122 123 155 5 48 102 191 170 159 82 146 228 189 247 112 86 127 138 33 125 90 249 198 201 238 131 213 83 73 136 0 126 168 132 99 77 94 181 100 199 236 137 207 184 255 250 214 221 150 52 186 141 243 117 194 202 253 230 139 135 166 154 252 200 85 217 106 78 225 241 220 178 188 185 248 130 183
116 209 174 103 232 246 234 59 32 239 118 23 222 75 7 57 97 20 79 28 4 215 60 42 153 22 171 95 113 242 211 144 80 13 156 17 145 1 193 195 149 180 16 24 190 219 18 87 226 88 19 160 71 29 58 50 240 142 51 12 2 9 244 204 43 231 104 152 158 66 114 173 21 212 92 46 30 53 169 197 179 164 69 10 216 89 140 192 38 68 11 74 26 133 82 177 49 105 129 187 167 27 6 163 3 52 147 201 165 245 186 47 196 203 121 157 120 67 31 111 36 15 54 25 56 218 109 61 224 237 93 81 235 70 41 128 210 64 175 63 108 122 107 14 151 91 223 233 176 37 40 227 110 76 55 172 115 34 73 84 98 96 8 148 143 72 45 161 254 206 208 65 229 205 119 162 124 62 44 35 123 155 5 48 102 191 170 159 39 146 228 189 247 112 86 127 138 33 125 90 249 198 101 238 131 213 83 214 136 0 126 168 132 99 77 94 181 100 199 236 137 207 184 255 250 251 221 150 182 134 141 243 117 194 202 253 230 139 135 166 154 252 200 85 217 106 78 225 241 220 178 188 185 248 130 183
116 209 174 103 232 246 234 59 32 239 118 23 222 75 7 57 97 20 79 28 4 215 60 42 153 22 171 95 113 242 211 144 80 13 156 17 145 187 167 195 149 180 16 24 190 219 18 87 226 88 19 160 71 206 58 50 240 142 51 12 2 9 244 204 43 38 104 176 158 66 114 173 21 212 92 46 30 53 169 197 179 164 69 10 216 89 140 192 251 68 11 74 26 133 82 177 49 105 129 1 193 27 6 163 3 231 147 101 165 245 186 47 196 203 121 157 120 67 31 111 36 15 54 25 56 218 109 61 224 237 93 81 235 70 41 128 210 64 175 63 108 122 107 14 151 91 223 233 152 37 40 227 110 76 55 172 115 34 52 84 98 96 8 148 143 72 45 161 254 29 208 65 229 205 119 162 124 62 44 35 123 155 5 48 102 191 170 159 39 146 228 189 247 112 86 127 138 33 125 90 249 198 201 238 131 213 83 73 136 0 126 168 132 99 77 94 181 100 199 236 137 207 184 255 250 214 221 150 182 134 141 243 117 194 202 253 230 139 135 166 154 252 200 85 217 106 78 225 241 220 178 188 185 248 130 183
116 209 174 103 232 246 234 59 32 239 118 23 222 75 7 57 97 20 79 28 4 215 60 42 153 22 171 95 113 242 211 144 80 13 156 17 167 1 145 195 149 180 16 24 190 219 18 87 226 88 19 160 71 29 58 50 240 142 51 12 2 9 244 204 187 231 104 176 158 66 114 173 21 212 92 46 30 53 169 228 179 164 69 10 216 89 140 192 251 68 11 74 43 133 82 177 49 105 129 186 193 27 6 163 3 38 147 101 165 245 134 47 196 203 121 157 120 67 31 111 36 15 54 25 56 218 109 61 224 237 93 81 235 70 41 128 210 64 175 63 108 122 107 14 151 91 223 233 152 37 40 227 110 76 55 172 115 34 8 84 98 96 26 148 143 72 45 161 254 206 208 65 229 205 170 162 124 62 44 35 123 155 5 48 102 191 119 159 39 146 197 189 247 112 86 127 138 33 125 90 249 198 201 238 131 213 83 73 136 0 126 168 132 99 77 94 181 100 199 236 137 207 184 255 250 214 221 150 182 52 141 243 117 194 202 253 230 139 135 166 154 252 200 85 217 106 78 225 241 220 178 188 185 248 130 183
116 209 174 103 232 246 234 59 32 239 118 23 222 75 7 57 97 20 79 28 4 215 60 42 153 22 171 95 113 242 211 144 80 13 156 101 145 1 167 195 149 180 16 24 190 219 18 87 226 88 53 160 71 29 58 50 240 142 207 12 2 9 244 204 43 231 104 11 158 66 114 173 21 212 92 46 30 19 169 197 179 164 69 10 216 89 140 192 251 68 172 74 26 133 82 98 49 105 129 187 193 27 6 163 3 38 147 17 165 245 134 47 196 203 121 157 120 67 31 111 36 15 54 25 56 218 109 61 224 237 93 81 235 70 41 128 210 64 175 63 108 122 107 14 151 91 223 233 152 37 40 227 110 76 55 176 115 34 52 84 177 96 8 148 143 72 45 161 254 206 208 65 229 205 119 162 124 62 44 35 123 155 5 48 102 191 170 159 39 146 228 189 247 112 86 127 138 33 125 90 249 198 201 238 131 213 83 73 136 0 126 168 132 99 77 94 181 100 199 236 137 51 184 255 250 214 221 150 182 178 141 243 117 194 202 253 230 139 135 166 154 252 200 85 217 106 78 225 241 220 186 188 185 248 130 183
116 209 174 103 232 246 234 59 32 239 118 23 222 75 7 57 97 20 79 28 4 215 60 42 153 22 171 95 113 242 211 144 80 13 156 101 145 1 167 195 149 180 16 24 190 219 18 87 226 88 53 160 71 29 58 50 240 142 207 12 2 9 244 204 43 231 104 11 158 66 114 173 21 212 92 46 30 19 169 197 179 164 69 10 216 89 140 192 251 68 172 74 26 133 82 177 49 105 129 187 193 27 6 163 3 38 147 17 165 245 134 47 196 203 121 157 120 67 31 111 36 15 54 25 56 218 109 61 224 237 93 81 235 70 41 128 210 64 175 63 108 122 107 14 151 91 223 233 152 37 40 227 110 76 55 176 115 34 52 84 98 96 8 148 143 72 45 161 254 206 208 65 229 205 119 162 124 62 44 35 123 155 5 48 102 191 170 159 39 146 228 189 247 112 86 127 138 33 125 90 249 198 201 238 131 213 83 73 136 0 126 168 132 99 77 94 181 100 199 236 137 51 184 255 250 214 221 150 182 178 141 243 117 194 202 253 230 139 135 166 154 252 200 85 217 106 78 225 241 220 186 188 185 248 130 183
116 209 174 103 232 246 234 59 32 239 118 23 222 75 7 57 97 20 79 28 4 215 60 42 153 22 171 95 113 242 211 144 80 13 156 101 145 1 167 195 149 180 16 24 190 219 18 87 226 88 53 160 71 29 58 50 240 142 207 12 2 9 244 204 43 231 104 11 158 66 114 173 21 212 92 46 30 19 169 197 179 164 69 10 216 89 140 192 251 68 176 74 26 133 82 177 49 105 129 187 193 27 6 163 3 38 147 17 165 245 134 47 196 203 121 157 120 67 31 111 36 15 54 25 56 218 109 61 224 237 93 81 235 70 41 128 210 64 175 63 108 122 107 14 151 91 223 233 152 37 40 227 110 76 55 172 115 34 52 84 98 96 8 148 143 72 45 161 254 206 208 65 229 205 119 162 124 62 44 35 123 155 5 48 102 191 170 159 39 146 228 189 247 112 86 127 138 33 125 90 249 198 201 238 131 213 83 73 136 0 126 168 132 99 77 94 181 100 199 236 137 51 184 255 250 214 221 150 182 178 141 243 117 194 202 253 230 139 135 166 154 252 200 85 217 106 78 225 241 220 186 188 185 248 130 183
116 209 174 103 232 246 234 59 32 239 118 23 222 75 7 57 97 20 79 28 4 215 60 42 153 22 171 95 113 242 211 144 80 13 156 101 145 1 167 195 149 180 16 24 190 219 18 87 226 88 53 160 71 29 58 50 240 142 207 12 2 9 244 204 43 231 104 11 158 66 114 173 21 212 92 46 30 19 169 197 179 164 69 10 216 89 140 192 251 68 176 74 26 133 82 177 49 105 129 187 193 27 6 163 3 38 147 17 165 245 134 47 196 203 121 157 120 67 31 111 36 15 54 25 56 218 109 61 224 237 93 81 235 70 41 128 210 64 175 63 108 122 107 14 151 91 223 233 152 37 40 227 110 76 55 172 115 34 52 84 98 96 8 148 143 72 45 161 254 206 208 65 229 205 119 162 124 62 44 35 123 155 5 48 102 191 170 159 39 146 228 189 247 112 86 127 138 33 125 90 249 198 201 238 131 213 83 73 136 0 126 168 132 99 77 94 181 100 199 236 137 51 184 255 250 214 221 150 182 186 141 243 117 194 202 253 230 139 135 166 154 252 200 85 217 106 78 225 241 220 178 188 185 248 130 183
116 209 174 103 232 246 234 59 32 239 118 23 222 75 7 57 97 20 79 28 4 215 60 42 153 22 171 95 113 242 211 144 80 13 156 101 145 1 167 195 149 180 16 24 190 219 18 87 226 88 53 160 71 29 58 50 240 142 207 12 2 9 244 204 43 231 104 11 158 66 114 173 21 212 92 46 30 126 169 197 179 164 69 10 216 89 140 192 251 68 172 74 26 133 82 98 49 105 129 187 193 27 6 163 3 38 147 17 165 245 134 47 196 203 121 157 120 67 31 111 36 15 54 25 56 218 109 61 224 237 93 81 235 70 41 128 210 64 175 63 108 122 107 14 151 91 223 233 152 37 40 227 110 76 55 176 115 34 52 84 177 96 8 148 143 72 45 161 254 206 208 65 229 205 119 162 124 62 44 35 123 155 5 48 102 191 170 159 39 146 228 189 247 112 86 127 138 33 125 90 249 198 201 238 131 213 83 73 136 0 19 168 132 99 77 94 181 100 199 236 137 51 184 255 250 214 221 150 182 178 141 243 117 194 202 253 230 139 135 166 154 252 200 85 217 106 78 225 241 220 186 188 185 248 130 183
116 209 174 103 232 246 234 59 32 239 118 23 222 75 7 57 97 20 79 28 4 215 60 42 153 22 171 95 113 242 211 144 80 13 156 204 145 1 167 195 149 180 16 24 190 219 18 87 226 88 19 160 71 29 58 50 240 142 51 12 2 245 244 17 201 231 104 11 158 66 114 173 21 212 92 46 30 53 169 197 179 164 69 10 216 89 140 192 251 68 176 74 26 133 82 177 49 105 129 187 193 27 6 163 3 38 147 101 165 9 52 47 196 223 121 157 120 67 31 111 36 15 54 25 56 218 109 61 224 237 93 81 235 70 41 128 210 64 175 63 108 122 107 14 151 91 203 233 152 37 40 227 48 76 55 172 115 34 134 84 98 96 8 148 143 72 45 161 254 206 208 65 229 205 119 162 124 62 44 35 123 155 5 110 102 191 170 159 39 146 228 189 247 112 86 127 138 33 125 90 249 198 43 238 131 213 83 73 136 0 126 168 132 99 77 94 181 100 199 236 137 207 184 255 250 214 221 150 182 186 141 243 117 194 202 253 230 139 135 166 154 252 200 85 217 106 78 225 241 220 178 188 185 248 130 183
116 209 174 103 232 246 234 59 32 239 118 23 222 75 7 57 97 20 79 28 4 215 60 42 153 22 171 95 113 242 211 144 80 182 156 17 145 1 167 195 149 180 16 24 190 219 18 87 226 88 19 160 71 29 58 50 240 142 51 12 2 9 244 204 43 231 104 176 158 73 114 173 21 212 92 46 30 53 169 197 179 164 69 10 216 89 140 192 66 68 11 74 26 133 82 177 49 105 129 187 193 27 6 163 3 38 147 101 112 245 186 47 196 152 121 157 120 67 31 111 36 15 54 25 56 218 109 61 224 237 93 81 235 70 8 128 210 64 175 63 108 122 107 14 151 91 223 233 52 37 40 227 139 76 55 172 115 34 84 148 98 96 41 125 143 72 45 161 254 206 208 65 229 205 119 162 124 62 44 35 123 155 5 48 102 191 170 159 39 146 228 189 247 110 86 127 138 33 203 90 249 198 201 238 131 213 83 214 136 0 126 168 132 99 77 94 181 100 199 236 137 207 184 255 250 251 221 150 243 165 141 13 117 194 202 253 230 134 135 166 154 252 200 85 217 106 78 225 241 220 178 188 185 248 130 183
116 209 174 103 232 246 234 59 32 239 118 23 222 75 7 57 97 20 79 28 4 215 60 42 153 22 171 95 113 242 211 144 126 13 156 17 145 1 167 195 149 180 16 24 190 219 18 87 226 88 19 160 71 29 58 50 240 142 51 12 2 131 244 204 43 231 104 176 158 73 114 173 21 212 92 46 30 53 169 197 179 129 69 10 216 89 140 192 66 68 11 74 26 133 82 177 49 105 164 187 193 27 6 115 3 38 147 101 165 245 80 47 196 203 121 157 120 67 31 111 36 15 54 25 56 218 109 61 224 237 93 81 235 70 41 110 210 64 175 63 108 122 107 83 151 91 223 233 152 37 40 227 134 76 55 172 163 34 52 84 98 96 8 148 143 72 45 161 254 206 208 65 229 205 119 162 124 62 44 35 123 155 5 48 102 191 170 159 39 146 228 189 247 112 86 127 138 33 125 90 249 198 201 238 14 213 9 214 136 0 128 168 132 99 77 94 181 100 199 236 137 207 184 186 250 251 221 150 182 255 141 243 117 194 202 253 230 139 135 166 154 252 200 85 217 106 78 225 241 220 178 188 185 248 130 183
116 209 174 103 232 246 234 59 32 239 118 23 222 75 7 57 97 20 79 28 4 215 60 42 153 22 171 95 113 242 211 144 126 13 156 17 145 1 167 195 149 180 16 24 190 219 18 87 226 88 19 160 71 29 58 50 240 142 51 12 2 131 244 204 43 231 104 176 158 73 114 173 21 212 92 46 30 53 169 197 179 129 69 10 216 89 140 192 66 68 11 74 26 133 82 177 49 105 164 187 193 27 6 115 3 38 147 101 165 245 80 47 196 203 121 157 120 67 31 111 36 15 54 25 56 218 109 61 224 237 93 81 235 70 41 128 210 64 175 63 108 122 107 83 151 91 223 233 152 37 40 227 134 76 55 172 163 34 52 84 98 96 8 148 143 72 45 161 254 206 208 65 229 205 119 162 124 62 44 35 123 155 5 48 102 191 170 159 39 146 228 189 247 112 86 127 138 33 125 90 249 198 201 238 14 213 9 214 136 0 110 168 132 99 77 94 181 100 199 236 137 207 184 186 250 251 221 150 182 255 141 243 117 194 202 253 230 139 135 166 154 252 200 85 217 106 78 225 241 220 178 188 185 248 130 183
116 209 174 103 232 246 234 59 32 239 118 23 222 75 7 57 97 20 79 28 4 215 60 42 153 22 171 95 113 242 211 144 231 13 156 17 145 1 167 195 149 180 16 24 190 219 18 87 226 88 19 160 71 29 58 50 240 142 51 12 2 9 244 204 43 52 104 176 158 66 114 173 21 212 92 46 30 53 169 197 179 164 69 10 216 89 140 192 251 68 11 74 124 133 82 177 49 105 129 187 193 27 6 163 3 38 147 101 165 245 80 47 196 203 121 157 120 67 31 111 36 15 54 25 56 218 109 61 224 237 93 81 235 70 41 128 210 64 175 63 108 122 107 14 151 91 223 233 152 37 40 227 110 76 55 172 115 34 134 84 98 96 8 148 143 72 45 161 254 206 208 65 229 205 119 162 26 62 44 35 123 155 5 48 102 191 170 159 39 146 228 189 247 112 86 127 138 33 125 90 249 198 201 238 131 213 83 73 136 0 126 168 132 99 77 94 181 100 199 236 137 207 184 255 250 214 221 150 182 186 141 243 117 194 202 253 230 139 135 166 154 252 200 85 217 106 78 225 241 220 178 188 185 248 130 183
116 209 174 103 232 246 234 59 32 239 118 23 222 75 7 57 97 20 79 28 4 215 60 42 153 22 171 95 113 242 211 144 238 13 156 17 145 1 167 195 149 180 16 24 190 219 18 87 226 88 19 160 71 29 58 50 240 110 51 12 2 129 244 204 43 231 104 176 158 73 114 173 25 212 92 46 30 53 169 197 179 164 69 10 216 89 140 192 66 68 11 74 26 133 82 177 49 105 9 187 193 27 6 163 3 38 147 101 165 245 186 47 196 142 121 157 120 67 31 111 36 15 54 21 56 218 109 61 224 237 93 81 235 70 41 128 210 64 175 63 108 122 107 14 151 91 223 233 152 37 40 227 134 76 55 172 115 34 52 84 98 96 8 148 143 72 45 161 254 206 208 65 229 205 119 162 124 62 44 35 123 155 5 48 102 191 170 159 39 146 228 189 247 112 86 127 138 33 125 90 249 198 201 80 253 213 83 214 136 0 126 168 132 99 77 94 181 100 199 236 137 207 184 255 250 251 221 150 182 203 141 243 117 194 202 131 230 139 135 166 154 252 200 85 217 106 78 225 241 220 178 188 185 248 130 183
116 209 174 103 232 246 234 59 32 239 118 23 222 75 7 57 97 20 79 28 4 215 60 42 153 22 171 141 113 242 249 144 80 13 156 17 145 1 167 195 149 180 16 31 190 219 117 87 226 88 19 160 71 29 58 50 240 142 51 12 2 9 244 204 43 231 104 176 158 73 114 173 21 212 92 46 30 133 169 197 179 164 82 10 216 89 140 192 66 68 11 74 26 53 69 177 49 105 129 187 193 27 6 163 3 38 147 101 112 245 186 47 196 76 121 157 120 214 24 111 36 15 54 25 56 218 109 61 65 237 93 81 235 70 41 128 210 64 175 63 108 122 107 14 151 91 182 233 152 37 40 227 110 238 55 172 115 34 52 84 98 96 8 148 143 72 45 161 254 206 208 224 229 205 119 162 124 62 44 35 123 155 5 48 102 191 170 159 39 146 228 189 247 165 86 127 138 33 125 90 211 198 201 134 131 213 83 67 136 0 126 168 132 99 77 94 181 100 199 236 137 207 184 255 250 251 221 150 223 203 95 243 18 194 202 253 230 139 135 166 154 252 200 85 217 106 78 225 241 220 178 188 185 248 130 183
116 209 174 103 232 246 234 59 32 239 118 23 222 75 7 57 97 20 79 28 4 215 60 42 153 22 171 141 113 242 249 144 80 13 156 17 145 1 167 195 149 180 16 31 190 219 117 87 226 88 19 160 71 29 58 50 240 142 51 12 2 9 244 204 43 231 104 176 158 73 114 173 21 212 92 46 30 133 169 197 179 164 82 10 216 89 140 192 66 68 11 74 26 53 69 177 49 105 129 187 193 27 6 163 3 38 147 101 112 245 186 47 196 76 121 157 120 214 24 111 48 15 54 25 56 218 109 61 65 237 93 81 235 70 41 128 210 64 175 63 108 122 107 14 151 91 182 233 152 37 40 227 110 238 55 172 115 34 52 84 98 96 8 148 143 72 45 161 254 206 208 224 229 205 119 162 124 62 44 35 123 155 5 36 102 191 170 159 39 146 228 189 247 165 86 127 138 33 125 90 211 198 201 134 131 213 83 67 136 0 126 168 132 99 77 94 181 100 199 236 137 207 184 255 250 251 221 150 223 203 95 243 18 194 202 253 230 139 135 166 154 252 200 85 217 106 78 225 241 220 178 188 185 248 130 183
116 209 174 103 232 246 234 59 32 239 118 23 222 75 7 57 97 20 79 28 4 215 60 42 153 22 171 164 113 242 211 144 80 13 156 17 145 1 167 195 149 180 16 24 89 219 18 87 226 88 19 160 71 29 58 50 240 142 51 12 2 9 244 204 201 231 104 176 158 66 114 173 21 212 92 46 30 53 169 197 179 95 69 10 216 190 140 192 251 68 182 74 26 133 82 177 49 105 129 187 193 27 6 163 3 38 147 237 165 245 11 47 196 203 121 157 120 67 31 111 36 15 54 25 56 218 109 61 224 101 93 81 235 70 41 128 210 64 175 63 108 122 107 14 151 91 223 233 152 37 40 227 110 76 55 172 115 34 52 84 98 96 8 148 143 72 45 161 254 206 208 65 229 205 119 162 124 62 44 35 123 155 5 48 102 191 170 159 39 146 228 189 247 112 86 127 138 33 125 90 249 198 43 238 131 213 83 73 136 0 126 168 132 99 77 94 181 100 199 236 137 207 184 134 250 214 221 150 186 255 141 243 117 194 202 253 230 139 135 166 154 252 200 85 217 106 78 225 241 220 178 188 185 248 130 183
116 209 174 103 232 246 234 59 32 239 118 23 222 75 7 57 97 20 79 28 4 215 60 42 153 22 171 164 113 242 211 144 80 13 156 17 145 1 167 195 149 180 16 24 190 219 18 87 226 88 19 160 71 29 58 50 240 142 51 12 2 9 244 204 43 231 104 176 158 73 114 173 21 212 92 46 30 53 169 197 179 95 69 10 216 89 140 192 66 68 11 74 26 133 82 177 49 105 129 187 193 27 6 163 3 38 147 101 165 245 186 47 196 203 121 157 120 67 31 111 36 15 54 25 56 218 109 61 224 237 93 81 235 70 41 128 210 64 175 63 108 122 107 14 151 91 223 233 152 37 40 227 134 76 55 172 115 34 52 84 98 96 8 148 143 72 45 161 254 206 208 65 229 205 119 162 124 62 44 35 123 155 5 48 102 191 170 159 39 146 228 189 247 112 86 127 138 33 125 90 249 198 201 238 131 213 83 214 136 0 110 168 132 99 77 94 181 100 199 236 137 207 184 126 250 251 221 150 182 255 141 243 117 194 202 253 230 139 135 166 154 252 200 85 217 106 78 225 241 220 178 188 185 248 130 183
116 209 174 103 232 246 234 59 32 239 118 23 222 75 7 57 97 20 79 28 4 215 60 42 153 22 171 181 113 242 211 144 80 13 156 17 145 1 167 195 149 180 16 24 190 219 18 87 226 88 19 160 71 29 58 50 240 142 51 12 40 9 244 204 43 231 104 176 158 73 114 173 21 212 92 46 30 53 169 197 179 164 69 10 216 89 140 192 55 68 11 74 26 154 82 177 49 105 129 187 193 27 6 163 3 38 147 101 112 245 186 47 196 152 121 157 120 67 31 111 36 194 54 25 56 218 109 61 224 237 93 81 235 70 41 128 210 64 175 63 108 122 107 14 151 91 223 233 52 37 2 227 134 76 66 182 115 34 84 125 98 96 8 148 143 72 45 161 254 206 208 65 229 205 119 162 124 62 44 35 123 155 5 48 102 191 170 159 39 146 228 189 247 110 86 127 138 33 203 90 249 198 201 238 131 213 83 214 136 0 126 168 132 99 77 94 95 100 199 236 137 207 184 255 250 251 221 150 172 165 141 243 117 15 202 253 230 139 135 166 133 252 200 85 217 106 78 225 241 220 178 188 185 248 130 183
116 209 174 103 232 246 234 59 32 239 118 23 222 75 7 57 97 20 79 28 4 215 60 42 153 22 171 181 113 242 211 144 80 182 156 17 145 1 167 195 149 180 16 24 190 219 18 87 226 88 19 160 71 29 58 50 240 142 51 12 2 9 244 204 43 231 104 176 158 73 114 173 21 212 92 46 30 53 169 197 179 164 69 10 216 89 140 192 66 68 11 74 26 133 82 177 49 105 129 187 193 27 6 163 3 38 147 101 112 245 186 47 196 152 121 157 120 67 31 111 36 15 54 25 56 218 109 61 224 237 93 81 235 70 8 128 210 64 175 63 108 122 107 14 151 91 223 233 52 37 40 227 139 76 55 172 115 34 84 148 98 96 41 125 143 72 45 161 254 206 208 65 229 205 119 162 124 62 44 35 123 155 5 48 102 191 170 159 39 146 228 189 247 110 86 127 138 33 203 90 249 198 201 238 131 213 83 214 136 0 126 168 132 99 77 94 95 100 199 236 137 207 184 255 250 251 221 150 243 165 141 13 117 194 202 253 230 134 135 166 154 252 200 85 217 106 78 225 241 220 178 188 185 248 130 183
116 209 174 103 232 246 234 59 32 239 118 23 222 75 7 57 97 20 79 28 4 215 60 42 203 22 171 95 113 242 211 144 80 13 156 17 145 1 167 195 149 110 16 24 190 219 18 87 226 88 19 160 71 29 58 50 240 142 51 12 2 9 244 204 43 231 104 176 158 66 114 173 21 212 92 46 30 53 169 197 179 164 69 10 216 89 140 192 73 68 11 74 26 133 82 177 49 105 129 187 193 27 6 163 3 38 147 101 238 245 186 47 196 180 121 157 120 67 31 111 36 15 54 25 56 218 109 61 224 237 33 81 235 70 41 128 210 64 175 63 108 122 107 14 151 91 223 233 152 37 40 227 153 76 55 172 115 34 52 84 98 96 8 148 143 72 45 161 254 206 208 65 229 205 119 162 124 62 44 35 123 155 5 48 102 191 170 159 39 146 228 189 247 112 86 127 138 93 125 90 249 198 201 134 131 213 83 214 136 0 126 168 132 99 77 94 181 100 199 236 137 207 184 255 250 251 221 150 182 165 141 243 117 194 202 253 230 139 135 166 154 252 200 85 217 106 78 225 241 220 178 188 185 248 130 183
116 209 174 103 232 246 234 59 32 239 118 23 222 75 7 57 97 20 79 28 4 215 60 42 203 22 171 95 113 242 211 144 80 13 156 17 145 1 167 195 149 110 16 24 190 219 18 87 226 88 19 160 71 29 58 50 240 142 51 12 2 9 244 204 43 231 104 176 158 66 114 173 21 212 92 46 30 53 169 197 179 164 69 10 216 89 140 192 73 68 11 74 26 133 82 177 49 105 129 187 193 27 6 163 3 38 147 101 238 245 186 47 196 180 121 157 120 67 31 111 36 15 54 25 56 218 109 61 224 237 93 81 235 70 41 128 210 64 175 63 108 122 107 14 151 91 223 233 152 37 40 227 153 76 55 172 115 34 52 84 98 96 8 148 143 72 45 161 254 206 208 65 229 205 119 162 124 62 44 35 123 155 5 48 102 191 170 159 39 146 228 189 247 112 86 127 138 33 125 90 249 198 201 134 131 213 83 214 136 0 126 168 132 99 77 94 181 100 199 236 137 207 184 255 250 251 221 150 182 165 141 243 117 194 202 253 230 139 135 166 154 252 200 85 217 106 78 225 241 220 178 188 185 248 130 183
116 209 174 103 232 246 234 59 32 239 118 23 222 75 7 57 97 20 79 28 4 215 60 42 203 22 171 95 113 242 211 251 80 13 156 17 145 1 167 195 149 110 16 24 190 219 18 87 226 88 19 160 71 29 58 50 240 142 51 12 2 9 244 204 43 231 104 176 158 66 114 173 21 212 92 46 30 53 169 197 179 164 69 10 216 89 140 192 73 68 11 74 26 133 82 177 49 105 129 187 193 27 6 163 3 38 147 101 238 245 186 47 196 180 121 157 120 67 31 111 36 15 54 25 56 218 109 61 224 237 33 81 235 70 41 128 210 64 175 63 108 122 107 14 151 91 223 233 152 37 40 227 153 76 55 172 115 34 52 84 98 96 8 148 143 72 45 161 254 206 208 65 229 205 119 162 124 62 44 35 123 155 5 48 102 191 170 159 39 146 228 189 247 112 86 127 138 93 125 90 249 198 201 134 131 213 83 214 136 0 126 168 132 99 77 94 181 100 199 236 137 207 184 255 250 144 221 150 182 165 141 243 117 194 202 253 230 139 135 166 154 252 200 85 217 106 78 225 241 220 178 188 185 248 130 183
116 209 174 103 232 246 234 59 32 239 118 23 222 75 7 57 97 20 79 28 4 215 69 42 153 22 171 95 113 242 211 144 80 13 156 17 145 187 167 195 149 180 16 24 190 219 18 87 226 88 19 160 71 206 58 50 240 142 51 12 2 9 244 204 43 38 104 176 158 66 114 173 21 212 78 46 30 53 169 197 179 164 60 10 216 89 140 192 251 68 11 74 26 133 82 177 49 105 129 1 193 27 6 163 3 231 147 101 165 245 186 47 196 203 121 157 120 67 31 111 36 15 54 25 56 218 109 61 224 237 93 81 235 70 41 128 210 64 175 63 108 122 107 14 151 91 223 233 152 37 40 227 110 76 55 172 115 34 52 84 98 96 8 148 143 72 45 161 254 29 208 65 229 205 119 162 124 62 44 35 123 155 5 48 102 191 170 159 39 146 228 189 247 112 86 127 138 33 125 90 249 198 201 238 131 213 83 73 136 0 126 168 132 99 77 94 181 100 199 236 137 207 184 255 250 214 221 150 182 134 141 243 117 194 202 253 230 139 135 166 154 252 200 85 217 106 92 225 241 220 178 188 185 248 130 183
116 209 174 103 232 246 234 59 32 239 118 23 222 75 7 57 97 20 79 28 4 215 69 42 153 22 171 95 113 242 211 144 80 13 156 17 145 187 167 195 149 180 16 24 190 219 18 87 226 88 19 160 71 206 58 50 240 142 51 12 2 9 244 204 43 38 104 176 158 66 114 173 21 212 78 46 30 53 169 197 179 164 60 10 216 89 140 192 251 68 11 74 26 133 82 177 49 105 129 1 193 27 6 163 3 231 147 101 165 245 186 47 196 203 121 157 120 67 31 111 36 15 54 25 56 218 109 61 224 237 93 81 235 70 41 128 210 64 175 63 108 122 107 14 151 91 223 233 152 37 40 227 110 76 55 172 115 34 52 84 98 96 8 148 143 72 45 161 254 29 208 65 229 205 119 162 124 62 44 35 123 155 5 48 102 191 170 159 39 146 228 189 247 112 86 127 138 33 125 90 249 198 201 238 131 213 83 73 136 0 126 168 132 99 77 94 181 100 199 236 137 207 184 255 250 214 243 150 182 134 141 221 117 194 202 253 230 139 135 166 154 252 200 85 217 106 92 225 241 220 178 188 185 248 130 183
116 209 174 103 232 246 234 59 32 239 118 23 222 75 7 57 97 20 79 28 4 215 69 42 153 22 171 95 113 242 211 144 80 13 156 17 145 187 167 195 149 180 16 24 190 219 18 87 226 88 19 160 71 206 58 50 240 142 51 12 2 9 244 204 43 38 104 176 158 66 114 173 21 212 92 46 30 53 169 197 179 164 60 10 216 89 140 192 251 68 11 74 26 133 82 177 49 105 129 1 193 27 6 163 3 231 147 101 165 245 186 47 196 203 121 157 120 67 31 111 36 15 54 25 56 218 109 61 224 237 93 81 235 70 41 128 210 64 175 63 108 122 107 14 151 91 223 233 152 37 40 227 110 76 55 172 115 34 52 84 98 96 8 148 143 72 45 161 254 29 208 65 229 205 119 162 124 62 44 35 123 155 5 48 102 191 170 159 39 146 228 189 247 112 86 127 138 33 125 90 249 198 201 238 131 213 83 73 136 0 126 168 132 99 77 94 181 100 199 236 137 207 184 255 250 214 221 150 182 134 141 243 117 194 202 253 230 139 135 166 154 252 200 85 217 106 78 225 241 220 178 188 185 248 130 183
116 209 174 103 232 246 234 59 32 239 118 23 222 75 7 57 97 20 79 28 4 215 85 42 153 22 171 95 113 101 211 144 80 13 156 17 145 1 167 195 149 180 16 24 190 219 11 87 226 88 19 160 71 29 58 50 240 142 51 12 2 9 244 204 43 231 104 176 158 253 114 173 21 212 92 46 30 53 169 197 179 164 69 10 216 89 140 192 73 68 117 74 26 133 82 177 49 105 129 187 193 27 6 163 3 38 147 242 112 245 186 47 196 203 121 157 120 67 31 111 36 15 54 25 56 218 109 61 224 237 93 81 235 70 41 128 210 64 175 63 108 122 107 14 151 91 223 233 152 37 40 227 134 76 55 172 115 34 52 84 98 96 135 148 143 72 45 161 254 206 208 65 229 205 119 162 124 62 44 35 123 155 8 48 102 191 170 159 39 146 228 189 247 110 86 127 138 33 125 90 249 198 201 238 131 213 83 214 136 0 126 168 132 99 77 94 181 100 199 236 137 207 165 255 250 251 221 150 182 184 141 243 18 194 202 66 230 139 5 166 154 252 200 60 217 106 78 225 241 220 178 188 185 248 130 183
116 209 174 103 232 246 234 59 32 239 118 23 222 75 7 57 97 20 79 28 4 215 127 42 153 22 171 95 250 242 211 144 80 13 156 17 145 1 167 195 149 180 16 24 190 219 18 87 226 88 19 160 71 29 58 50 240 142 51 12 2 9 244 204 43 231 104 176 158 66 114 173 21 212 92 46 30 53 169 197 179 164 229 10 216 89 140 192 251 68 11 74 26 133 82 177 49 105 129 187 193 27 6 163 3 38 147 134 165 245 186 90 196 203 121 157 120 67 31 111 36 15 54 25 56 218 109 61 224 237 93 81 235 70 41 128 210 64 175 63 108 122 107 14 151 91 223 233 152 37 40 227 110 76 55 172 115 34 101 84 98 96 8 148 143 72 45 161 254 206 208 65 69 205 119 162 124 62 44 35 123 155 5 48 102 191 170 159 39 146 228 189 247 112 86 60 138 33 125 249 47 198 201 238 131 213 83 73 136 0 126 168 132 99 77 94 181 100 199 236 137 207 184 255 113 214 221 150 182 52 141 243 117 194 202 253 230 139 135 166 154 252 200 85 217 106 78 225 241 220 178 188 185 248 130 183
116 209 174 103 232 246 234 59 32 239 118 23 222 75 7 57 97 20 79 28 4 215 127 42 153 22 171 95 250 242 211 144 80 13 156 17 145 1 167 195 149 180 16 24 190 219 18 87 226 88 19 160 71 29 58 50 240 142 51 12 2 9 244 204 43 231 104 176 158 66 114 173 21 212 92 46 30 53 169 197 179 164 229 10 216 89 140 192 251 68 11 74 26 133 82 177 49 105 129 187 193 27 6 163 3 38 147 134 165 245 186 90 196 203 121 157 120 67 31 111 36 15 54 25 56 218 109 61 224 237 93 81 235 70 41 128 210 64 175 63 108 122 107 14 151 91 223 233 152 37 40 227 110 76 55 172 115 34 236 84 98 96 8 148 143 72 45 161 254 206 208 65 69 205 119 162 124 62 44 35 123 155 5 48 102 191 170 159 39 146 228 189 247 112 86 60 138 33 125 249 47 198 201 238 131 213 83 73 136 0 126 168 132 99 77 94 181 100 199 101 137 207 184 255 113 214 221 150 182 52 141 243 117 194 202 253 230 139 135 166 154 252 200 85 217 106 78 225 241 220 178 188 185 248 130 183
116 209 174 103 232 246 234 59 32 239 118 23 222 75 7 57 97 20 79 28 4 215 127 42 153 22 171 95 250 242 211 144 80 13 156 17 145 1 167 195 149 180 16 24 190 219 18 87 226 88 19 160 71 29 58 50 240 142 51 12 2 9 244 204 43 231 104 176 158 66 114 173 21 212 92 46 30 53 169 197 179 164 229 10 216 89 140 192 251 68 11 74 26 133 82 177 49 105 129 187 193 27 6 163 3 38 147 134 165 245 186 90 196 203 121 157 120 67 31 111 36 15 54 25 56 218 109 61 224 237 93 81 235 70 41 128 210 64 175 63 108 122 107 14 151 91 223 233 152 37 40 227 110 76 55 172 115 34 236 84 98 96 8 148 143 72 45 161 254 206 208 65 69 205 119 162 124 62 44 35 123 155 5 48 102 191 170 159 39 146 228 189 247 112 86 60 138 33 125 249 47 198 201 238 253 213 83 73 136 0 126 168 132 99 77 94 181 100 199 101 137 207 184 255 113 214 221 150 182 52 141 243 117 194 202 131 230 139 135 166 154 252 200 85 217 106 78 225 241 220 178 188 185 248 130 183
116 209 174 103 232 246 234 59 32 239 118 23 222 75 7 57 97 20 79 28 4 215 127 42 153 22 171 95 250 242 211 144 80 13 156 17 145 1 167 195 149 180 16 24 190 219 18 87 226 88 19 160 71 29 58 50 240 142 51 12 236 9 244 204 43 231 104 176 158 66 114 173 21 212 92 46 30 53 169 197 179 164 229 10 216 89 140 192 251 68 11 74 26 133 82 177 49 105 129 187 193 27 6 163 3 38 147 134 165 245 186 90 196 203 121 157 120 67 31 111 36 15 54 25 56 218 109 61 224 237 93 81 235 70 41 128 210 64 175 63 108 122 107 14 151 91 223 233 152 37 40 227 110 76 55 172 115 34 2 84 98 96 8 148 143 72 45 161 254 206 208 65 69 205 119 162 124 62 44 35 123 155 5 48 102 191 170 159 39 146 228 189 247 112 86 60 138 33 125 249 47 198 201 238 253 213 83 73 136 0 126 168 132 99 77 94 181 100 199 101 137 207 184 255 113 214 221 150 182 52 141 243 117 194 202 131 230 139 135 166 154 252 200 85 217 106 78 225 241 220 178 188 185 248 130 183
116 209 174 103 232 246 234 59 32 239 118 23 222 75 7 57 97 20 79 28 4 215 134 42 153 22 171 95 113 242 211 144 80 13 156 17 145 1 167 195 149 180 16 24 190 219 18 87 226 88 19 160 71 29 58 50 240 142 51 12 2 9 244 204 43 231 104 176 158 66 114 173 21 212 92 46 30 53 169 197 179 164 69 10 216 89 140 192 251 68 11 74 26 133 82 177 49 105 129 187 193 27 6 163 3 38 147 101 165 245 186 47 196 203 121 157 120 67 31 111 36 15 54 25 56 218 109 61 224 237 93 81 235 70 41 128 210 64 175 63 108 122 107 14 151 91 223 233 152 37 40 227 110 76 55 172 115 34 52 84 98 96 8 148 143 72 45 161 254 206 208 65 229 205 119 162 124 62 44 35 123 155 5 48 102 191 170 159 39 146 228 189 247 112 86 127 138 33 125 90 249 198 201 238 131 213 83 73 136 0 126 168 132 99 77 94 181 100 199 236 137 207 184 255 250 214 221 150 182 60 141 243 117 194 202 253 230 139 135 166 154 252 200 85 217 106 78 225 241 220 178 188 185 248 130 183
116 209 174 103 232 246 234 59 32 239 118 23 222 75 7 57 97 20 79 28 4 215 186 42 153 22 171 95 113 242 211 144 80 13 156 17 145 1 167 195 149 180 16 24 190 219 18 87 226 88 19 160 71 29 58 50 240 142 51 12 2 9 244 204 43 38 104 176 158 66 114 173 21 212 92 46 30 53 169 197 179 164 69 10 216 89 140 192 251 68 11 74 26 133 82 177 49 105 129 187 193 27 6 163 3 231 147 101 165 245 52 47 196 203 121 157 120 67 31 111 36 15 54 25 56 218 109 61 224 237 93 81 235 70 41 128 210 64 175 63 108 122 107 14 151 91 223 233 152 37 40 227 110 76 55 172 115 34 134 84 98 96 8 148 143 72 45 161 254 206 208 65 229 205 119 162 124 62 44 35 123 155 5 48 102 191 170 159 39 146 228 189 247 112 86 127 138 33 125 90 249 198 201 238 131 213 83 73 136 0 126 168 132 99 77 94 181 100 199 236 137 207 184 255 250 214 221 150 182 60 141 243 117 194 202 253 230 139 135 166 154 252 200 85 217 106 78 225 241 220 178 188 185 248 130 183
116 209 174 103 232 246 234 59 32 239 118 23 222 75 7 57 97 20 79 28 25 215 60 42 153 22 171 95 113 242 211 144 80 13 156 17 145 1 167 195 149 180 16 24 190 219 18 87 226 88 19 160 71 29 58 50 240 30 51 12 2 9 244 204 43 38 104 176 158 73 114 173 21 212 92 46 142 53 169 197 179 164 69 10 216 89 140 192 66 68 11 74 26 133 82 177 49 105 129 187 193 27 6 163 3 231 147 101 165 245 126 47 196 203 121 157 120 67 31 111 36 15 54 4 56 218 109 61 224 237 93 81 235 70 41 128 210 64 175 63 108 122 107 14 151 91 223 233 152 37 40 227 134 76 55 172 115 34 52 84 98 96 8 148 143 72 45 161 254 206 208 65 229 205 119 162 124 62 44 35 123 155 5 48 102 191 170 159 39 146 228 189 247 112 86 127 138 33 125 90 249 198 201 238 131 213 83 214 136 0 110 168 132 99 77 94 181 100 199 135 137 207 184 186 250 251 221 150 182 255 141 243 117 194 202 253 230 139 236 166 154 252 200 85 217 106 78 225 241 220 178 188 185 248 130 183
116 209 174 103 232 246 234 59 32 239 118 23 222 75 7 57 97 20 79 28 53 211 60 42 153 22 171 95 113 242 48 144 80 13 156 17 145 1 167 195 149 180 16 24 190 219 18 87 226 88 19 160 71 29 58 50 240 142 51 12 2 9 244 204 43 231 104 176 158 66 114 173 21 212 92 46 30 4 169 197 179 164 69 10 216 89 140 192 251 68 11 74 26 133 82 177 49 105 129 187 193 27 6 163 3 38 147 101 165 245 186 47 196 203 121 157 120 67 31 111 36 15 54 25 56 218 109 61 224 237 93 81 235 70 41 128 210 64 175 63 108 122 107 14 151 91 223 233 152 37 40 227 110 76 55 172 115 34 134 84 98 96 8 148 143 72 146 161 254 206 208 65 229 205 119 162 124 62 44 35 123 155 5 215 102 191 170 159 39 45 228 189 247 112 86 127 138 33 125 90 249 198 201 238 131 213 83 73 136 0 126 168 132 99 77 94 181 100 199 236 137 207 184 255 250 214 221 150 182 52 141 243 117 194 202 253 230 139 135 166 154 252 200 85 217 106 78 225 241 220 178 188 185 248 130 183
116 209 174 103 232 246 234 59 32 239 118 23 222 75 7 57 97 20 79 28 53 215 60 42 153 22 171 95 113 242 211 144 80 13 156 17 145 1 167 195 149 180 16 24 190 219 18 87 226 88 19 160 71 29 58 50 240 142 51 12 2 9 244 204 43 38 104 176 158 66 114 173 21 212 92 46 30 4 169 197 179 164 69 10 216 89 140 192 251 68 11 74 26 133 82 177 49 105 134 187 193 27 6 163 3 231 147 101 165 245 186 47 196 203 121 157 120 67 31 111 36 15 54 25 56 218 109 61 224 237 93 81 235 70 41 128 210 64 175 63 108 122 107 14 151 91 223 233 152 37 40 227 110 76 55 172 115 34 45 84 98 96 8 148 143 72 129 161 254 206 208 65 229 205 119 162 124 62 44 35 123 155 5 48 102 191 170 159 39 146 228 189 247 112 86 127 138 33 125 90 249 198 201 238 253 213 83 73 136 0 126 168 132 99 77 94 181 100 199 236 137 207 184 255 250 214 221 150 182 52 141 243 117 194 202 131 230 139 135 166 154 252 200 85 217 106 78 225 241 220 178 188 185 248 130 183
116 209 174 103 232 246 234 59 32 239 118 23 222 75 7 57 97 20 79 28 199 215 60 42 153 22 171 95 113 242 211 144 80 13 156 17 145 1 167 195 149 180 16 24 190 219 18 87 226 88 19 160 71 29 58 50 240 142 51 12 2 9 244 204 43 231 104 176 158 73 114 173 21 212 92 46 30 53 169 197 179 164 161 10 216 89 140 192 66 68 11 74 26 133 82 177 49 105 129 187 193 27 6 163 3 38 147 101 112 245 186 47 196 203 121 157 120 67 31 111 36 15 54 25 56 218 109 61 224 237 93 81 235 70 41 128 210 64 175 63 108 122 107 14 151 91 223 233 152 37 40 227 134 76 55 172 115 34 52 84 98 96 8 148 143 72 45 139 254 206 208 65 229 205 119 162 124 62 44 35 123 155 5 48 102 191 170 159 39 146 228 189 247 110 86 127 138 33 125 90 249 198 201 238 131 213 83 214 136 0 126 168 132 99 77 94 181 100 4 236 137 207 184 255 250 251 221 150 182 165 141 243 117 194 202 253 230 69 135 166 154 252 200 85 217 106 78 225 241 220 178 188 185 248 130 183
116 209 174 103 232 246 234 59 32 239 118 23 222 75 7 57 97 20 79 28 199 215 60 42 153 22 171 95 113 242 211 144 80 13 156 17 145 1 167 195 149 180 16 212 190 219 18 87 226 68 19 160 71 29 58 50 240 142 51 12 2 9 244 204 43 231 104 176 158 73 114 173 217 24 92 46 30 53 169 197 179 164 161 10 216 89 140 192 66 88 11 74 26 133 82 177 49 105 129 187 193 27 6 163 3 38 147 101 112 245 186 47 196 203 21 157 120 67 31 111 36 15 54 25 56 218 109 61 224 237 93 81 235 70 41 128 210 64 175 63 108 122 107 14 151 91 223 233 152 37 40 227 134 76 55 172 115 34 52 84 98 96 8 249 143 72 45 139 254 206 208 65 229 205 119 162 124 62 44 35 123 155 5 48 102 191 170 159 39 146 228 189 247 110 86 127 138 33 125 90 148 198 201 238 131 213 83 214 136 0 126 168 132 99 77 94 181 100 4 236 137 207 184 255 250 251 221 150 182 165 141 243 117 194 202 253 230 69 135 166 154 252 200 85 121 106 78 225 241 220 178 188 185 248 130 183
116 209 174 103 232 246 234 59 32 239 118 23 222 75 7 57 97 20 79 28 217 215 60 42 153 22 171 95 113 242 211 144 80 13 156 17 145 1 167 195 149 180 16 142 190 219 18 35 226 88 19 160 71 29 58 50 240 24 51 12 2 9 244 204 43 101 104 176 158 66 114 173 21 212 30 27 92 53 169 197 179 164 90 10 216 89 140 192 38 68 11 74 26 133 82 177 49 105 129 187 193 47 6 163 3 135 147 231 165 245 186 46 196 203 121 157 120 67 31 111 36 15 54 25 56 218 109 61 224 237 93 81 235 70 41 128 210 64 175 63 108 122 107 14 151 91 241 233 152 37 40 227 110 76 55 172 115 34 252 84 98 96 8 148 143 72 45 161 191 206 254 65 229 205 119 162 124 62 44 87 123 155 5 48 102 208 170 159 39 146 228 189 247 112 86 127 138 33 125 69 249 198 201 238 131 213 83 73 136 0 126 168 132 99 77 94 181 100 199 236 137 207 184 255 250 251 221 150 182 134 141 243 117 194 202 253 230 139 52 166 154 214 200 85 4 106 78 225 223 220 178 188 185 248 130 183
116 209 174 103 232 246 234 59 32 239 118 23 222 75 7 57 97 20 79 102 4 215 60 2 153 22 171 95 113 242 211 144 80 13 156 17 145 96 167 195 149 180 16 24 190 219 18 87 88 226 19 160 71 29 58 50 240 142 51 12 42 9 244 204 43 231 104 65 158 66 114 173 56 212 92 46 30 53 169 197 179 61 69 10 216 89 140 192 251 68 21 74 26 133 82 177 49 105 129 187 193 27 6 163 3 154 147 101 165 245 134 47 196 203 121 157 120 67 31 241 36 15 54 25 11 218 109 112 224 237 93 81 235 70 41 128 210 64 175 63 108 122 107 14 151 91 223 233 152 37 40 227 110 76 55 52 115 34 172 84 98 1 8 148 143 72 45 161 254 206 208 176 229 205 119 162 124 62 44 35 123 155 5 48 28 191 170 159 39 146 228 184 247 164 86 127 138 33 125 90 249 198 201 238 131 213 83 73 136 0 126 168 132 99 77 94 181 100 199 236 137 207 189 255 250 214 221 150 182 186 141 243 117 194 202 253 230 139 135 166 38 252 200 85 217 106 78 225 111 220 178 188 185 248 130 183
116 209 174 103 232 246 234 59 32 239 118 23 222 75 7 57 97 20 79 126 4 215 60 42 153 22 171 95 113 242 211 144 80 13 156 17 145 1 167 195 149 180 16 24 190 219 18 87 226 88 19 160 71 29 58 243 240 142 51 12 2 9 244 204 43 38 104 176 158 66 114 173 21 212 92 46 30 53 169 197 179 164 69 10 216 89 140 192 251 68 11 74 26 133 82 177 49 105 129 187 193 27 6 163 3 231 147 101 165 245 186 47 196 203 121 157 120 67 31 111 36 15 54 25 56 218 109 61 224 237 93 81 235 70 41 128 210 64 175 63 108 122 107 14 8 91 223 233 152 37 40 227 110 76 55 172 115 34 134 84 98 96 151 148 143 72 45 161 254 206 208 65 229 205 170 162 124 62 44 35 123 155 5 48 102 191 119 159 39 146 228 189 247 112 86 127 138 33 125 90 249 198 201 238 131 213 83 73 136 0 28 168 132 99 77 94 181 100 199 236 137 207 184 255 250 214 221 150 182 52 141 50 117 194 202 253 230 139 135 166 154 252 200 85 217 106 78 225 241 220 178 188 185 248 130 183
116 209 174 103 232 246 234 59 32 239 118 23 222 75 7 57 97 20 79 156 4 215 60 42 153 37 171 95 113 242 211 144 80 15 28 17 145 1 167 195 149 180 16 24 190 219 18 87 226 88 19 160 71 29 58 50 240 142 51 12 2 9 91 204 43 231 104 176 158 66 114 173 21 212 92 46 30 53 63 197 179 164 69 10 216 89 140 192 251 68 182 74 26 133 82 177 49 105 129 187 193 27 6 163 3 38 147 101 165 245 11 47 196 203 121 157 22 67 31 111 36 13 54 25 56 218 109 61 224 237 93 81 235 70 41 128 210 64 175 178 108 122 107 14 151 244 223 233 152 120 40 227 110 76 55 172 115 34 134 84 98 96 8 148 143 72 45 161 254 206 208 65 229 205 119 162 124 62 44 35 123 155 5 48 102 191 170 159 39 146 228 202 247 112 86 127 138 33 125 90 249 198 201 238 131 213 83 73 136 0 126 168 132 99 77 94 181 100 199 236 137 207 184 169 250 214 221 150 52 186 141 243 117 194 189 253 230 139 135 166 154 252 200 85 217 106 78 225 241 220 255 188 185 248 130 183
116 209 174 103 232 246 234 59 32 239 118 23 222 75 7 57 97 20 79 156 4 215 60 42 153 37 171 164 113 242 211 144 80 15 28 17 145 1 167 195 149 180 16 24 190 219 18 87 226 88 19 160 71 29 58 50 240 142 51 12 2 9 91 204 43 231 104 176 158 66 114 173 21 212 92 46 30 53 63 197 179 95 69 10 216 89 140 192 251 68 182 74 26 133 82 177 49 105 129 187 193 27 6 163 3 38 147 101 165 245 11 47 196 203 121 157 22 67 31 111 36 13 54 25 56 218 109 61 224 237 93 81 235 70 41 128 210 64 175 178 108 122 107 14 151 244 223 233 152 120 40 227 110 76 55 172 115 34 134 84 98 96 8 148 143 72 45 161 254 206 208 65 229 205 119 162 124 62 44 35 123 155 5 48 102 191 170 159 39 146 228 202 247 112 86 127 138 33 125 90 249 198 201 238 131 213 83 73 136 0 126 168 132 99 77 94 181 100 199 236 137 207 184 169 250 214 221 150 52 186 141 243 117 194 189 253 230 139 135 166 154 252 200 85 217 106 78 225 241 220 255 188 185 248 130 183
116 209 174 103 232 246 234 59 32 239 118 23 222 75 7 57 125 20 79 28 4 215 60 42 153 22 171 95 113 242 211 144 80 13 156 17 204 38 167 195 149 180 16 24 190 219 18 87 226 88 19 160 71 29 58 50 240 142 51 12 2 9 244 145 43 1 104 176 158 66 114 173 21 212 92 46 30 53 169 197 179 164 69 10 216 89 140 192 251 68 11 74 154 133 82 177 49 105 129 187 193 27 6 163 3 231 147 101 165 245 186 47 196 203 121 157 120 67 31 111 36 15 54 25 56 218 109 61 224 237 93 81 235 70 41 128 210 64 175 63 108 126 107 14 151 91 223 233 152 37 40 227 110 76 55 172 115 34 134 84 98 96 8 148 143 72 45 161 254 206 208 65 229 205 119 162 124 62 44 35 123 155 5 48 102 191 170 159 39 146 228 189 247 112 86 127 138 33 97 90 249 198 201 238 131 213 83 73 136 0 122 168 132 99 77 94 181 100 199 236 137 207 184 255 250 214 221 150 182 52 141 243 117 194 202 253 230 139 135 166 26 252 200 85 217 106 78 225 241 220 178 188 185 248 130 183
116 209 174 103 232 246 234 59 32 239 118 23 222 75 7 57 136 20 79 28 4 215 60 42 153 22 171 95 113 242 211 144 80 13 156 124 145 1 167 195 149 110 16 24 190 219 18 87 226 88 19 160 71 29 58 50 240 142 51 12 2 9 244 204 43 231 104 152 158 66 114 173 21 212 92 46 30 53 169 197 179 164 69 10 216 89 140 192 73 68 11 74 26 133 82 177 49 105 129 187 193 27 6 163 3 38 147 101 165 245 186 47 130 203 121 157 0 67 31 111 36 15 54 25 56 218 109 61 72 237 93 81 235 70 41 128 210 64 175 63 108 122 107 14 17 91 223 233 176 37 40 227 134 76 55 172 115 34 52 84 5 96 8 148 143 224 45 161 254 206 208 65 229 205 119 162 151 62 44 35 123 155 98 48 102 191 125 159 39 146 228 189 247 112 86 127 138 33 170 90 249 198 201 238 131 213 83 214 97 120 180 168 132 99 77 94 181 100 199 236 137 207 184 126 250 251 221 150 182 255 141 243 117 194 202 253 230 139 135 166 154 252 200 85 217 106 78 225 241 220 178 188 185 248 196 183
116 209 174 103 232 246 234 59 32 239 118 23 222 75 7 57 136 20 79 28 4 215 60 42 153 22 171 95 113 242 211 144 80 13 156 124 145 1 167 195 149 110 16 24 190 219 18 87 226 88 19 160 71 29 58 50 240 142 51 12 2 9 244 204 43 231 104 152 158 66 114 173 21 212 92 46 30 53 169 197 179 164 69 10 216 89 140 192 73 68 11 74 26 133 82 177 49 105 129 187 193 27 6 163 3 38 147 101 165 245 186 47 130 203 121 157 0 67 31 111 36 15 54 25 56 218 109 61 72 237 93 81 235 70 41 128 210 64 175 63 108 122 107 14 17 91 223 233 176 37 40 227 134 76 55 172 115 34 52 191 5 96 8 148 143 224 45 161 254 206 208 65 229 205 119 162 151 62 44 35 123 155 98 48 102 84 125 159 39 146 228 189 247 112 86 127 138 33 170 90 249 198 201 238 131 213 83 214 97 120 180 168 132 99 77 94 181 100 199 236 137 207 184 126 250 251 221 150 182 255 141 243 117 194 202 253 230 139 135 166 154 252 200 85 217 106 78 225 241 220 178 188 185 248 196 183
116 209 174 103 232 246 234 59 32 239 118 23 222 75 7 57 136 20 79 28 4 215 60 42 153 22 171 95 113 242 211 144 80 13 156 124 145 1 167 195 149 110 16 24 190 219 18 87 226 88 19 160 71 29 58 50 240 142 51 12 2 9 244 204 43 231 104 152 158 66 114 173 21 212 92 46 237 53 169 197 179 164 69 10 216 89 140 192 73 68 11 74 26 133 82 177 49 105 129 187 193 27 6 163 3 38 147 101 165 245 186 47 130 203 121 157 0 67 31 111 36 15 54 25 56 218 109 61 72 30 93 81 235 70 41 128 210 64 175 63 108 122 107 14 17 91 223 233 176 37 40 227 134 76 55 172 115 34 52 191 5 96 8 148 143 224 45 161 254 206 208 65 229 205 119 162 151 62 44 35 123 155 98 48 102 84 125 159 39 146 228 189 247 112 86 127 138 33 170 90 249 198 201 238 131 213 83 214 97 120 180 168 132 99 77 94 181 100 199 236 137 207 184 126 250 251 221 150 182 255 141 243 117 194 202 253 230 139 135 166 154 252 200 85 217 106 78 225 241 220 178 188 185 248 196 183
116 209 174 103 232 246 234 59 32 239 118 23 222 75 7 57 226 20 79 28 4 215 60 42 153 22 171 95 113 242 211 144 80 13 156 17 145 1 167 195 149 180 16 24 190 69 18 87 97 88 19 160 71 29 58 50 240 142 51 12 2 9 244 204 43 231 104 176 158 73 114 173 21 212 92 46 30 53 169 197 179 164 219 10 216 89 140 192 66 68 11 74 26 133 82 177 49 105 129 187 193 27 6 163 3 90 147 101 112 245 186 47 196 203 121 157 120 67 31 111 36 15 54 25 56 218 109 61 224 237 93 81 235 70 41 128 210 64 175 63 108 122 107 14 151 91 223 233 152 37 40 227 134 76 55 172 115 34 52 84 98 96 8 148 143 72 45 161 254 206 208 65 229 205 119 162 124 62 44 35 123 155 5 48 102 191 170 159 39 146 228 189 247 110 86 127 138 33 125 38 249 198 201 238 253 213 83 214 136 0 126 168 132 99 77 94 181 100 199 236 137 207 184 255 250 251 221 150 182 165 141 243 117 194 202 131 230 139 135 166 154 252 200 85 217 106 78 225 241 220 178 188 185 248 130 183
116 209 174 103 232 246 234 59 32 239 118 23 222 75 7 57 226 20 79 28 4 215 60 42 153 22 171 95 113 242 211 144 80 13 156 17 145 1 167 195 149 180 16 24 190 69 18 87 97 88 19 160 71 29 58 50 240 142 51 12 2 9 244 204 43 231 104 176 158 73 114 173 21 212 92 46 30 53 169 197 179 164 219 10 216 89 140 192 66 68 11 74 26 133 82 177 49 105 129 187 193 27 6 163 3 90 147 101 112 245 186 47 196 203 121 157 120 67 31 111 36 15 54 25 56 218 109 61 224 237 93 81 235 70 41 128 210 64 175 63 108 122 107 126 151 91 223 233 152 37 40 227 134 76 55 172 115 34 52 84 98 96 8 148 143 72 45 161 254 206 208 65 229 205 119 162 124 62 44 35 123 155 5 48 102 191 170 159 39 146 228 189 247 110 86 127 138 33 125 38 249 198 201 238 253 213 83 214 136 0 14 168 132 99 77 94 181 100 199 236 137 207 184 255 250 251 221 150 182 165 141 243 117 194 202 131 230 139 135 166 154 252 200 85 217 106 78 225 241 220 178 188 185 248 130 183
116 209 174 103 232 246 234 59 32 239 118 23 222 75 7 85 97 20 79 28 4 215 60 42 153 22 171 95 113 242 196 144 80 13 156 17 145 1 167 195 149 180 16 24 190 69 2 87 226 88 19 160 71 29 58 50 240 142 51 12 192 9 244 204 206 231 104 176 158 66 114 173 21 212 92 46 30 53 169 197 179 164 219 10 216 89 140 31 251 68 182 74 26 133 82 177 49 105 129 187 193 27 6 163 3 38 147 101 165 245 11 47 211 203 121 157 120 67 18 111 36 15 54 25 56 218 109 73 224 237 93 81 235 70 41 128 210 64 175 63 108 122 107 14 151 91 223 233 152 37 40 227 110 76 55 172 115 34 134 84 98 96 8 148 143 72 45 161 254 43 208 65 229 205 119 162 124 62 44 86 123 155 5 48 102 191 170 159 39 146 228 189 247 112 35 127 138 33 125 90 249 198 201 238 131 213 83 61 136 0 126 168 132 99 77 94 181 100 199 236 137 207 184 255 250 214 221 150 52 186 141 243 117 194 202 253 230 139 135 166 154 252 200 57 217 106 78 225 241 220 178 188 185 248 130 183
116 209 174 103 232 246 234 59 32 239 118 23 222 75 97 57 7 20 79 28 4 215 60 42 153 22 171 95 113 242 211 144 80 13 39 17 145 1 167 195 149 180 16 24 190 219 18 87 226 88 19 160 71 29 58 50 240 142 51 12 2 9 244 204 43 52 104 176 158 66 114 173 21 212 92 46 30 53 169 197 179 164 69 10 216 89 140 192 251 68 182 74 26 133 82 177 49 105 129 187 193 27 6 163 3 38 147 101 165 245 186 47 231 203 121 157 120 67 31 111 36 15 54 25 56 218 109 61 224 237 93 81 235 70 41 128 210 64 175 63 108 122 107 14 151 91 223 233 152 37 40 227 110 76 55 172 115 34 96 84 98 196 8 148 143 72 45 161 254 206 208 65 229 205 119 162 124 62 44 35 123 155 5 48 102 191 170 159 156 146 228 189 247 112 86 127 138 33 125 90 249 198 201 238 131 213 83 73 136 0 126 168 132 99 77 94 181 100 199 236 137 207 184 255 250 214 221 150 11 134 141 243 117 194 202 253 230 139 135 166 154 252 200 85 217 106 78 225 241 220 178 188 185 248 130 183
116 209 174 103 232 246 234 59 32 239 118 23 222 75 249 57 97 20 79 28 4 215 60 42 153 22 171 95 113 242 211 144 80 13 156 17 145 1 167 195 149 180 16 24 190 219 18 87 226 88 19 160 71 29 58 50 240 142 51 12 2 9 244 204 43 231 104 176 158 73 114 173 150 212 92 46 30 53 169 197 179 164 254 10 216 89 140 192 66 68 11 74 26 133 82 177 165 105 129 187 193 27 6 163 3 38 147 101 112 245 186 47 196 203 121 157 120 67 217 111 36 15 54 25 56 218 109 61 224 237 93 81 235 70 41 128 125 64 175 63 108 122 107 14 151 91 223 233 152 37 40 227 134 76 55 172 115 34 85 84 98 96 8 148 143 72 45 161 78 206 208 65 229 205 119 162 124 62 44 35 123 155 5 48 102 191 170 159 39 146 228 189 247 110 86 127 138 33 210 90 7 198 201 238 131 213 83 214 136 0 126 168 132 99 77 94 181 100 199 236 137 207 184 255 250 251 221 21 182 49 141 243 117 194 202 253 230 139 135 166 154 252 200 52 31 106 69 225 241 220 178 188 185 248 130 183
116 209 174 103 232 246 234 59 32 239 118 63 222 75 7 57 97 20 79 28 4 215 60 42 153 22 171 95 113 242 126 144 80 13 156 17 145 1 167 195 149 180 16 24 190 219 18 87 226 88 19 160 71 29 58 50 240 142 51 238 2 9 244 204 43 231 104 176 158 66 114 173 21 212 92 46 30 53 169 197 179 164 69 10 216 89 140 192 251 68 182 74 26 133 82 177 49 105 129 187 193 27 6 163 3 38 147 101 165 245 186 47 196 203 121 157 120 67 31 111 36 15 54 25 56 218 109 61 224 237 93 81 235 70 41 128 210 64 175 23 108 122 107 14 151 91 223 233 152 37 40 227 110 12 55 172 115 34 134 84 98 96 8 148 143 72 45 161 254 206 208 65 229 205 119 162 124 62 44 35 123 155 5 48 102 191 170 159 39 146 228 189 247 112 86 127 138 33 125 90 249 198 201 76 131 213 83 73 136 0 211 168 132 99 77 94 181 100 199 236 137 207 184 255 250 214 221 150 11 52 141 243 117 194 202 253 230 139 135 166 154 252 200 85 217 106 78 225 241 220 178 188 185 248 130 183
116 209 174 103 232 246 234 59 32 239 118 63 222 75 7 57 97 20 79 28 4 215 60 42 153 22 171 95 113 242 211 144 80 13 156 17 145 1 167 195 149 180 16 24 190 219 18 87 226 88 19 160 71 29 58 50 240 142 51 238 2 9 244 204 43 231 104 176 158 66 114 173 21 212 92 46 30 53 169 197 179 164 69 10 216 89 140 192 251 68 182 74 26 133 82 177 49 105 129 187 193 27 6 163 3 38 147 101 165 245 186 47 196 203 121 157 120 67 31 111 36 15 54 25 56 218 109 61 224 237 93 81 235 70 41 128 210 64 175 23 108 122 107 14 151 91 223 233 152 37 40 227 110 12 55 172 115 34 134 84 98 96 8 148 143 72 45 161 254 206 208 65 229 205 119 162 124 62 44 35 123 155 5 48 102 191 170 159 39 146 228 189 247 112 86 127 138 33 125 90 249 198 201 76 131 213 83 73 136 0 126 168 132 99 77 94 181 100 199 236 137 207 184 255 250 214 221 150 11 52 141 243 117 194 202 253 230 139 135 166 154 252 200 85 217 106 78 225 241 220 178 188 185 248 130 183
116 209 174 103 232 246 234 59 32 239 118 203 222 75 7 57 97 20 79 28 4 215 60 42 153 22 171 95 113 242 211 144 80 13 156 17 145 1 167 195 149 180 16 24 190 219 18 87 226 88 19 160 71 29 58 50 240 142 51 12 2 9 244 204 43 231 104 176 158 73 114 173 21 212 92 46 30 53 169 197 179 129 69 10 216 89 140 192 66 68 11 74 26 133 82 177 49 105 141 187 193 27 6 163 3 38 147 101 165 245 126 47 196 23 121 157 120 67 31 111 36 15 54 25 56 218 109 61 224 237 93 81 235 70 41 128 210 64 175 63 108 122 107 14 151 91 223 233 152 37 40 227 134 76 55 172 115 34 52 84 98 96 8 148 143 72 45 161 254 206 208 65 229 205 119 162 124 62 44 35 123 155 5 48 102 191 170 159 39 146 228 189 247 112 86 127 138 33 125 90 249 198 201 238 131 213 83 214 136 0 110 168 132 99 77 94 181 100 199 236 137 207 184 186 250 251 221 150 182 255 164 243 117 194 202 253 230 139 135 166 154 252 200 85 217 106 78 225 241 220 178 188 185 248 130 183
116 209 174 103 232 246 234 59 32 239 118 203 222 75 7 57 97 20 79 28 4 215 60 42 153 22 171 95 113 242 211 144 80 13 156 17 145 1 167 195 149 180 16 24 190 219 18 87 226 88 19 160 71 29 58 50 240 142 51 12 2 9 244 204 43 231 104 176 158 73 114 173 21 212 92 46 30 53 169 197 179 164 69 10 216 89 140 192 66 68 11 74 26 133 82 177 49 105 129 187 193 27 6 163 3 38 147 101 165 245 126 47 196 23 121 157 120 67 31 111 36 15 54 25 56 218 109 61 224 237 93 81 235 70 41 128 210 64 175 63 108 122 107 14 151 91 223 233 152 37 40 227 134 76 55 172 115 34 52 84 98 96 8 148 143 72 45 161 254 206 208 65 229 205 119 162 124 62 44 35 123 155 5 48 102 191 170 159 39 146 228 189 247 112 86 127 138 33 125 90 249 198 201 238 131 213 83 214 136 0 110 168 132 99 77 94 181 100 199 236 137 207 184 186 250 251 221 150 182 255 141 243 117 194 202 253 230 139 135 166 154 252 200 85 217 106 78 225 241 220 178 188 185 248 130 183
116 209 174 103 232 246 234 59 32 239 118 212 63 75 150 57 97 20 79 28 4 215 60 42 153 22 171 95 113 242 196 144 80 13 156 17 145 1 167 195 149 180 16 24 190 219 18 87 226 88 19 160 71 29 58 50 240 142 51 12 2 9 244 204 43 231 104 176 158 66 114 173 21 23 92 46 30 53 169 197 179 164 69 10 216 253 140 192 38 68 11 74 26 133 82 177 49 105 129 187 193 27 6 163 3 52 147 101 165 245 186 47 211 203 121 157 120 67 31 111 36 15 54 25 56 218 109 61 224 237 93 81 235 70 41 128 210 64 175 222 108 122 107 14 151 91 223 233 152 37 40 227 110 76 55 172 115 34 252 84 98 96 8 148 143 72 45 161 254 206 208 65 229 205 119 162 124 62 44 35 123 155 5 48 102 191 170 159 39 146 228 189 247 112 86 127 138 33 125 90 249 198 201 238 131 213 83 73 136 0 126 168 132 99 77 94 181 100 199 236 137 207 184 255 250 251 221 7 182 134 141 243 117 194 202 89 230 139 135 166 154 214 200 85 217 106 78 225 241 220 178 188 185 248 130 183
116 209 174 103 232 246 234 59 32 239 226 23 222 75 7 57 97 20 79 28 4 215 60 42 153 22 171 95 113 242 211 144 80 13 156 17 145 1 167 195 149 180 16 24 190 219 18 87 118 88 19 160 71 29 58 50 240 142 51 12 2 9 244 204 43 231 104 176 158 66 114 173 21 212 92 46 30 53 169 69 179 164 197 10 216 89 140 192 251 68 11 74 26 133 82 177 49 105 129 187 193 27 6 163 3 38 147 101 165 245 134 47 127 203 121 157 120 67 31 111 36 15 54 25 56 218 109 61 224 237 93 81 235 70 41 128 210 64 175 63 108 122 107 14 151 91 223 233 152 37 40 227 110 76 55 172 115 34 52 84 98 96 8 148 143 72 45 161 254 206 208 65 229 205 119 162 124 62 44 35 123 155 5 48 102 243 170 159 39 146 228 189 247 112 86 196 138 33 125 90 249 198 201 238 131 213 83 73 136 0 126 168 132 99 77 94 181 100 199 236 137 207 184 255 250 214 221 150 182 186 141 191 117 194 202 253 230 139 135 166 154 252 200 85 217 106 78 225 241 220 178 188 185 248 130 183
116 209 174 103 232 246 234 59 32 239 226 23 222 75 7 57 97 20 79 28 4 215 60 42 153 22 171 95 113 242 211 144 80 13 156 17 145 1 167 195 149 180 16 24 190 219 18 87 118 88 19 160 71 29 58 50 240 142 51 12 2 9 244 204 43 231 104 176 158 66 114 173 21 212 92 46 30 53 169 69 179 164 197 10 216 89 140 192 251 68 11 74 26 133 82 177 49 105 129 187 193 27 6 163 3 38 147 101 165 245 134 47 196 203 121 157 120 67 31 111 36 15 54 25 56 218 109 61 224 237 93 81 235 70 41 128 210 64 175 63 108 122 107 14 151 91 223 233 152 37 40 227 110 76 55 172 115 34 52 84 98 96 8 148 143 72 45 161 254 206 208 65 229 205 119 162 124 62 44 35 123 155 5 48 102 191 170 159 39 146 228 189 247 112 86 127 138 33 125 90 249 198 201 238 131 213 83 73 136 0 126 168 132 99 77 94 181 100 199 236 137 207 184 255 250 214 221 150 182 186 141 243 117 194 202 253 230 139 135 166 154 252 200 85 217 106 78 225 241 220 178 188 185 248 130 183
116 209 174 103 232 246 234 59 32 239 226 23 222 75 7 57 97 20 79 28 4 215 60 42 153 22 171 95 113 242 211 144 80 13 156 17 145 1 167 195 149 180 16 24 190 219 18 87 118 88 19 160 71 29 58 50 240 142 51 12 2 9 244 204 43 231 104 176 158 66 114 173 21 212 92 46 30 53 169 69 179 164 197 10 216 89 140 192 251 68 11 74 26 133 82 177 49 105 129 187 193 27 6 163 3 38 147 101 165 245 134 47 196 203 121 157 120 67 31 111 36 15 54 25 56 218 109 61 224 237 93 81 235 70 41 128 210 64 175 63 108 122 107 14 151 91 223 233 152 37 40 227 110 76 55 172 115 34 52 84 98 96 8 148 143 72 45 161 254 206 208 65 229 205 170 162 124 62 44 35 123 155 5 48 102 191 119 159 39 146 228 189 247 112 86 127 138 33 125 90 249 198 201 238 131 213 83 73 136 0 126 168 132 99 77 94 181 100 199 236 137 207 184 255 250 214 221 150 182 186 141 243 117 194 202 253 230 139 135 166 154 252 200 85 217 106 78 225 241 220 178 188 185 248 130 183
116 209 174 103 232 246 234 59 32 239 226 23 222 75 7 57 97 20 79 28 4 215 60 42 153 22 171 95 113 242 211 144 80 13 156 17 145 1 167 195 149 180 16 24 190 219 18 87 118 88 19 160 71 29 150 50 240 142 51 12 2 9 244 204 43 231 104 176 158 66 114 173 21 212 92 46 30 53 169 69 179 164 197 10 216 89 140 192 251 68 11 74 26 133 82 177 49 31 129 187 193 27 6 163 3 38 147 101 165 245 134 47 196 203 121 157 120 67 105 111 36 15 54 25 56 218 109 61 224 237 93 81 235 70 41 128 210 64 175 63 108 122 107 14 151 45 223 233 152 37 40 227 110 76 55 172 115 34 52 84 98 96 8 148 143 72 91 161 254 206 208 65 229 205 119 162 124 62 44 35 123 155 5 48 102 191 99 159 39 146 228 189 247 112 86 127 138 33 125 90 249 198 201 238 131 213 83 73 136 0 126 168 132 170 77 94 181 100 199 236 137 207 184 255 250 214 221 58 182 186 141 243 117 194 202 253 230 139 135 166 154 252 200 85 217 106 78 225 241 220 178 188 185 248 130 183
116 209 174 103 232 246 234 59 32 239 248 23 222 60 7 57 97 20 79 28 4 215 75 42 153 22 171 95 113 242 211 144 80 13 156 17 145 1 167 195 149 180 16 24 190 219 18 87 118 88 19 160 71 29 58 50 240 30 51 12 2 9 244 204 43 231 104 176 158 66 114 173 21 68 92 46 142 53 169 69 179 164 197 10 216 89 140 192 251 212 11 74 26 133 82 177 49 105 129 187 193 27 6 163 3 38 147 101 165 245 134 47 196 203 121 157 120 67 31 111 36 15 54 25 56 218 109 61 224 237 93 81 235 70 41 128 210 64 175 63 108 122 107 14 151 91 223 233 152 37 40 227 110 76 55 172 115 34 52 84 98 96 8 148 143 72 45 161 254 206 208 65 229 205 119 162 124 62 44 35 123 155 5 48 102 191 170 159 39 146 228 189 247 112 86 127 138 33 125 90 249 198 201 238 131 213 83 73 136 0 126 168 132 99 77 94 181 100 199 236 137 207 184 255 250 214 221 150 182 186 141 243 117 194 202 253 230 139 135 166 154 252 200 85 217 106 78 225 241 220 178 188 185 226 130 183
116 209 174 103 232 246 234 59 56 239 118 23 151 75 7 57 97 20 79 28 4 215 70 42 153 22 171 95 113 242 211 144 80 13 156 17 145 1 167 195 149 180 16 24 190 219 18 87 226 88 19 160 71 29 58 50 240 142 51 12 2 9 244 204 43 231 104 176 158 66 114 173 21 212 92 46 30 175 169 192 179 164 69 10 216 89 140 228 38 68 11 74 26 133 82 177 49 105 129 187 193 27 6 163 3 52 147 101 165 245 134 47 196 203 121 157 120 67 31 111 36 15 54 25 32 218 109 61 224 237 93 81 235 60 41 128 210 64 53 63 108 132 107 14 222 91 223 233 152 37 40 227 110 76 55 172 115 34 73 84 98 96 8 148 143 72 45 161 254 206 208 65 229 205 119 162 124 62 44 35 123 155 5 48 102 191 170 159 39 146 197 189 247 112 86 127 138 33 125 90 249 198 201 238 131 213 83 214 136 0 126 168 122 99 77 94 181 100 199 236 137 207 184 255 188 251 221 150 182 186 141 243 117 194 202 253 230 139 135 166 154 252 200 85 217 106 78 225 241 220 178 250 185 248 130 183
116 209 174 103 232 246 234 59 56 239 118 23 151 75 7 57 97 20 79 28 4 215 70 42 153 22 171 95 113 242 211 144 80 13 156 17 145 1 167 195 149 180 16 24 190 219 18 87 226 88 19 160 71 29 58 50 240 142 51 12 2 9 244 204 43 231 104 176 158 66 114 173 21 212 92 46 30 175 169 192 179 164 69 10 216 89 140 228 38 68 11 74 26 133 82 177 49 105 129 187 193 27 6 163 3 52 147 101 165 245 134 47 196 203 121 157 120 67 31 111 36 15 54 25 32 218 109 61 224 237 93 81 235 60 41 128 210 64 53 63 108 132 107 14 222 91 223 233 152 37 40 227 110 76 55 172 115 34 73 84 98 96 8 148 143 72 45 161 254 206 208 65 229 205 119 162 124 62 44 35 123 155 5 48 102 191 170 159 39 146 197 189 247 112 86 127 138 33 125 90 249 198 201 238 131 213 83 214 136 0 126 168 122 99 77 94 181 100 199 236 137 207 184 255 250 251 221 150 182 186 141 243 117 194 202 253 230 139 135 166 154 252 200 85 217 106 78 225 241 220 178 188 185 248 130 183
116 209 174 103 232 246 234 59 86 239 118 23 222 75 7 57 97 20 79 28 4 215 60 42 153 22 171 85 113 242 211 144 80 13 156 17 145 1 167 195 149 180 16 178 190 219 18 87 226 88 19 160 71 29 58 50 240 253 51 12 2 9 244 204 43 231 104 176 158 73 114 173 21 212 92 46 30 53 169 197 179 164 69 10 216 89 140 192 66 68 11 74 26 133 82 177 49 105 129 187 193 27 6 163 3 38 147 134 112 245 186 47 52 203 121 157 120 67 31 111 36 15 54 25 56 218 109 61 224 237 93 81 235 70 41 128 210 64 175 63 108 122 107 14 151 91 223 233 152 37 40 227 101 76 55 172 115 34 200 84 98 96 8 148 143 72 45 161 254 206 208 65 229 205 119 162 124 62 44 35 123 155 5 48 102 191 170 159 39 146 228 189 247 110 32 127 138 33 125 90 249 198 201 238 131 213 83 214 136 0 126 168 132 99 77 94 181 100 199 236 137 207 184 255 250 251 221 150 182 165 141 243 117 194 202 142 230 139 135 166 154 252 196 95 217 106 78 225 241 220 24 188 185 248 130 183
116 209 174 103 232 246 234 59 90 239 118 23 222 75 7 57 97 20 79 28 110 66 60 42 153 22 171 95 113 242 211 144 80 13 156 17 145 1 193 195 149 180 16 24 190 69 18 87 226 88 19 160 71 29 58 50 240 142 51 12 2 9 244 204 43 123 104 176 158 215 114 173 21 212 92 46 30 53 169 197 179 220 177 15 216 89 140 192 73 201 11 74 26 133 82 219 49 105 129 187 167 27 6 163 3 32 147 101 112 245 186 47 196 203 121 157 120 67 31 111 36 10 54 25 56 218 109 61 224 237 93 81 235 70 41 128 210 64 175 63 108 122 107 14 151 91 223 233 152 37 40 227 134 76 55 172 115 34 52 84 98 96 8 148 143 72 165 161 254 206 208 65 229 205 119 162 124 62 44 35 231 155 5 48 102 191 170 159 39 146 228 189 247 236 86 127 138 33 125 38 249 198 68 238 131 213 83 214 136 0 126 168 132 99 77 94 181 100 199 4 137 207 184 255 250 230 221 150 182 45 141 243 117 194 202 253 251 139 135 166 154 252 200 85 217 106 78 225 241 164 178 188 185 248 130 183
116 209 174 103 232 246 234 59 90 239 118 23 222 75 7 57 97 20 79 28 110 66 60 42 153 22 171 95 113 242 211 144 80 13 156 17 145 1 193 195 149 180 16 24 190 69 18 87 226 88 19 160 71 29 58 50 240 142 51 12 2 9 244 204 43 123 104 176 158 215 114 173 21 212 92 46 30 53 169 197 179 220 219 15 216 89 140 192 73 201 11 74 26 133 82 177 49 105 129 187 167 27 6 163 3 32 147 101 112 245 186 47 196 203 121 157 120 67 31 111 36 10 54 25 56 218 109 61 224 237 93 81 235 70 41 128 210 64 175 63 108 122 107 14 151 91 223 233 152 37 40 227 134 76 55 172 115 34 52 84 98 96 8 148 143 72 165 161 254 206 208 65 229 205 119 162 124 62 44 35 231 155 5 48 102 191 170 159 39 146 228 189 247 236 86 127 138 33 125 38 249 198 68 238 131 213 83 214 136 0 126 168 132 99 77 94 181 100 199 4 137 207 184 255 250 230 221 150 182 45 141 243 117 194 202 253 251 139 135 166 154 252 200 85 217 106 78 225 241 164 178 188 185 248 130 183
116 209 174 103 232 246 234 59 92 239 118 23 222 75 7 57 97 20 79 28 4 215 60 42 153 22 171 95 113 242 211 144 80 13 156 17 145 1 167 195 149 180 16 24 190 219 159 87 226 88 19 160 71 29 58 50 240 142 51 12 2 9 244 204 43 101 179 176 158 73 114 173 21 68 32 46 30 53 169 197 104 164 69 10 216 89 140 192 66 212 11 74 26 133 39 177 49 105 129 187 218 27 6 163 3 38 147 231 165 245 186 47 196 203 121 157 120 67 31 111 36 15 54 25 56 193 109 61 224 237 93 81 235 70 41 128 210 64 175 63 108 122 107 14 151 91 223 233 152 37 40 227 134 76 55 172 115 34 52 84 98 96 8 148 143 72 45 161 254 206 208 65 229 205 119 162 124 62 44 35 123 155 5 48 102 110 170 18 82 146 228 189 247 112 86 127 138 33 125 90 249 198 201 238 131 213 83 214 136 0 126 168 132 99 77 94 181 100 199 236 137 207 184 255 250 251 221 150 182 191 141 243 117 194 202 253 230 139 135 166 154 252 200 85 217 106 78 225 241 220 178 188 185 248 130 183
116 209 174 103 232 246 234 59 114 239 118 23 222 75 7 57 97 20 79 28 4 215 60 42 153 22 171 95 113 242 211 144 80 13 156 17 145 1 167 195 149 180 16 24 190 219 18 87 226 88 19 160 71 29 58 50 240 142 51 12 2 9 244 204 43 231 104 176 158 66 32 173 21 212 92 46 30 53 169 197 179 164 69 10 216 89 140 192 73 68 11 74 26 133 82 177 49 105 129 187 193 27 6 163 3 38 147 101 110 245 186 47 196 203 121 157 120 67 31 111 36 15 54 25 56 218 109 131 224 237 93 81 235 70 41 128 210 64 175 63 108 122 107 14 151 91 223 233 152 37 40 227 134 76 55 172 115 34 182 84 98 96 8 148 143 72 45 161 254 206 208 65 229 205 119 162 124 62 44 35 123 155 5 48 102 191 170 159 39 146 228 189 247 112 86 127 138 33 125 90 249 198 201 238 61 213 83 214 136 0 126 168 132 99 77 94 181 100 199 236 137 207 184 255 250 251 221 150 52 165 141 243 117 194 202 253 230 139 135 166 154 252 200 85 217 106 78 225 241 220 178 188 185 248 130 183
116 209 174 103 232 246 234 59 156 231 118 23 63 75 7 57 97 20 79 28 4 215 60 42 153 22 171 95 113 242 211 144 80 13 32 17 145 1 230 195 149 180 16 24 190 219 18 87 226 88 19 160 71 29 58 50 240 142 51 12 2 9 244 204 43 239 104 176 158 66 235 38 21 212 92 46 30 53 169 197 179 49 69 10 216 89 140 192 173 68 11 74 26 133 82 177 164 105 129 187 193 27 6 78 3 52 147 101 165 245 186 47 196 203 121 157 120 67 31 111 36 15 54 25 56 218 109 61 224 237 93 81 114 70 41 128 210 64 175 222 108 122 107 14 151 91 223 233 152 37 40 227 110 76 55 172 115 34 45 84 98 96 8 148 143 72 252 161 254 206 208 65 229 205 119 162 124 62 44 35 123 155 5 48 102 191 170 159 39 146 228 189 247 112 86 127 138 33 125 90 249 198 201 238 131 213 83 73 136 0 126 168 132 99 130 94 181 100 199 236 137 207 184 255 250 251 221 150 182 134 141 243 117 194 202 253 167 139 135 166 154 214 200 85 217 106 163 225 241 220 178 188 185 248 77 183
116 209 174 103 232 246 234 59 156 231 118 23 63 75 7 57 97 20 79 28 4 215 60 42 153 22 171 95 113 242 211 144 80 13 32 17 145 1 230 195 149 180 16 24 190 219 18 87 226 88 19 160 71 29 58 50 240 142 51 12 2 9 244 204 43 239 104 176 158 66 235 38 21 212 92 46 30 53 169 197 179 49 69 10 216 89 140 192 173 68 11 74 26 133 177 82 164 105 129 187 193 27 6 78 3 52 147 101 165 245 186 47 196 203 121 157 120 67 31 111 36 15 54 25 56 218 109 61 224 237 93 81 114 70 41 128 210 64 175 222 108 122 107 14 151 91 223 233 152 37 40 227 110 76 55 172 115 34 45 84 98 96 8 148 143 72 252 161 254 206 208 65 229 205 119 162 124 62 44 35 123 155 5 48 102 191 170 159 39 146 228 189 247 112 86 127 138 33 125 90 249 198 201 238 131 213 83 73 136 0 126 168 132 99 130 94 181 100 199 236 137 207 184 255 250 251 221 150 182 134 141 243 117 194 202 253 167 139 135 166 154 214 200 85 217 106 163 225 241 220 178 188 185 248 77 183
116 209 174 103 232 246 234 153 32 239 118 23 222 75 7 57 97 20 79 28 4 215 60 42 59 22 171 95 113 242 211 144 80 13 156 17 145 1 167 195 149 180 16 24 190 219 18 87 226 88 19 160 71 29 58 50 240 142 51 12 2 9 244 204 43 38 104 176 158 66 114 173 21 212 61 46 243 53 169 197 179 164 69 10 216 89 140 192 251 68 11 74 26 133 82 177 49 105 129 3 193 27 6 163 187 231 147 101 165 245 186 47 196 203 121 157 120 67 31 111 36 15 54 25 56 218 109 184 224 237 93 81 235 70 41 128 210 64 175 63 108 122 107 14 151 91 223 233 152 37 40 227 110 76 55 172 115 34 134 84 98 96 8 148 143 72 45 161 254 206 208 65 229 205 119 162 124 62 44 35 123 155 5 48 102 191 170 159 39 146 228 189 247 112 86 127 138 33 125 90 249 198 201 238 131 213 83 73 136 0 126 168 132 99 77 94 181 100 199 236 137 207 92 255 250 214 221 150 182 52 141 30 117 194 202 253 230 139 135 166 154 252 200 85 217 106 78 225 241 220 178 188 185 248 130 183
116 209 174 103 232 246 234 163 32 239 118 23 222 75 7 57 97 20 79 28 4 215 60 42 153 22 171 219 43 242 211 144 80 13 156 175 145 1 167 195 149 180 16 24 190 95 18 87 226 88 19 160 71 29 58 50 240 142 51 12 2 9 244 204 113 231 104 176 158 73 114 173 21 212 92 46 30 53 169 197 179 164 243 10 216 89 140 192 66 68 11 74 26 133 82 177 49 105 129 187 193 27 6 59 3 38 147 101 165 245 186 47 196 203 121 157 120 67 17 111 36 15 54 25 56 218 109 61 224 237 93 81 235 70 41 128 210 64 31 63 108 122 107 14 151 91 223 233 152 37 40 227 134 76 55 172 115 34 52 84 98 96 8 148 143 72 45 161 254 206 208 65 229 205 119 162 124 62 44 181 123 155 5 48 102 191 170 159 39 146 228 189 247 112 86 127 138 33 125 90 249 198 201 238 131 213 83 214 136 0 110 168 132 99 77 94 35 100 199 236 137 207 184 126 250 251 221 150 182 255 141 69 117 194 202 253 230 139 135 166 154 252 200 85 217 106 78 225 241 220 178 188 185 248 130 183
116 209 196 103 232 246 234 59 24 239 118 23 63 75 7 57 97 20 79 28 4 215 60 42 153 22 171 95 113 242 211 144 80 13 156 17 145 1 167 195 149 180 16 32 190 219 18 87 226 88 19 160 71 29 58 50 240 30 51 12 2 9 244 204 43 231 104 176 158 66 114 173 21 212 92 46 142 53 169 197 179 164 69 10 216 89 140 192 38 68 11 74 26 133 82 177 49 105 129 187 193 27 6 163 3 52 147 101 165 245 186 47 174 203 121 157 120 67 31 111 36 15 54 25 56 218 109 61 224 237 93 81 235 70 41 128 210 64 175 222 108 122 107 14 151 91 223 233 152 37 40 227 110 76 55 172 115 34 252 84 98 96 8 148 143 72 45 161 254 206 208 65 229 205 119 162 124 62 44 35 123 155 5 48 102 191 170 159 39 146 228 189 247 112 86 127 138 33 125 90 249 198 201 238 131 213 83 73 136 0 126 168 132 99 77 94 181 100 199 236 137 207 184 255 250 251 221 150 182 134 141 243 117 194 202 253 230 139 135 166 154 214 200 85 217 106 78 225 241 220 178 188 185 248 130 183
120 209 174 103 232 246 234 59 32 239 118 23 222 75 8 57 97 20 79 28 4 215 60 42 153 22 171 95 113 242 211 144 80 13 156 17 145 231 167 15 149 180 16 24 190 219 18 87 226 88 19 46 71 29 58 50 240 241 51 12 2 9 244 204 43 101 104 176 158 66 114 173 21 212 92 160 30 89 169 197 179 164 127 10 216 53 140 192 73 68 11 74 26 133 82 177 49 105 129 69 193 27 6 163 3 38 147 1 116 245 186 47 196 203 121 157 191 67 31 111 36 199 54 25 56 218 109 61 224 237 93 81 235 52 41 128 210 64 175 63 72 122 107 14 151 91 223 233 152 37 40 44 134 76 55 172 115 34 70 84 227 96 7 148 143 108 45 161 254 206 208 65 229 205 119 162 124 62 98 35 123 155 5 48 102 110 132 159 39 146 228 189 247 112 86 187 138 33 125 90 249 198 201 238 131 213 83 214 136 106 126 168 170 99 77 94 181 100 195 236 137 207 184 255 250 251 221 150 182 165 141 243 117 194 202 253 230 139 135 166 154 252 200 85 217 0 78 225 142 220 178 188 185 248 130 183
123 209 174 103 232 246 234 59 32 239 118 23 222 75 7 57 97 20 79 28 4 215 60 42 153 22 171 95 113 242 211 144 80 13 156 17 145 1 167 195 149 180 16 24 190 219 18 87 226 88 19 160 71 29 58 50 240 142 51 12 2 9 244 204 43 231 104 176 158 253 114 173 21 212 92 46 30 53 169 197 179 164 69 10 216 89 140 192 73 68 11 74 26 133 82 177 49 105 129 187 193 27 6 163 3 38 147 101 116 245 186 47 196 203 121 157 120 67 31 202 36 15 54 25 56 218 109 61 224 237 134 81 235 70 41 128 210 64 175 63 108 122 107 14 151 91 223 233 152 37 40 227 93 76 55 172 115 34 52 84 98 96 8 148 143 72 45 161 254 206 208 65 229 205 119 162 124 62 44 35 110 155 5 48 102 191 170 159 39 146 228 189 247 112 86 127 138 33 125 90 249 198 201 238 131 213 83 214 136 0 126 168 132 99 77 94 181 100 199 236 137 207 184 255 250 251 221 150 182 165 141 243 117 194 111 66 230 139 135 166 154 252 200 85 217 106 78 225 241 220 178 188 185 248 130 183
137 196 3 22 17 114 97 29 15 221 227 24 177 11 122 253 5 28 204 0 168 2 151 231 130 214 1 176 4 52 68 13 173 125 107 25 8 224 37 182 32 226 27 20 193 65 59 6 63 245 203 205 85 14 19 58 229 159 38 102 41 191 108 42 56 36 202 127 133 71 179 197 207 95 255 199 248 30 251 73 31 115 47 109 44 123 185 220 78 35 43 164 183 129 118 51 83 55 218 80 165 49 101 18 135 143 235 116 117 40 186 228 82 89 110 208 54 181 74 180 77 198 211 33 9 239 105 152 192 23 155 16 171 156 242 64 81 86 240 87 48 75 174 34 212 46 62 146 254 53 121 67 167 234 88 61 111 169 104 79 106 172 128 69 70 91 158 236 237 233 92 215 45 222 132 100 7 194 170 200 157 50 160 98 12 90 120 145 163 66 136 219 241 21 140 94 138 246 119 230 93 217 161 126 210 103 141 139 162 76 112 189 153 244 147 175 144 99 149 201 225 178 26 60 134 223 131 166 195 232 150 216 39 188 187 206 250 243 72 247 84 190 57 148 209 249 184 124 154 142 252 96 10 238 213 113
177 113 213 236 251 43 218 194 8 28 7 157 1 220 10 61 255 108 154 83 11 175 148 12 225 214 18 5 183 19 219 237 98 118 172 180 20 16 74 254 105 195 103 239 82 140 78 17 129 46 191 152 147 253 51 162 159 204 27 75 73 91 178 76 121 24 208 9 122 231 48 228 133 155 199 50 90 26 34 163 151 132 119 88 233 14 42 80 102 111 0 44 158 81 63 40 96 232 36 134 22 205 171 45 70 54 30 37 71 41 168 25 149 3 196 93 31 64 6 125 59 15 176 139 33 112 47 49 167 115 248 2 120 72 67 32 193 79 197 235 202 52 101 160 207 243 156 87 244 123 185 85 141 136 188 23 221 234 109 4 104 69 174 169 230 217 190 240 56 66 211 200 226 186 29 130 238 53 21 142 38 144 39 165 198 124 117 65 68 166 252 60 86 95 203 62 106 250 114 58 210 55 182 107 13 146 94 35 164 229 241 57 215 189 92 246 110 100 127 209 212 179 161 173 153 126 242 97 128 224 77 143 192 184 216 201 227 150 245 138 187 170 116 135 131 222 223 84 137 249 247 206 89 99 145 181
177 113 213 236 251 43 218 194 8 28 7 157 1 220 10 89 255 108 154 83 11 175 148 12 225 214 18 5 183 19 219 237 98 118 172 180 20 16 74 254 105 195 103 239 82 140 78 17 129 46 191 15 147 253 51 162 159 204 27 75 73 91 178 76 121 24 208 9 122 231 48 228 133 155 199 50 90 26 34 163 151 176 119 88 233 14 42 80 102 111 0 44 158 33 63 40 96 232 36 134 22 205 171 45 70 54 29 37 71 41 168 25 149 3 196 93 31 64 6 125 59 152 2 139 222 112 47 49 167 115 248 132 120 72 67 32 160 79 197 235 211 52 101 193 207 243 156 87 244 123 226 85 66 136 188 23 221 234 109 4 104 69 174 169 230 217 190 240 56 141 202 200 185 186 30 130 238 53 21 142 38 144 39 165 198 124 117 65 68 166 252 60 86 95 203 62 106 250 114 58 210 55 182 107 13 146 94 35 164 229 241 57 215 189 92 246 110 100 127 209 212 179 161 173 153 126 242 97 128 224 77 143 192 184 216 201 227 150 245 138 187 170 116 135 131 81 223 84 137 249 247 206 61 99 145 181
191 209 174 103 232 246 234 59 32 239 118 23 115 75 7 57 226 20 79 28 4 215 60 42 153 22 171 95 113 242 211 144 80 13 156 17 145 1 167 195 149 180 16 24 190 219 18 87 97 88 19 160 71 29 58 50 240 142 51 12 2 9 110 204 243 231 104 176 158 253 114 173 21 212 92 46 30 53 169 197 179 164 69 10 216 89 140 192 73 68 11 74 26 133 82 177 49 105 129 187 193 27 6 163 3 38 147 101 116 245 186 47 196 203 121 157 120 67 31 111 36 15 54 25 56 218 109 61 224 237 93 81 235 70 41 128 210 64 175 63 108 122 107 14 151 91 223 233 152 37 40 227 134 76 55 172 222 34 52 84 98 96 8 148 143 72 45 161 254 206 208 65 229 205 119 162 124 62 44 35 123 155 5 48 102 244 170 159 39 146 228 189 247 112 86 127 138 33 125 90 249 198 201 238 131 213 83 214 136 0 126 168 132 99 77 94 181 100 199 236 137 207 184 255 250 251 221 150 182 165 141 43 117 194 202 66 230 139 135 166 154 252 200 85 217 106 78 225 241 220 178 188 185 248 130 183
191 209 174 103 232 246 234 59 32 239 118 23 115 75 7 57 226 20 79 28 4 215 60 42 153 22 171 95 113 242 211 144 80 13 156 17 145 1 167 195 149 180 16 24 190 219 188 87 97 88 19 160 71 29 58 50 240 142 51 12 2 9 110 204 243 231 104 176 158 253 114 173 21 212 92 46 30 53 169 197 179 164 69 10 216 89 140 192 73 68 11 74 26 133 82 177 49 105 129 187 193 27 6 163 3 38 147 101 116 245 186 47 196 203 121 157 120 67 31 111 36 15 54 25 56 218 109 61 224 237 93 81 235 70 41 128 210 64 175 63 108 122 107 14 151 91 223 233 152 37 40 227 134 76 55 172 222 34 52 84 98 96 8 148 143 72 45 161 254 206 208 65 229 205 119 162 124 62 44 35 123 155 5 48 102 244 170 159 39 146 228 189 247 112 86 127 138 33 125 90 249 198 201 238 131 213 83 214 136 0 126 168 132 99 77 94 181 100 199 236 137 207 184 255 250 251 221 150 182 165 141 43 117 194 202 66 230 139 135 166 154 252 200 85 217 106 78 225 241 220 178 18 185 248 130 183
191 209 174 103 232 246 234 59 32 239 118 23 222 75 7 57 97 20 79 28 4 215 60 42 153 22 35 95 113 242 211 144 80 13 156 17 145 1 167 195 149 180 16 24 190 219 18 87 226 88 19 160 71 29 58 50 240 142 51 12 2 9 244 204 43 231 104 176 158 66 114 173 21 212 92 46 30 53 169 197 179 164 69 10 216 89 140 192 73 68 11 74 26 133 82 177 49 105 129 187 193 27 6 163 3 38 147 101 116 245 186 47 196 203 121 157 120 67 31 111 36 15 54 25 56 218 109 61 224 237 93 81 235 70 41 128 210 64 175 63 108 122 107 14 151 91 223 233 152 37 40 227 134 76 55 172 115 34 52 84 98 96 8 148 143 72 45 161 254 206 208 65 229 205 119 162 124 62 44 171 123 155 5 48 102 182 170 159 39 146 228 189 247 112 86 127 138 33 125 90 249 198 201 238 131 213 83 214 136 0 126 168 132 99 77 94 181 100 199 236 137 207 184 255 250 251 221 150 110 165 141 243 117 194 202 253 230 139 135 166 154 252 200 85 217 106 78 225 241 220 178 188 185 248 130 183
191 209 174 103 232 246 234 59 32 239 118 23 222 75 7 57 97 20 79 28 4 215 60 42 153 22 35 95 113 242 211 144 80 13 156 17 145 1 167 195 149 180 16 24 190 219 18 87 226 88 19 160 71 29 58 50 240 142 51 12 2 9 244 204 43 231 104 176 158 66 114 173 21 212 92 46 74 53 169 197 179 164 69 10 216 89 140 192 73 68 11 30 26 133 82 177 49 105 129 187 193 27 6 163 3 38 147 101 116 245 186 47 196 203 121 157 120 67 31 111 36 15 54 25 56 218 109 61 224 237 93 81 235 70 41 128 210 64 175 63 108 122 107 14 151 91 223 233 152 37 40 227 134 76 55 172 115 34 52 84 98 96 8 148 143 72 45 161 254 206 208 65 229 205 119 162 124 62 44 171 123 155 5 48 102 182 170 159 39 146 228 189 247 112 86 127 138 33 125 90 249 198 201 238 131 213 83 214 136 0 126 168 132 99 77 94 181 100 199 236 137 207 184 255 250 251 221 150 110 165 141 243 117 194 202 253 230 139 135 166 154 252 200 85 217 106 78 225 241 220 178 188 185 248 130 183
191 209 174 103 232 246 234 59 32 239 118 23 222 75 7 57 97 20 79 28 4 215 60 42 153 22 171 95 113 242 211 144 80 13 156 17 145 1 167 195 149 180 16 24 190 219 18 87 226 88 19 160 71 29 58 50 240 142 51 12 2 9 244 204 43 231 104 176 158 36 114 173 21 212 92 46 30 53 169 197 179 164 69 10 216 89 140 192 73 68 11 74 26 133 82 177 49 105 129 187 193 27 6 163 3 38 147 101 116 245 186 47 196 203 121 157 120 67 31 111 225 15 54 25 56 218 109 61 224 237 93 81 235 70 41 128 210 64 175 63 108 122 107 14 151 91 223 233 152 37 40 227 134 76 55 172 115 34 52 84 98 96 8 148 143 72 45 161 254 206 208 65 229 205 119 162 124 62 44 35 123 155 5 48 102 110 170 159 39 146 228 189 247 112 86 127 138 33 125 90 249 198 201 238 131 213 83 214 136 0 126 168 132 78 77 94 181 100 199 236 137 207 184 255 250 221 251 150 182 165 141 243 117 194 202 66 230 139 135 166 154 252 200 85 217 106 99 253 241 220 178 188 185 248 130 183
191 209 174 103 232 246 234 59 32 239 118 23 222 75 7 57 97 20 79 28 4 215 60 42 153 22 171 95 113 242 211 144 80 13 156 17 145 1 167 195 149 180 16 24 190 219 18 87 226 88 19 160 71 29 58 50 240 142 51 12 2 9 244 204 43 231 104 176 158 253 114 173 21 212 92 46 30 53 169 197 110 164 69 10 216 89 140 192 66 68 11 74 26 133 82 177 49 105 129 187 193 27 6 163 3 38 147 101 116 245 186 47 196 203 121 157 120 67 31 111 36 15 54 25 56 218 109 61 224 237 93 81 235 70 41 128 210 64 175 63 108 122 107 14 151 91 223 233 152 37 40 227 134 76 55 172 115 34 52 84 98 96 8 148 143 72 45 161 254 206 208 65 229 205 119 162 124 62 44 35 123 112 5 48 102 179 170 159 39 146 228 189 247 155 86 127 138 33 125 90 249 198 201 238 131 213 83 214 136 0 126 168 132 99 77 94 181 100 199 236 137 207 184 255 250 251 221 150 182 165 141 243 117 194 202 73 230 139 135 166 154 252 200 85 217 106 78 225 241 220 178 188 185 248 130 183
191 209 174 103 232 246 234 59 32 239 118 23 222 75 7 57 97 20 79 28 4 215 60 42 153 22 171 95 113 242 211 144 80 13 156 17 145 1 167 195 149 180 16 24 190 219 18 87 226 88 19 160 71 29 58 50 240 142 51 12 2 9 244 204 43 231 104 176 158 253 114 173 21 212 92 46 30 53 169 197 110 164 69 10 216 89 140 192 66 68 11 74 26 133 82 177 49 105 129 187 193 27 6 163 3 38 147 101 116 245 186 47 196 203 121 157 120 67 31 111 36 84 54 25 56 218 109 61 224 237 93 81 235 70 41 128 210 64 175 63 108 122 107 14 151 91 223 233 152 37 40 227 134 76 55 172 115 34 52 15 98 96 8 148 143 72 45 161 254 206 208 65 229 205 119 162 124 62 44 35 123 112 5 48 102 179 170 159 39 146 228 189 247 155 86 127 138 33 125 90 249 198 201 238 131 213 83 214 136 0 126 168 132 99 77 94 181 100 199 236 137 207 184 255 250 251 221 150 182 165 141 243 117 194 202 73 230 139 135 166 154 252 200 85 217 106 78 225 241 220 178 188 185 248 130 183
191 209 174 103 232 246 234 59 32 239 118 23 222 75 7 57 97 20 79 28 4 215 60 42 153 22 171 95 113 242 211 144 80 13 156 17 145 1 167 195 149 180 16 24 190 219 18 87 226 88 19 160 71 29 58 50 240 142 51 12 2 9 244 204 43 231 104 176 158 253 114 173 21 212 92 46 30 53 169 197 179 164 69 10 216 89 140 192 66 68 11 74 26 133 82 177 49 105 129 187 193 27 6 112 3 38 147 101 116 245 186 47 196 203 121 157 120 67 31 111 36 15 54 25 56 218 109 61 224 237 93 81 235 70 41 128 210 64 45 63 108 122 107 14 151 91 223 233 152 37 40 227 134 76 55 172 115 34 52 84 98 96 8 148 143 72 175 161 254 206 208 65 229 205 119 162 124 62 44 35 123 163 5 48 102 110 170 159 39 146 228 189 247 155 86 127 138 33 125 90 249 198 201 238 131 213 83 214 136 0 126 168 132 99 77 94 181 100 199 236 137 207 184 255 250 251 221 150 182 165 141 243 117 194 202 73 230 139 135 166 154 252 200 85 217 106 78 225 241 220 178 188 185 248 130 183
191 209 174 103 232 246 234 59 32 239 118 23 222 75 7 57 97 20 79 28 4 215 60 42 153 22 171 95 113 242 211 144 80 13 156 17 145 1 167 195 149 180 16 24 190 219 18 87 226 88 19 160 71 29 58 50 240 142 51 12 2 9 244 204 43 231 104 176 158 253 114 173 21 212 92 46 30 53 169 197 179 164 69 10 216 89 140 192 66 68 11 74 26 133 82 177 49 105 129 187 193 27 6 112 3 38 147 101 116 245 186 47 196 203 121 157 120 67 31 111 36 15 54 25 56 218 109 61 224 237 93 81 235 70 41 128 210 64 175 63 108 122 107 14 151 91 223 233 152 37 40 227 134 76 55 172 115 34 52 84 98 96 8 148 143 72 45 161 254 206 208 65 229 205 119 162 124 62 44 35 123 163 5 48 102 110 170 159 39 146 228 189 247 155 86 127 138 33 125 90 249 198 201 238 131 213 83 214 136 0 126 168 132 99 77 94 181 100 199 236 137 207 184 255 250 251 221 150 182 165 141 243 117 194 202 73 230 139 135 166 154 252 200 85 217 106 78 225 241 220 178 188 185 248 130 183
191 209 174 103 232 246 234 59 32 239 118 23 222 75 7 57 97 20 79 28 4 215 60 42 153 22 171 95 113 242 211 144 80 13 156 17 145 1 167 195 149 180 16 24 190 219 18 87 226 88 19 160 71 29 58 50 240 142 51 12 2 9 244 204 43 231 104 176 158 253 114 173 21 212 92 46 30 53 169 197 179 164 69 10 216 89 140 192 66 68 11 74 26 133 82 177 49 105 129 187 193 27 6 163 3 38 147 101 116 245 186 47 196 203 121 157 120 67 31 111 36 15 54 25 56 218 109 61 224 237 93 81 235 70 41 128 210 64 175 63 108 122 107 14 151 91 223 233 152 37 40 227 134 76 55 172 115 34 52 84 98 96 8 148 143 72 45 161 254 206 208 65 229 205 119 162 124 62 44 35 123 112 5 48 102 110 170 159 39 146 228 189 247 155 86 127 138 33 125 90 249 198 201 238 131 213 83 214 136 0 126 168 132 99 77 94 181 100 199 236 137 207 184 255 250 251 221 150 182 165 141 243 117 194 202 73 230 139 135 166 154 252 200 85 217 106 78 225 241 220 178 188 185 248 130 183
191 209 174 103 232 246 234 59 32 239 118 23 222 75 7 57 97 20 79 28 4 215 60 42 153 22 171 95 113 242 211 144 80 13 156 17 145 1 167 195 149 180 16 24 190 219 18 87 226 88 19 160 71 29 58 50 240 142 51 12 2 9 244 204 43 231 104 176 158 253 114 173 21 212 92 46 30 53 169 197 179 164 69 10 216 89 140 192 73 68 11 74 26 133 82 177 49 105 129 187 193 27 6 163 3 38 147 101 116 245 186 47 196 203 121 157 120 67 31 111 36 15 54 25 56 218 109 61 224 237 93 81 235 70 41 128 210 64 175 63 108 122 107 14 151 91 223 233 152 37 40 227 134 76 55 172 115 34 52 84 98 96 8 148 143 72 66 161 254 206 208 65 229 205 119 162 124 62 44 35 123 155 5 48 102 198 170 159 39 146 228 189 247 112 86 127 138 33 125 90 249 110 201 238 131 213 83 214 136 0 126 168 132 99 77 94 181 100 199 236 137 207 184 255 250 251 221 150 182 165 141 243 117 194 202 45 230 139 135 166 154 252 200 85 217 106 78 225 241 220 178 188 185 248 130 183
191 209 174 103 232 246 234 59 32 239 118 23 222 75 7 57 97 20 79 28 4 215 60 42 153 22 171 95 113 242 211 144 80 13 156 17 145 1 167 195 149 180 16 24 190 219 18 87 226 88 19 160 71 29 58 50 240 142 51 12 2 9 244 204 43 231 104 176 158 253 114 173 21 212 92 46 30 53 169 197 179 164 69 10 216 89 140 192 73 68 11 74 26 133 82 177 49 105 129 187 193 27 6 163 3 38 147 101 116 245 186 47 196 203 121 157 120 67 31 111 225 15 54 25 56 218 109 61 224 237 93 81 235 70 41 128 210 64 175 63 108 122 107 14 151 91 223 233 152 37 40 227 134 76 55 172 115 34 52 84 98 96 8 148 143 72 45 161 254 206 208 65 229 205 119 162 124 62 44 35 123 155 5 48 102 110 170 159 39 146 228 189 247 112 86 127 138 33 125 90 249 198 201 238 131 213 83 214 136 0 126 168 132 78 77 94 181 100 199 236 137 207 184 255 250 221 251 150 182 165 141 243 117 194 202 66 230 139 135 166 154 252 200 85 217 106 99 36 241 220 178 188 185 248 130 183
191 209 174 103 232 246 234 59 32 239 118 23 222 75 7 57 97 20 79 28 4 215 60 42 153 22 171 95 113 242 211 144 80 13 156 17 145 1 167 195 149 180 47 24 190 219 18 87 226 88 19 160 71 29 58 50 240 142 51 12 2 9 244 204 43 231 104 176 158 253 114 173 21 212 92 46 30 53 169 197 110 164 69 10 216 89 140 192 66 68 11 74 26 133 82 177 49 105 129 187 193 27 6 163 3 38 147 101 116 245 186 16 196 203 121 157 120 67 31 111 36 84 54 25 56 218 109 61 224 237 93 81 235 70 41 128 210 64 175 63 108 122 107 14 151 91 223 233 152 37 40 227 134 76 55 172 115 34 52 15 98 96 8 148 143 72 45 161 254 206 208 65 229 205 119 162 124 62 44 35 123 112 5 48 102 179 170 159 39 146 228 189 247 155 86 127 138 33 125 90 249 198 201 238 131 213 83 214 136 0 126 168 132 99 77 94 181 100 199 236 137 207 184 255 250 251 221 150 182 165 141 243 117 194 202 73 230 139 135 166 154 252 200 85 217 106 78 225 241 220 178 188 185 248 130 183
191 209 174 103 232 246 234 59 32 239 118 23 222 75 7 57 97 20 79 28 4 215 60 42 153 22 171 95 113 242 211 144 80 13 163 17 145 1 167 195 149 180 16 24 190 219 18 87 226 88 19 160 71 29 58 50 240 142 51 12 2 9 244 204 43 231 104 176 158 253 114 173 21 212 92 46 30 53 169 197 179 164 69 10 216 89 140 192 73 68 11 74 26 133 82 177 49 105 129 187 193 27 6 156 3 38 147 101 116 245 186 47 196 203 121 157 120 67 31 111 36 15 54 25 56 218 109 61 224 237 93 81 235 70 41 128 210 64 175 63 108 122 107 14 151 91 223 233 152 37 40 227 134 76 55 172 115 34 52 84 98 96 8 148 143 72 66 161 254 206 208 65 229 205 119 162 124 62 44 35 123 155 5 48 102 198 170 159 39 146 228 189 247 112 86 127 138 33 125 90 249 110 201 238 131 213 83 214 136 0 126 168 132 99 77 94 181 100 199 236 137 207 184 255 250 251 221 150 182 165 141 243 117 194 202 45 230 139 135 166 154 252 200 85 217 106 78 225 241 220 178 188 185 248 130 183
191 209 174 103 232 246 234 59 32 239 118 23 222 75 7 57 97 20 79 28 4 215 60 42 153 22 221 95 113 242 211 144 80 13 156 17 145 1 167 195 149 180 16 24 190 219 18 87 226 88 19 160 71 29 58 50 240 142 51 12 2 9 244 204 43 231 104 176 158 66 114 173 21 212 92 46 30 53 169 197 179 164 69 10 216 89 140 192 73 68 11 74 26 133 82 177 49 105 129 187 193 27 6 163 3 38 147 101 116 245 186 47 196 203 121 157 120 67 31 111 36 15 54 25 56 218 109 61 72 237 93 81 235 238 41 128 210 64 175 63 108 122 107 14 151 91 223 233 152 37 40 227 134 76 55 172 115 34 52 84 98 96 8 148 143 224 45 161 254 206 208 65 229 205 119 162 124 62 44 35 123 155 5 48 102 110 170 159 39 146 228 189 247 112 86 127 138 33 125 90 249 198 201 70 131 213 83 214 136 0 126 168 132 99 77 94 181 100 199 236 137 207 184 255 250 251 171 150 182 165 141 243 117 194 202 253 230 139 135 166 154 252 200 85 217 106 78 225 241 220 178 188 185 248 130 183
191 209 174 103 232 246 234 59 238 239 118 23 222 75 7 57 97 20 79 28 4 215 60 42 153 22 171 95 113 242 211 144 80 13 156 17 145 1 167 195 149 180 16 24 190 219 18 87 226 88 19 160 71 29 58 50 240 142 51 12 2 9 244 204 43 231 104 176 158 253 114 173 21 212 92 46 74 53 169 197 179 164 69 10 216 89 140 192 73 68 11 30 26 133 82 177 49 105 107 187 193 27 6 163 3 38 147 101 116 245 186 47 196 203 121 157 120 67 31 111 36 15 54 25 56 218 109 61 224 237 93 81 235 70 41 128 210 64 175 63 108 122 129 14 151 91 223 233 152 37 40 227 134 76 55 172 115 34 52 84 98 96 8 148 143 72 45 161 254 206 208 65 229 205 119 162 124 62 44 35 123 155 5 48 102 110 170 159 39 146 228 189 247 112 86 127 138 33 125 90 249 198 201 32 131 213 83 214 136 0 126 168 132 99 77 94 181 100 199 236 137 207 184 255 250 251 221 150 182 165 141 243 117 194 202 66 230 139 135 166 154 252 200 85 217 106 78 225 241 220 178 188 185 248 130 183
195 168 3 22 17 114 97 29 15 221 227 24 177 137 122 253 5 28 204 0 135 2 201 231 130 214 131 176 4 52 68 13 173 125 107 25 8 224 37 182 32 226 27 20 193 65 59 6 63 245 203 205 85 14 19 58 229 159 38 102 41 191 108 42 56 36 44 127 133 71 179 197 99 95 255 199 248 30 251 73 31 115 47 109 202 123 185 220 78 35 43 164 183 1 118 128 83 146 218 80 165 49 101 18 196 143 235 116 117 40 129 228 82 89 110 208 54 181 74 180 77 198 211 33 9 239 45 158 192 23 155 16 171 156 242 64 81 86 240 87 48 75 174 34 212 46 62 55 254 53 121 67 167 234 88 61 111 169 104 79 106 172 51 69 70 91 152 236 237 233 92 215 105 222 132 100 7 194 170 200 157 50 160 98 12 90 120 145 163 66 136 175 241 21 140 94 138 246 119 230 93 217 161 126 210 76 141 139 162 103 112 189 153 244 147 186 144 207 149 151 225 178 26 60 134 223 219 166 11 232 150 216 39 188 187 206 243 250 72 247 84 190 57 148 209 249 184 124 154 142 252 96 10 238 213 113
195 168 3 22 17 114 97 29 15 221 227 24 177 137 122 253 5 28 204 0 135 2 201 231 130 214 131 176 4 52 68 13 173 125 107 25 8 224 37 182 32 226 27 20 193 65 59 6 63 245 203 205 85 14 19 58 229 159 38 102 41 191 108 42 56 36 202 127 133 71 179 197 99 95 255 199 248 30 251 73 31 115 47 109 44 123 185 220 78 35 43 164 183 1 118 128 83 146 218 80 165 49 101 18 196 143 235 116 117 40 129 228 82 89 110 208 54 181 74 180 77 198 211 33 9 239 45 158 192 23 155 16 171 156 242 64 81 86 240 87 48 75 174 34 212 46 62 55 254 53 121 67 167 234 88 61 111 169 104 79 106 172 51 69 70 91 152 236 237 233 92 215 105 222 132 100 7 194 170 200 157 50 160 98 12 90 120 145 163 66 136 175 241 21 140 94 138 246 119 230 93 217 161 126 210 76 141 139 162 103 112 189 153 244 147 186 144 207 149 151 225 178 26 60 134 223 219 166 11 232 150 216 39 188 187 206 243 250 72 247 84 190 57 148 209 249 184 124 154 142 252 96 10 238 213 113
195 168 3 22 17 114 97 29 15 221 227 24 177 137 122 253 5 28 204 0 135 2 201 231 130 214 131 176 4 52 68 13 173 125 107 25 8 224 37 182 32 226 27 20 193 65 59 6 63 245 203 205 85 14 19 171 229 159 38 102 41 191 108 42 56 36 44 127 133 71 179 197 99 95 255 199 248 30 251 73 31 115 47 109 202 123 185 220 78 35 43 164 183 1 118 128 83 146 218 80 165 49 101 18 196 143 235 116 117 40 129 228 82 89 9 208 54 181 74 180 77 198 211 33 110 239 45 158 192 23 155 16 58 156 242 64 81 86 240 87 48 75 174 34 212 46 62 55 254 53 121 67 167 234 88 61 111 169 104 79 106 172 51 69 70 91 152 236 237 233 92 215 105 222 132 100 7 194 170 200 157 50 160 98 12 90 120 145 163 66 136 175 241 21 140 94 138 246 119 230 93 217 161 126 210 76 141 139 162 103 112 189 153 244 147 186 144 207 149 151 225 178 26 60 134 223 219 166 11 232 150 216 39 188 187 206 243 250 72 247 84 190 57 148 209 249 184 124 154 142 252 96 10 238 213 113
195 168 3 22 17 114 97 29 15 221 227 24 177 137 122 253 5 28 204 0 135 2 201 231 130 214 131 176 4 52 68 13 173 125 107 25 8 224 37 182 32 226 27 20 193 65 59 6 63 245 203 205 85 14 19 171 229 159 38 102 41 191 108 42 56 36 44 127 133 71 179 197 99 95 255 199 248 30 251 73 31 115 47 109 202 123 185 220 78 35 43 164 183 1 118 128 83 146 218 80 165 49 101 18 196 143 235 116 117 40 129 228 82 89 9 208 54 181 74 180 77 198 211 33 110 239 45 158 192 23 155 16 58 156 242 64 81 86 240 87 48 75 174 34 212 46 62 55 254 53 121 67 167 234 88 61 111 169 104 79 106 172 51 69 70 91 152 236 237 233 92 215 105 222 132 100 7 194 170 200 157 50 160 98 12 90 120 145 163 66 136 175 241 21 140 94 138 246 119 230 93 217 161 126 210 76 141 139 162 232 112 189 153 244 147 186 144 207 149 151 225 178 26 60 134 223 219 166 11 103 150 216 39 188 187 206 243 250 72 247 84 190 57 148 209 249 184 124 154 142 252 96 10 238 213 113
197 209 174 103 232 246 234 59 32 253 118 23 222 75 7 57 97 20 79 28 4 215 60 42 153 22 171 95 113 242 211 144 80 13 156 17 145 1 167 195 149 180 16 24 190 219 18 87 226 88 19 160 71 29 58 239 240 142 51 12 2 9 244 204 43 231 104 176 158 66 114 173 21 212 92 46 30 53 169 191 110 164 69 10 216 89 140 192 73 50 11 74 26 133 82 177 49 105 129 187 193 27 6 163 3 38 147 101 116 245 186 47 196 203 121 157 120 67 31 111 36 15 161 25 56 218 109 61 35 237 93 81 235 70 41 128 210 64 175 63 141 122 107 14 151 91 223 233 152 37 40 227 134 76 55 172 115 34 52 84 98 96 8 127 143 72 45 54 254 206 208 65 229 205 119 162 124 62 44 224 123 155 5 48 102 179 170 159 39 146 228 189 247 112 86 148 138 33 125 90 249 198 201 225 68 213 83 214 136 0 126 168 132 99 77 94 181 100 199 236 137 207 184 255 250 251 221 150 182 165 108 243 117 194 202 131 230 139 135 166 154 252 200 85 217 106 78 238 241 220 178 188 185 248 130 183
198 209 174 103 232 246 234 59 32 239 118 23 222 75 7 57 97 20 79 28 4 215 60 42 153 22 171 117 113 242 211 144 80 167 163 17 145 1 250 195 149 180 16 24 190 219 18 87 226 88 19 160 71 29 58 50 240 142 51 12 2 9 244 204 43 231 104 176 158 73 114 173 21 212 92 46 30 53 31 197 179 164 69 10 216 89 140 192 66 68 11 74 26 200 82 177 49 105 129 187 193 27 6 156 3 38 147 101 112 245 186 47 110 203 121 157 120 67 182 111 36 15 54 25 56 218 109 61 224 237 93 81 235 70 41 128 210 64 175 63 108 122 107 14 151 91 223 233 152 37 40 227 134 76 55 196 115 34 169 84 98 96 8 148 143 72 45 161 254 206 208 65 229 205 119 162 124 62 44 52 123 155 5 48 102 191 170 159 39 146 228 189 247 172 86 127 138 33 125 90 249 116 201 238 131 213 83 214 136 0 126 168 132 99 77 94 181 100 199 236 137 207 184 255 13 251 221 150 35 165 141 243 95 194 202 253 230 139 135 166 154 252 133 85 217 106 78 225 241 220 178 188 185 248 130 183
225 196 3 22 17 114 97 29 15 221 11 24 177 76 122 253 5 28 204 0 168 2 151 231 130 214 218 176 4 52 68 13 173 209 107 25 8 224 37 182 32 226 27 20 193 65 59 6 63 245 203 205 85 14 19 58 229 159 38 102 41 191 108 42 56 36 202 127 133 71 179 197 207 95 255 199 248 30 251 73 31 115 155 109 44 123 185 220 246 35 43 164 183 129 118 128 83 55 1 80 165 49 101 18 135 143 235 116 117 40 186 228 82 89 110 208 54 181 74 180 77 198 211 33 9 239 105 152 192 23 47 16 171 156 242 64 81 86 240 87 48 75 174 34 212 46 62 146 254 53 121 67 167 234 88 61 111 169 104 79 106 172 51 69 70 91 125 236 237 233 92 215 45 222 132 100 7 194 170 200 157 50 160 98 12 90 120 145 163 66 136 219 241 21 140 94 138 78 119 230 93 217 161 126 210 103 141 139 162 137 112 189 153 244 147 175 144 99 149 201 227 178 26 60 134 223 131 166 195 232 150 216 39 188 187 206 243 250 72 247 84 190 57 148 158 249 184 124 154 142 252 96 10 238 213 113
240 209 174 103 232 170 234 59 32 239 118 23 222 75 7 57 97 20 79 28 199 215 60 42 153 22 171 95 113 242 211 144 80 13 156 17 145 1 167 195 149 180 16 24 190 219 18 87 226 88 19 160 71 29 58 50 116 142 51 12 2 9 244 204 43 231 104 176 158 73 114 173 21 212 92 46 30 53 169 197 179 164 254 10 216 89 140 192 66 68 11 74 26 133 82 177 49 105 129 187 193 27 6 163 3 38 147 101 112 245 186 47 196 203 121 157 120 67 31 111 36 15 54 25 56 218 109 61 224 237 93 81 235 70 41 128 210 64 175 63 108 122 107 14 151 91 223 233 152 37 40 227 134 76 55 172 115 34 52 84 98 96 8 148 143 72 45 161 139 206 208 65 229 205 119 162 124 62 44 35 123 155 5 48 102 191 246 159 39 146 228 189 247 110 86 127 138 33 125 90 249 198 201 238 131 213 83 214 136 0 126 168 132 99 77 94 181 100 4 236 137 207 184 255 250 251 221 150 182 165 141 243 117 194 202 253 230 69 135 166 154 252 200 85 217 106 78 225 241 220 178 188 185 248 130 183
240 209 174 103 232 246 234 59 32 239 118 23 222 75 7 57 97 20 79 28 4 215 60 42 153 22 171 95 113 242 211 144 80 13 156 17 145 1 167 195 149 180 16 24 190 219 18 87 226 30 19 160 71 29 58 50 116 142 51 12 2 9 244 204 43 231 104 152 158 66 114 173 21 212 92 46 88 53 169 197 179 164 69 10 216 89 140 192 73 68 11 74 26 133 82 177 49 105 129 187 193 27 6 163 3 155 147 101 112 245 186 47 196 203 121 157 120 67 31 111 36 15 54 25 56 218 109 61 224 237 93 81 235 70 41 128 210 64 175 63 108 122 107 14 151 91 223 233 176 37 40 227 134 76 55 172 115 34 52 84 98 96 8 148 143 72 45 161 254 206 208 65 229 205 119 162 124 62 44 35 123 253 5 48 102 191 125 159 39 146 228 189 247 110 86 127 138 33 170 90 249 198 201 238 131 213 83 214 136 0 126 168 132 99 77 94 181 100 199 236 137 207 184 255 250 251 221 150 182 165 141 243 117 194 202 38 230 139 135 166 154 252 200 85 217 106 78 225 241 220 178 188 185 248 130 183
240 209 174 103 232 246 234 59 32 239 118 23 222 75 7 57 97 20 79 28 4 215 60 42 153 22 171 95 113 242 211 144 80 13 156 17 145 1 167 195 149 180 16 24 190 219 18 87 226 88 19 160 71 29 58 50 116 142 51 12 2 9 244 204 43 231 104 152 158 66 114 173 21 212 92 46 30 53 169 197 179 164 69 10 216 89 140 192 73 68 11 74 26 133 82 177 49 105 129 187 193 27 6 163 3 155 147 101 112 245 186 47 196 203 121 157 120 67 31 111 36 15 54 25 56 218 109 61 224 237 93 81 235 70 41 128 210 64 175 63 108 122 107 14 151 91 223 233 176 37 40 227 134 76 55 172 115 34 52 84 98 96 8 148 143 72 45 161 254 206 208 65 229 205 119 162 124 62 44 35 123 253 5 48 102 191 170 159 39 146 228 189 247 110 86 127 138 33 125 90 249 198 201 238 131 213 83 214 136 0 126 168 132 99 77 94 181 100 199 236 137 207 184 255 250 251 221 150 182 165 141 243 117 194 202 38 230 139 135 166 154 252 200 85 217 106 78 225 241 220 178 188 185 248 130 183
240 209 174 103 232 246 234 59 32 239 118 23 222 75 7 57 97 20 79 28 4 215 60 42 153 22 171 95 113 242 211 144 80 13 156 17 145 1 167 195 149 180 16 24 190 219 18 87 226 88 19 160 71 29 58 50 116 142 51 12 2 9 244 204 43 231 104 152 158 66 114 173 21 212 92 46 30 53 169 197 179 164 69 10 216 253 140 192 73 68 11 74 26 133 82 177 49 105 129 187 193 27 6 163 3 155 147 101 112 245 186 47 196 203 121 157 120 67 31 111 36 15 54 25 56 218 109 61 224 237 93 81 235 70 41 128 210 64 175 63 108 122 107 14 151 91 223 233 176 37 40 227 134 76 55 172 115 34 52 84 98 96 8 148 143 72 45 161 254 206 208 65 229 205 119 162 124 62 44 35 123 89 5 48 102 191 125 159 39 146 228 189 247 110 86 127 138 33 170 90 249 198 201 238 131 213 83 214 136 0 126 168 132 99 77 94 181 100 199 236 137 207 184 255 250 251 221 150 182 165 141 243 117 194 202 38 230 139 135 166 154 252 200 85 217 106 78 225 241 220 178 188 185 248 130 183
250 196 3 22 17 114 97 29 4 221 227 24 177 137 122 253 5 28 204 0 168 2 201 231 130 214 1 176 15 52 68 13 173 125 107 25 8 224 37 182 32 226 27 20 193 65 59 6 63 245 203 205 85 14 19 58 229 159 38 102 41 191 108 42 56 36 202 127 133 45 179 197 207 95 255 199 113 30 251 73 31 115 47 109 44 123 185 220 78 35 43 164 183 129 118 128 83 55 218 80 165 49 101 18 135 143 235 116 117 40 186 228 82 89 110 208 54 181 74 180 77 198 211 33 9 239 105 152 192 23 155 16 171 156 242 64 81 86 240 87 48 75 174 11 212 46 62 146 254 53 175 67 167 234 88 61 111 169 104 79 106 172 51 69 70 91 158 236 237 233 92 215 71 222 132 100 7 194 170 200 157 50 160 98 12 90 120 145 163 66 136 219 241 21 140 94 138 246 119 230 93 217 161 126 210 103 141 139 162 76 112 189 153 244 147 121 144 99 149 151 225 178 26 60 134 223 131 166 195 232 150 216 39 188 187 206 34 243 72 247 84 190 57 148 209 249 184 124 154 142 252 96 10 238 213 248
