11 196 3 185 17 114 97 29 15 221 166 24 177 137 122 253 5 28 204 0 168 2 201 231 130 214 1 176 4 52 172 13 173 125 107 25 8 224 37 182 32 226 27 20 193 65 59 6 63 78 203 205 85 14 19 58 129 159 38 102 41 191 108 42 56 36 202 127 133 71 179 197 207 95 255 199 248 30 251 73 31 115 47 109 44 123 22 220 18 35 43 164 183 227 118 128 83 55 218 80 165 49 101 68 135 229 235 116 117 40 143 228 82 89 110 208 54 181 74 180 77 198 211 33 9 239 105 152 192 23 155 16 171 156 242 64 81 86 240 87 48 75 174 34 212 46 62 146 254 53 121 67 167 234 88 61 111 169 104 79 106 141 51 69 70 91 131 236 237 233 92 215 45 222 132 100 7 194 170 200 157 50 160 98 12 90 120 145 163 66 136 219 241 21 140 94 138 246 119 230 93 217 161 126 210 103 225 139 162 209 112 189 153 244 147 175 144 99 149 151 245 178 26 60 134 223 186 158 195 232 150 216 39 188 187 206 243 250 72 247 84 190 57 148 124 249 184 76 154 142 252 96 10 238 213 113
11 196 3 22 17 114 151 29 15 221 227 24 177 137 122 253 5 28 204 0 168 2 201 231 130 214 1 176 4 52 172 13 173 125 107 25 8 224 37 182 32 226 27 20 193 65 59 6 63 245 203 205 85 14 19 58 229 159 38 102 41 191 108 42 56 36 202 127 133 71 179 197 207 95 255 199 248 30 251 73 31 115 47 109 44 123 185 220 78 35 43 164 183 18 118 128 83 55 218 80 165 49 101 68 135 143 235 116 117 40 129 228 82 89 88 208 54 181 74 180 77 198 211 33 9 239 105 152 192 23 155 16 171 156 242 64 81 86 240 87 48 75 174 92 212 46 62 146 254 53 121 67 167 234 110 61 111 169 104 79 106 166 51 69 70 91 131 236 237 233 34 215 45 222 132 100 7 194 170 200 157 50 160 98 12 90 120 145 163 66 136 219 241 21 140 94 138 246 119 230 93 217 161 126 210 103 141 139 162 209 112 189 153 244 147 175 144 99 149 97 225 178 26 60 134 223 186 158 195 232 150 216 39 188 187 206 243 250 72 247 84 190 57 148 124 249 184 76 154 142 252 96 10 238 213 113
11 196 3 22 17 114 97 0 15 221 227 24 177 137 122 253 5 28 204 29 168 2 201 231 130 214 1 176 4 52 172 13 173 125 107 25 8 224 37 182 32 226 27 20 193 65 59 6 63 245 203 205 85 14 19 58 229 159 38 102 41 191 108 42 56 36 202 127 133 71 179 197 207 95 255 199 248 30 251 73 31 115 47 109 44 123 185 220 78 35 43 164 183 18 118 128 83 55 218 80 165 49 101 68 135 143 235 116 117 40 129 228 82 89 110 208 54 181 74 180 77 198 211 33 9 239 105 152 192 23 155 16 171 156 242 64 103 86 240 87 48 75 174 34 212 46 62 146 254 53 121 67 167 234 88 61 111 169 104 79 106 166 51 69 70 91 131 236 237 233 92 215 45 222 132 100 7 194 170 200 157 50 160 98 12 90 120 145 163 66 136 219 241 21 140 94 138 246 119 230 93 217 161 126 210 81 141 139 162 209 112 189 153 244 147 175 144 99 149 151 225 178 26 60 134 223 186 158 195 232 150 216 39 188 187 206 243 250 72 247 84 190 57 148 124 249 184 76 154 142 252 96 10 238 213 113
11 196 3 22 17 114 97 0 15 221 227 24 177 137 122 253 5 28 204 29 168 2 201 231 130 214 1 176 4 52 68 13 173 125 107 25 8 224 37 182 32 226 27 20 193 65 59 6 63 245 203 205 85 14 19 58 229 159 38 102 41 191 108 42 56 36 202 127 133 71 179 197 207 95 255 199 248 30 251 73 31 115 47 109 44 123 185 220 78 35 43 164 183 111 118 128 83 55 218 80 165 49 101 18 135 143 235 116 117 40 129 228 82 89 110 208 54 181 74 180 77 198 211 33 9 239 105 152 192 23 155 16 171 156 242 64 81 86 240 87 48 75 174 34 212 46 62 146 103 53 121 67 167 234 88 61 131 169 92 79 106 166 51 69 70 91 158 236 237 233 104 215 45 222 132 100 7 194 170 200 157 50 160 98 12 90 120 145 163 66 136 219 241 21 140 94 138 246 119 230 93 217 161 126 210 254 141 139 162 209 112 189 153 244 147 175 144 99 149 151 225 178 26 60 134 223 186 172 195 232 150 216 39 188 187 206 243 250 72 247 84 190 57 148 124 249 184 76 154 142 252 96 10 238 213 113
11 196 3 22 17 114 97 0 15 221 227 24 177 137 122 253 5 28 204 29 168 2 201 231 130 214 1 176 4 52 68 13 173 125 107 25 8 224 37 182 32 226 27 20 193 65 59 6 63 245 203 205 85 14 19 58 229 159 38 102 41 191 108 42 56 36 202 127 133 71 179 197 207 95 255 199 248 30 251 73 31 115 47 109 44 123 185 220 78 35 43 164 183 111 118 128 83 55 218 80 165 49 101 18 135 143 235 116 117 40 129 228 82 89 110 208 54 181 74 180 77 198 211 33 9 239 105 152 192 23 155 16 171 156 242 64 81 86 240 87 48 75 174 34 212 46 62 146 233 53 121 67 167 234 88 61 131 169 92 79 106 166 51 69 70 91 158 236 237 103 104 215 45 222 132 100 7 194 170 200 157 50 160 98 12 90 120 145 163 66 136 219 241 21 140 94 138 246 119 230 93 217 161 126 210 254 141 139 162 209 112 189 153 244 147 175 144 99 149 151 225 178 26 60 134 223 186 172 195 232 150 216 39 188 187 206 243 250 72 247 84 190 57 148 124 249 184 76 154 142 252 96 10 238 213 113
11 196 3 22 17 114 97 15 251 221 227 24 177 137 122 253 5 28 204 0 168 2 201 231 130 214 1 176 4 52 68 13 173 209 107 25 8 224 37 182 32 226 27 20 193 65 59 6 63 187 203 205 85 14 19 58 229 159 38 102 41 191 108 42 56 36 202 127 133 71 179 197 207 95 255 199 248 30 29 73 31 115 47 109 44 123 185 220 78 35 43 164 183 129 118 128 83 55 218 80 165 49 101 18 135 143 235 116 117 40 186 228 82 89 110 208 54 181 74 180 77 198 211 33 9 239 105 152 192 23 155 16 171 156 242 64 81 86 240 87 48 75 174 34 212 46 62 146 254 53 121 67 167 234 88 61 111 169 104 79 106 172 51 69 70 91 158 236 237 233 92 215 45 222 132 100 7 194 170 200 157 50 160 98 103 90 120 145 163 66 136 219 241 21 140 94 138 246 119 230 93 217 161 126 210 12 141 139 162 76 112 189 153 244 147 175 144 99 149 151 225 178 26 60 134 223 131 166 195 232 150 216 39 188 245 206 243 250 72 247 84 190 57 148 125 249 184 124 154 142 252 96 10 238 213 113
11 196 3 22 17 114 97 29 1 221 227 24 177 137 122 253 5 28 204 0 168 2 201 231 130 214 186 176 4 52 68 13 173 125 107 25 8 224 37 182 32 226 27 20 193 65 59 6 63 245 203 205 85 14 19 58 229 159 38 102 41 191 108 42 56 36 202 127 133 71 179 197 207 95 255 199 248 30 251 73 31 115 47 109 44 123 185 220 78 35 43 164 183 15 118 128 83 55 218 80 165 49 101 18 135 143 235 116 117 40 129 228 82 89 110 208 54 181 74 180 77 198 211 33 9 69 105 152 192 23 155 16 171 156 242 64 81 86 240 87 48 75 174 34 212 46 62 146 254 53 121 67 167 234 88 61 111 169 104 79 106 172 51 66 70 91 158 236 237 233 92 215 45 222 132 100 7 194 170 200 157 50 160 98 12 90 120 145 163 151 136 219 241 21 140 94 138 246 119 230 93 217 161 126 210 103 141 139 162 76 112 189 153 244 147 175 144 99 149 239 225 178 26 60 134 223 131 166 195 232 150 216 39 188 187 206 243 250 72 247 84 190 57 148 209 249 184 124 154 142 252 96 10 238 213 113
11 196 3 22 17 114 97 29 1 221 227 24 177 137 122 253 5 28 204 0 168 2 201 231 130 214 186 176 4 52 68 13 173 125 107 25 8 224 37 182 32 226 27 69 193 65 59 6 63 245 203 205 85 14 19 58 229 159 38 102 41 191 108 42 56 36 202 127 133 71 179 197 207 95 255 199 248 30 251 73 31 115 47 109 44 123 185 220 78 35 43 164 183 15 118 128 83 55 218 80 165 49 101 18 135 143 235 116 117 40 129 228 82 89 110 208 54 181 74 180 77 198 211 33 9 20 105 152 192 23 155 16 171 156 242 64 81 86 240 87 48 75 174 34 212 46 62 146 254 53 121 67 167 234 88 61 111 169 104 79 106 172 51 66 70 91 158 236 237 233 92 215 45 222 132 100 7 194 170 200 157 50 160 98 12 90 120 145 163 151 136 219 241 21 140 94 138 246 119 230 93 217 161 126 210 103 141 139 162 76 112 189 153 244 147 175 144 99 149 239 225 178 26 60 134 223 131 166 195 232 150 216 39 188 187 206 243 250 72 247 84 190 57 148 209 249 184 124 154 142 252 96 10 238 213 113
11 196 3 22 17 114 97 29 1 221 227 24 177 137 122 253 5 28 204 0 168 2 201 231 130 214 186 176 4 52 68 13 173 125 107 25 8 224 37 182 32 226 27 69 193 65 59 6 63 245 203 205 85 14 19 58 229 159 38 102 41 191 108 42 56 36 202 127 133 71 179 197 207 95 255 47 248 30 251 73 31 115 199 109 44 123 185 220 78 35 43 164 183 15 118 128 83 55 218 80 165 49 101 18 135 143 235 116 117 40 129 228 82 89 110 208 54 181 74 180 77 198 211 33 9 20 105 152 192 23 155 16 171 156 242 64 81 86 240 87 48 75 174 34 212 46 62 146 254 53 121 67 167 234 88 61 111 169 104 79 106 172 51 66 70 91 158 236 237 233 92 215 45 222 132 100 7 194 170 200 157 50 160 98 12 90 120 145 163 151 136 219 241 21 140 94 138 246 119 230 93 217 161 126 210 103 141 139 162 76 112 189 153 244 147 175 144 99 149 239 225 178 26 60 134 223 131 166 195 232 150 216 39 188 187 206 243 250 72 247 84 190 57 148 209 249 184 124 154 142 252 96 10 238 213 113
11 196 3 22 17 114 97 29 1 221 227 24 177 137 122 253 5 28 204 0 49 2 201 231 130 214 186 176 4 52 68 13 173 125 107 25 8 224 37 182 32 226 27 69 193 65 59 6 63 245 203 205 85 14 19 58 229 159 38 102 41 191 108 42 56 36 202 127 133 71 179 197 207 95 255 47 248 30 251 73 31 115 199 109 44 123 185 220 78 35 43 164 183 15 118 128 83 55 218 80 165 225 101 18 135 143 235 116 117 40 129 228 82 89 110 208 54 181 74 180 77 198 211 33 9 20 105 152 192 23 155 16 171 156 242 64 81 86 240 87 48 75 174 34 212 46 62 146 254 53 121 67 167 234 88 61 111 169 104 79 106 172 51 66 70 91 158 236 237 233 92 215 45 222 132 100 7 194 170 200 157 50 160 98 12 90 120 145 163 151 136 219 241 21 140 94 138 246 119 230 93 217 161 126 210 103 141 139 162 76 112 189 153 244 147 175 144 99 149 239 168 178 26 60 134 223 131 166 195 232 150 216 39 188 187 206 243 250 72 247 84 190 57 148 209 249 184 124 154 142 252 96 10 238 213 113
11 196 3 22 17 114 97 29 15 221 132 24 177 137 122 253 5 28 204 0 168 2 201 231 130 214 52 176 4 129 68 13 173 125 107 25 8 224 37 182 32 226 27 20 193 65 59 6 63 245 203 205 85 14 19 58 229 159 38 102 41 191 108 42 56 36 202 127 133 71 179 197 207 95 255 199 248 30 251 73 31 115 47 109 44 123 185 220 78 35 43 164 183 1 118 128 83 55 218 80 165 49 101 18 135 131 235 116 117 40 227 228 82 89 110 208 54 181 74 180 77 198 211 33 9 239 105 152 192 23 155 16 171 156 242 64 81 86 240 87 48 75 174 34 212 46 62 146 254 53 121 67 167 234 88 61 111 169 104 79 106 172 51 69 70 91 158 236 237 233 92 215 45 222 143 100 7 194 170 200 157 50 160 98 12 90 120 145 163 66 136 219 241 21 140 94 138 246 119 230 93 217 161 126 210 76 141 139 162 103 112 189 153 244 147 175 144 99 149 151 225 178 26 60 134 223 186 166 195 232 150 216 39 188 187 206 243 250 72 247 84 190 57 148 209 249 184 124 154 142 252 96 10 238 213 113
11 196 3 22 17 114 97 29 15 221 166 24 177 137 122 253 5 28 204 0 168 2 201 231 130 214 1 176 4 52 172 13 173 125 107 25 8 224 37 182 32 226 27 20 193 65 59 6 63 245 203 205 85 14 19 58 229 159 38 102 41 191 108 42 56 36 202 127 133 71 179 197 207 95 255 199 248 30 251 73 31 115 47 109 44 123 185 220 78 35 43 164 183 225 118 128 83 55 218 80 165 49 101 68 135 143 235 116 117 40 129 228 82 89 110 208 54 181 74 180 77 198 211 33 9 239 105 152 192 23 155 16 171 156 242 64 81 86 240 87 48 75 174 92 212 46 62 146 254 53 121 67 167 234 88 61 111 169 104 79 106 18 51 69 70 91 131 236 237 233 34 215 45 222 132 100 7 194 170 200 157 50 160 98 12 90 120 145 163 66 136 219 241 21 140 94 138 246 119 230 93 217 161 126 210 103 141 139 162 209 112 189 153 244 147 175 144 99 149 151 227 178 26 60 134 223 186 158 195 232 150 216 39 188 187 206 243 250 72 247 84 190 57 148 124 249 184 76 154 142 252 96 10 238 213 113
11 196 3 22 17 114 97 29 15 221 166 24 177 137 122 253 5 28 204 0 168 2 201 231 130 214 1 176 4 52 172 13 173 125 107 25 8 224 37 182 32 226 27 20 193 65 59 6 63 78 203 205 85 14 19 58 129 159 38 102 41 191 108 42 56 36 202 127 133 71 179 197 207 95 255 199 248 30 251 73 31 115 47 109 44 123 185 220 18 35 43 164 183 227 118 128 83 55 218 80 165 49 101 68 135 131 235 116 117 40 143 228 82 89 110 208 54 181 74 180 77 198 211 33 9 239 105 152 192 23 155 16 171 156 242 64 81 86 240 87 48 75 174 34 212 46 62 146 254 53 121 67 167 234 88 61 111 169 104 79 106 141 51 69 70 91 229 236 237 233 92 215 45 222 132 100 7 194 170 200 157 50 160 98 12 90 120 145 163 66 136 219 241 21 140 94 138 246 119 230 93 217 161 126 210 103 225 139 162 209 112 189 153 244 147 175 144 99 149 151 245 178 26 60 134 223 186 158 195 232 150 216 39 188 187 206 243 250 72 247 84 190 57 148 124 249 184 76 154 142 252 96 10 238 213 113
11 196 3 22 17 114 97 29 15 221 166 24 177 137 122 253 5 28 204 0 168 2 201 231 130 214 1 176 4 52 172 13 173 125 107 25 8 224 37 182 32 226 27 20 193 65 59 6 63 78 203 205 85 14 19 58 129 159 38 102 41 191 108 42 56 36 202 127 133 71 179 197 207 95 255 199 248 30 251 73 31 115 47 109 44 123 185 220 18 35 43 164 183 227 118 128 83 55 218 80 165 49 101 68 135 143 235 116 117 40 131 228 82 89 110 208 54 181 74 180 77 198 211 33 9 239 105 152 192 23 155 16 171 156 242 64 81 86 240 87 48 75 174 34 212 46 62 146 254 53 121 67 167 234 88 61 111 169 104 79 106 141 51 69 70 91 229 236 237 233 92 215 45 222 132 100 7 194 170 200 157 50 160 98 12 90 120 145 163 66 136 219 241 21 140 94 138 246 119 230 93 217 161 126 210 103 225 139 162 209 112 189 153 244 147 175 144 99 149 151 245 178 26 60 134 223 186 158 195 232 150 216 39 188 187 206 243 250 72 247 84 190 57 148 124 249 184 76 154 142 252 96 10 238 213 113
11 196 3 22 17 114 97 29 15 221 166 24 177 137 122 253 5 28 204 0 168 2 201 231 130 214 1 176 4 52 172 13 173 125 107 25 8 224 37 182 32 226 27 20 193 65 59 6 63 78 203 205 85 14 19 58 129 159 38 102 41 191 108 42 56 36 202 127 133 71 179 197 207 95 255 199 248 30 251 73 31 115 47 109 44 123 185 220 18 35 43 164 183 227 118 128 83 55 218 80 165 49 101 68 135 143 235 116 117 40 229 228 82 89 110 208 54 181 74 180 77 198 211 33 9 239 105 152 192 23 155 16 171 156 242 64 81 86 240 87 48 75 174 34 212 46 62 146 254 53 121 67 167 234 88 61 111 169 104 79 106 141 51 69 70 91 131 236 237 233 92 215 45 222 132 100 7 194 170 200 157 50 160 98 12 90 120 145 163 66 136 219 241 21 140 94 138 246 119 230 93 217 161 126 210 103 225 139 162 209 112 189 153 244 147 175 144 99 149 151 245 178 26 60 134 223 186 158 195 232 150 216 39 188 187 206 243 250 72 247 84 190 57 148 124 249 184 76 154 142 252 96 10 238 213 113
11 196 3 22 17 114 97 29 15 221 166 24 177 137 122 253 5 28 204 0 168 2 201 231 130 214 1 176 4 52 172 13 173 125 107 25 8 224 37 182 32 226 27 20 193 65 59 6 63 78 203 205 85 14 19 58 129 159 38 102 41 191 108 42 56 36 202 127 133 71 179 197 207 95 255 199 248 30 251 73 31 115 47 109 44 123 185 220 18 35 43 164 183 227 118 128 83 55 218 80 165 49 101 68 135 229 235 116 117 40 143 228 82 89 110 208 54 181 74 180 77 198 211 33 9 239 105 152 192 23 155 16 171 156 242 64 81 86 240 87 48 75 174 34 212 46 62 146 254 53 121 67 167 234 88 61 111 169 104 79 106 141 51 69 70 91 131 236 237 233 92 215 45 222 132 100 7 194 170 200 157 50 160 98 12 90 120 145 163 66 136 219 241 21 140 94 138 246 119 230 93 217 161 126 210 103 225 139 162 209 112 189 153 244 147 175 144 99 149 151 245 178 26 60 134 223 186 158 195 232 150 216 39 188 187 206 243 250 72 247 84 190 57 148 124 249 184 76 154 142 252 96 10 238 213 113
11 196 3 22 17 114 97 29 15 221 166 24 177 137 122 253 5 28 204 0 168 2 201 231 130 214 1 176 4 52 172 13 173 125 107 25 8 224 37 182 32 226 27 20 193 65 59 6 63 78 203 205 85 14 19 58 229 159 38 102 41 191 108 42 56 36 202 127 133 71 179 197 207 95 255 199 248 30 251 73 31 115 47 109 44 123 185 220 18 35 43 164 183 227 118 128 83 55 218 80 165 49 101 68 135 143 235 116 117 40 129 228 82 89 110 208 54 181 74 180 77 198 211 33 9 239 105 152 192 23 155 16 171 156 242 64 81 86 240 87 48 75 174 34 212 46 62 146 254 53 121 67 167 234 88 61 111 169 104 79 106 141 51 69 70 91 131 236 237 233 92 215 45 222 132 100 7 194 170 200 157 50 160 98 12 90 120 145 163 66 136 219 241 21 140 94 138 246 119 230 93 217 161 126 210 103 225 139 162 209 112 189 153 244 147 175 144 99 149 151 245 178 26 60 134 223 186 158 195 232 150 216 39 188 187 206 243 250 72 247 84 190 57 148 124 249 184 76 154 142 252 96 10 238 213 113
11 196 3 22 17 114 97 29 15 221 166 24 177 137 122 253 5 28 204 0 168 2 201 231 130 214 1 176 4 52 172 13 173 125 107 25 8 224 37 78 32 226 27 20 193 65 59 6 63 182 203 205 85 14 19 58 229 159 38 102 41 191 108 42 56 36 202 127 133 71 179 197 207 95 255 199 248 30 251 73 31 115 47 109 44 123 185 220 227 35 43 164 183 18 118 128 83 55 218 80 165 49 101 68 135 143 235 116 117 40 129 228 82 89 110 208 54 181 74 180 77 198 211 33 9 239 105 152 192 23 155 16 171 156 242 64 81 86 240 87 48 75 174 34 212 46 62 146 254 53 121 67 167 234 88 61 111 169 104 79 106 141 51 69 70 91 131 236 237 233 92 215 45 222 132 100 7 194 170 200 157 50 160 98 12 90 120 145 163 66 136 219 241 21 140 94 138 246 119 230 93 217 161 126 210 103 225 139 162 209 112 189 153 244 147 175 144 99 149 151 245 178 26 60 134 223 186 158 195 232 150 216 39 188 187 206 243 250 72 247 84 190 57 148 124 249 184 76 154 142 252 96 10 238 213 113
11 196 3 22 17 114 97 29 15 221 166 24 177 137 122 253 5 28 204 0 168 2 201 231 130 214 1 176 4 52 18 13 173 125 107 25 8 224 37 182 32 226 27 20 193 65 59 6 63 78 203 205 85 14 19 58 129 159 38 102 41 191 108 42 56 36 202 127 133 71 179 197 207 95 255 199 248 30 251 73 31 115 47 109 44 123 185 220 171 35 43 164 183 227 118 128 83 55 218 80 165 49 101 68 135 143 235 116 117 40 131 228 82 89 110 208 54 181 74 180 77 198 211 33 9 239 105 152 192 23 155 16 210 156 242 64 81 86 240 87 48 75 174 34 212 46 62 146 254 53 121 67 167 234 88 61 111 169 104 79 106 141 51 69 70 91 229 236 237 233 92 215 45 222 132 100 7 194 170 200 157 50 160 98 12 90 120 145 163 66 136 219 241 21 140 94 138 246 119 230 93 217 161 126 172 103 225 139 162 209 112 189 153 244 147 175 144 99 149 151 245 178 26 60 134 223 186 158 195 232 150 216 39 188 187 206 243 250 72 247 84 190 57 148 124 249 184 76 154 142 252 96 10 238 213 113
11 196 3 22 17 114 97 29 15 221 166 24 177 137 122 253 5 28 204 0 168 2 201 231 130 214 1 176 4 52 18 13 173 125 107 25 8 224 37 182 32 226 27 20 193 65 59 6 63 78 203 205 85 14 19 58 129 159 38 102 41 191 108 42 56 36 202 127 133 71 179 197 207 95 255 199 248 30 251 73 31 115 47 109 44 123 185 220 70 35 43 164 183 227 118 128 83 55 218 80 165 49 101 68 135 143 235 116 117 40 131 228 82 89 110 208 54 181 74 180 77 198 211 33 9 239 105 152 192 23 155 16 171 156 242 64 81 86 240 87 48 75 174 34 212 46 62 146 254 53 121 67 167 234 88 61 111 169 104 79 106 141 51 69 172 91 229 236 237 233 92 215 45 222 132 100 7 194 170 200 157 50 160 98 12 90 120 145 163 66 136 219 241 21 140 94 138 246 119 230 93 217 161 126 210 103 225 139 162 209 112 189 153 244 147 175 144 99 149 151 245 178 26 60 134 223 186 158 195 232 150 216 39 188 187 206 243 250 72 247 84 190 57 148 124 249 184 76 154 142 252 96 10 238 213 113
11 196 3 22 17 114 97 29 15 221 214 24 177 137 122 253 5 28 204 0 168 2 151 231 130 34 1 176 4 52 68 13 173 209 107 25 8 224 37 182 32 226 27 20 193 65 59 6 63 245 203 205 85 14 19 58 229 159 38 102 41 191 108 42 56 36 202 127 133 71 179 197 207 95 255 199 248 30 251 73 31 115 47 109 44 123 185 220 78 35 43 164 183 129 118 128 83 55 218 80 165 49 101 18 135 143 235 116 117 40 186 228 82 89 110 208 54 181 74 180 77 198 211 33 9 239 105 152 192 23 155 16 171 156 242 64 81 86 240 87 48 75 174 227 212 46 62 146 254 53 121 67 167 234 88 61 111 169 104 79 106 172 51 69 70 91 158 236 237 233 92 215 45 222 132 100 7 194 170 200 157 50 160 98 12 90 120 145 163 66 136 219 241 21 140 94 138 246 119 230 93 217 161 126 210 103 141 139 162 213 112 189 153 244 147 175 144 99 149 201 225 178 26 60 134 223 76 166 195 232 150 216 39 188 187 206 243 250 72 247 84 190 57 148 125 249 184 124 154 142 252 96 10 238 131 113
11 196 3 22 17 114 97 29 15 221 214 24 177 137 122 253 5 28 204 0 168 2 151 231 130 34 1 176 4 52 68 13 173 209 107 25 8 224 37 182 32 226 27 20 193 65 59 6 63 245 203 205 85 14 19 58 229 159 38 102 41 191 108 42 56 36 202 127 133 71 179 197 207 95 255 199 248 30 251 73 31 115 47 109 44 123 185 220 78 35 43 164 183 129 118 128 83 55 218 80 165 49 101 18 135 143 235 116 117 40 186 228 82 89 110 208 54 181 74 180 77 198 211 33 9 239 105 152 192 23 155 16 171 156 242 64 81 86 240 87 48 75 174 227 212 46 62 146 254 53 121 67 167 234 88 61 111 169 104 79 106 172 51 69 70 91 158 236 237 233 92 215 45 222 132 100 7 194 170 200 157 50 160 98 12 90 120 145 163 66 136 219 241 21 140 94 138 246 119 230 93 217 161 126 210 103 141 139 162 76 112 189 153 244 147 175 144 99 149 201 225 178 26 60 134 223 131 166 195 232 150 216 39 188 187 206 243 250 72 247 84 190 57 148 125 249 184 124 154 142 252 96 10 238 213 113
11 196 3 22 17 114 97 29 15 221 225 24 177 137 122 253 5 28 204 0 168 2 201 231 130 214 1 176 4 52 172 13 173 125 107 25 8 224 37 182 32 226 27 20 193 65 59 6 63 245 203 205 85 14 19 58 229 159 38 102 41 191 108 42 56 36 202 127 133 71 179 197 207 95 255 199 248 30 251 73 31 115 47 109 44 123 185 220 78 35 43 164 183 18 118 128 83 55 218 80 165 49 101 68 135 143 235 116 117 40 129 228 82 89 110 208 54 181 74 180 77 198 211 33 9 239 105 152 192 23 155 16 171 156 242 64 81 86 240 87 48 75 174 92 212 46 62 146 254 53 121 67 167 234 88 61 111 169 104 79 106 166 51 69 70 91 131 236 237 233 34 215 45 222 132 100 7 194 170 200 157 50 160 98 12 90 120 145 163 66 136 219 241 21 140 94 138 246 119 230 93 217 161 126 210 103 141 139 162 209 112 189 153 244 147 175 144 99 149 151 227 178 26 60 134 223 186 158 195 232 150 216 39 188 187 206 243 250 72 247 84 190 57 148 124 249 184 76 154 142 252 96 10 238 213 113
11 196 3 22 17 114 97 29 15 221 227 24 177 137 122 253 5 28 204 0 168 2 151 231 130 214 1 176 4 52 68 13 173 125 107 25 8 224 37 182 32 226 27 20 193 65 59 6 63 187 203 205 85 14 19 58 229 159 38 102 41 191 108 42 56 36 202 127 133 71 179 197 207 95 255 199 248 30 251 73 31 115 47 109 44 123 185 220 78 35 43 164 183 129 118 128 83 55 218 80 165 49 101 18 135 143 235 116 117 40 186 228 82 89 110 208 54 181 74 180 77 198 211 33 9 239 105 152 192 23 155 16 171 156 242 64 81 86 240 87 48 75 174 34 212 46 62 146 254 53 121 67 167 234 88 61 111 169 104 79 106 172 51 69 70 91 158 236 237 233 92 215 45 222 132 100 7 194 170 200 157 50 160 98 12 90 120 145 163 66 136 219 241 21 140 94 138 246 119 230 93 217 161 126 210 103 141 139 162 76 112 189 153 244 147 175 144 99 149 201 225 178 26 60 134 223 131 166 195 232 150 216 39 188 245 206 243 250 72 247 84 190 57 148 209 249 184 124 154 142 252 96 10 238 213 113
11 196 3 22 17 114 97 29 15 221 227 24 177 137 122 253 5 28 204 0 168 2 151 231 130 214 1 176 4 52 68 13 173 125 107 25 8 224 37 182 32 226 27 20 193 65 59 6 63 245 203 205 85 14 19 58 229 159 38 102 41 191 108 42 56 36 202 127 133 71 179 197 207 95 255 199 248 30 251 73 31 115 47 109 44 123 185 220 78 35 43 164 183 129 118 128 83 55 218 80 165 49 101 18 135 143 235 116 117 40 186 228 82 89 110 208 54 181 74 180 77 198 211 33 9 239 105 152 192 23 155 16 171 156 242 64 81 86 240 87 48 75 174 34 212 46 62 146 254 53 121 67 167 234 88 61 111 169 104 79 106 172 51 69 70 91 158 236 237 233 209 215 45 222 132 100 7 194 170 200 157 50 160 98 12 90 120 145 163 66 136 219 241 21 140 94 138 246 119 230 93 217 161 126 210 103 141 139 162 76 112 189 153 244 147 175 144 99 149 201 225 178 26 60 134 223 131 166 195 232 150 216 39 188 187 206 243 250 72 247 84 190 57 148 92 249 184 124 154 142 252 96 10 238 213 113
11 196 3 22 17 114 97 29 15 221 227 24 177 137 122 253 5 28 204 0 168 2 151 231 130 214 1 176 4 52 68 13 173 125 107 25 8 224 37 182 32 226 27 20 193 65 59 6 63 245 203 205 85 14 19 58 229 159 38 102 41 191 108 42 56 36 202 127 133 71 179 197 207 95 255 199 248 30 251 73 31 115 47 109 44 123 185 220 78 35 43 164 183 129 118 128 83 55 218 80 165 49 101 18 135 143 235 116 117 40 186 228 82 89 110 208 54 181 74 180 77 198 211 33 9 239 105 152 192 23 155 16 171 156 242 64 81 86 240 87 48 75 174 34 212 46 62 146 254 53 121 67 167 234 88 61 111 169 104 79 106 172 51 69 70 91 158 236 237 233 92 215 45 222 132 100 7 194 170 200 157 50 160 98 12 90 120 145 163 66 136 219 241 21 140 94 138 246 119 230 93 217 161 126 210 103 141 139 162 76 112 189 153 244 147 175 144 99 149 201 225 178 26 60 134 223 131 166 195 232 150 216 39 188 187 206 243 250 72 247 84 190 57 148 209 249 184 124 154 142 252 96 10 238 213 113
11 196 3 22 17 114 97 29 15 221 227 24 177 137 122 253 5 28 204 0 168 2 151 231 130 214 1 176 4 52 68 13 173 209 107 25 8 224 37 182 32 226 27 20 193 65 59 6 63 187 203 205 85 14 19 58 229 159 38 102 41 191 108 42 56 36 202 127 133 71 179 197 207 95 255 199 248 30 251 73 31 115 47 109 44 123 185 220 78 35 43 164 183 129 118 128 83 55 218 80 165 49 101 18 135 143 235 116 117 40 186 228 82 89 110 208 54 181 74 180 77 198 211 33 9 239 105 152 192 23 155 16 171 156 242 64 81 86 240 87 48 75 174 34 212 46 62 146 254 53 121 67 167 234 88 61 111 169 104 79 106 172 51 69 70 91 158 236 237 233 92 215 45 222 132 100 7 194 170 200 157 50 160 98 12 90 120 145 163 66 136 219 241 21 140 94 138 246 119 230 93 217 161 126 210 103 141 139 162 76 112 189 153 244 147 175 144 99 149 201 225 178 26 60 134 223 131 166 195 232 150 216 39 188 245 206 243 250 72 247 84 190 57 148 125 249 184 124 154 142 252 96 10 238 213 113
11 196 3 22 17 114 97 29 15 221 227 24 177 137 122 253 5 28 204 0 168 2 151 231 130 214 1 176 4 52 68 13 173 209 107 25 8 224 37 182 32 226 27 20 193 65 59 6 63 245 203 205 85 14 19 58 229 159 38 102 41 191 108 42 56 36 202 127 133 71 179 197 207 95 255 199 248 30 251 73 31 115 155 109 44 123 185 220 78 35 43 164 183 129 118 128 83 55 218 80 165 49 101 18 135 143 235 116 117 40 186 228 82 89 110 208 54 181 74 180 77 198 211 33 9 239 105 152 192 23 47 16 171 156 242 64 81 86 240 87 48 75 174 34 212 46 62 146 254 53 121 67 167 234 88 61 111 169 104 79 106 172 51 69 70 91 125 236 237 233 92 215 45 222 132 100 7 194 170 200 157 50 160 98 12 90 120 145 163 66 136 219 241 21 140 94 138 246 119 230 93 217 161 126 210 103 141 139 162 76 112 189 153 244 147 175 144 99 149 201 225 178 26 60 134 223 131 166 195 232 150 216 39 188 187 206 243 250 72 247 84 190 57 148 158 249 184 124 154 142 252 96 10 238 213 113
11 196 3 22 17 114 97 29 15 221 227 24 177 137 122 253 5 28 204 0 168 2 151 231 130 214 1 176 4 52 68 13 173 209 107 25 8 224 37 182 32 226 27 20 193 65 59 6 63 245 203 205 85 14 19 58 229 159 38 102 41 191 108 42 56 36 202 127 133 71 179 197 207 95 255 199 248 30 251 73 31 115 155 109 44 123 185 220 78 35 43 164 183 129 118 128 83 55 218 80 165 49 101 18 135 143 235 116 117 40 186 228 82 89 110 208 54 181 74 180 77 198 211 33 9 239 105 152 192 23 47 16 171 156 242 64 81 86 240 87 48 75 174 34 212 46 62 146 254 53 121 67 167 234 88 61 111 169 104 79 106 172 51 69 70 91 158 236 237 233 92 215 45 222 132 100 7 194 170 200 157 50 160 98 12 90 120 145 163 66 136 219 241 21 140 94 138 246 119 230 93 217 161 126 210 103 141 139 162 76 112 189 153 244 147 175 144 99 149 201 225 178 26 60 134 223 131 166 195 232 150 216 39 188 187 206 243 250 72 247 84 190 57 148 125 249 184 124 154 142 252 96 10 238 213 113
11 196 3 22 17 114 97 29 15 221 227 24 177 137 122 253 5 28 204 0 168 2 151 231 130 214 1 176 4 52 68 13 173 209 107 25 8 224 37 182 32 226 27 20 193 65 59 6 63 245 203 205 85 14 19 58 229 159 38 102 41 191 108 42 56 36 202 127 133 71 179 197 207 95 255 199 248 30 251 73 31 115 45 109 44 123 185 220 78 35 43 164 183 129 118 128 83 55 218 80 165 49 101 18 135 143 235 116 117 40 186 228 82 89 110 208 54 181 74 180 77 198 211 33 9 239 105 152 192 23 155 16 171 156 242 64 81 86 240 87 48 75 174 34 212 46 62 146 254 53 121 67 167 234 88 61 111 169 104 79 106 172 51 69 70 91 158 236 237 233 92 215 47 222 132 100 7 194 170 200 157 50 160 98 12 90 120 145 163 66 136 219 241 21 140 94 138 246 119 230 93 217 161 126 210 76 141 139 162 103 112 189 153 244 147 175 144 99 149 201 225 178 26 60 134 223 131 166 195 232 150 216 39 188 187 206 243 250 72 247 84 190 57 148 154 249 184 124 125 142 252 96 10 238 213 113
11 196 3 22 17 114 97 29 15 221 227 24 177 137 122 253 5 28 204 0 168 2 151 231 130 214 1 176 4 52 68 13 173 209 107 25 8 224 37 182 32 226 27 20 193 65 59 6 63 245 203 205 85 14 19 58 229 159 38 102 41 191 108 42 56 36 202 127 133 71 179 197 207 95 255 199 248 30 251 73 31 115 47 109 44 123 185 220 78 35 43 164 183 129 118 128 83 55 218 80 165 49 101 18 135 143 235 116 117 40 186 228 82 89 110 208 54 181 74 180 77 198 211 33 9 239 105 152 192 23 155 16 171 156 242 64 81 86 240 87 48 75 174 34 212 46 62 146 254 53 121 67 167 234 88 61 111 169 104 79 106 172 51 69 70 91 158 236 237 233 92 215 45 222 132 100 7 194 170 200 157 50 160 98 12 90 120 145 163 66 136 219 241 21 140 94 138 246 119 230 93 217 161 126 210 103 141 139 162 76 112 189 153 244 147 175 144 99 149 201 225 178 26 60 134 223 131 166 195 232 150 216 39 188 187 206 243 250 72 247 84 190 57 148 125 249 184 124 154 142 252 96 10 238 213 113
11 196 3 22 17 114 97 29 15 221 227 24 177 137 122 253 5 28 204 0 168 2 151 231 130 214 1 176 4 52 68 13 173 209 107 25 8 224 37 182 32 226 27 20 193 65 59 6 63 245 203 205 85 14 19 58 229 159 38 102 41 191 108 42 56 36 202 127 133 71 179 197 207 95 255 199 248 30 251 73 31 115 47 109 44 123 185 220 78 35 43 164 183 129 118 128 83 55 218 80 165 49 101 18 135 143 235 116 117 40 186 228 82 89 110 208 54 181 74 180 77 198 211 33 9 239 105 152 192 23 155 16 171 156 242 64 81 86 240 87 48 75 174 34 212 46 62 146 254 53 121 67 167 234 88 61 111 169 104 79 106 172 51 69 70 91 158 236 237 233 92 215 45 222 132 100 7 194 170 200 157 50 160 98 12 90 120 145 163 66 136 219 241 21 140 94 138 246 119 230 93 217 161 126 210 76 141 139 162 103 112 189 153 244 147 175 144 99 149 201 225 178 26 60 134 223 131 166 195 232 150 216 39 188 187 206 243 250 72 247 84 190 57 148 154 249 184 124 125 142 252 96 10 238 213 113
11 196 3 22 17 114 97 29 15 221 227 24 177 137 122 253 5 28 204 0 168 2 201 231 130 214 1 176 103 52 68 13 173 125 107 25 8 224 37 182 32 226 27 20 193 65 59 6 63 245 203 205 85 14 19 58 229 159 38 102 41 191 108 42 56 36 202 127 133 71 179 197 207 95 255 199 248 30 251 73 31 115 47 109 44 123 185 220 78 35 43 164 183 129 118 128 83 55 218 80 165 49 101 18 135 143 235 116 117 40 186 228 82 89 110 208 54 181 74 180 77 198 211 33 9 239 105 152 192 23 155 16 171 156 242 64 81 86 240 87 48 75 174 34 212 46 62 146 254 53 121 67 167 234 88 61 111 169 104 79 106 172 51 69 70 91 158 236 237 233 92 215 45 222 132 100 7 194 170 200 157 50 160 98 12 90 120 145 163 66 136 219 241 21 140 94 138 246 119 230 93 217 161 126 210 4 141 139 162 76 112 189 153 244 147 175 144 99 149 151 225 178 26 60 134 223 131 166 195 232 150 216 39 188 187 206 243 250 72 247 84 190 57 148 209 249 184 124 154 142 252 96 10 238 213 113
11 196 3 22 17 114 97 29 15 221 227 24 177 137 122 253 5 28 204 0 168 2 201 231 130 214 1 176 103 52 68 13 173 125 107 25 8 224 37 182 32 226 27 20 193 65 59 6 63 4 203 205 85 14 19 58 229 159 38 102 41 191 108 42 56 36 202 127 133 71 179 197 207 95 255 199 248 30 251 73 31 115 47 109 44 123 185 220 78 35 43 164 183 129 118 128 83 55 218 80 165 49 101 18 135 143 235 116 117 40 186 228 82 89 110 208 54 181 74 180 77 198 211 33 9 239 105 152 192 23 155 16 171 156 242 64 81 86 240 87 48 75 174 34 212 46 62 146 254 53 121 67 167 234 88 61 111 169 104 79 106 172 51 69 70 91 158 236 237 233 92 215 45 222 132 100 7 194 170 200 157 50 160 98 12 90 120 145 163 66 136 219 241 21 140 94 138 246 119 230 93 217 161 126 210 245 141 139 162 76 112 189 153 244 147 175 144 99 149 151 225 178 26 60 134 223 131 166 195 232 150 216 39 188 187 206 243 250 72 247 84 190 57 148 209 249 184 124 154 142 252 96 10 238 213 113
11 196 3 22 17 114 97 29 15 221 227 24 177 137 122 253 5 28 204 0 168 2 201 231 130 214 1 176 4 52 172 13 173 125 107 25 8 224 37 182 32 226 27 20 193 65 59 6 63 166 203 205 85 14 19 58 229 159 38 102 41 191 108 42 56 36 202 127 133 71 179 197 207 95 255 199 248 30 251 73 31 115 47 109 44 123 185 220 78 35 43 164 183 18 118 128 83 55 218 80 165 49 101 68 135 143 235 116 117 40 129 124 82 89 110 208 54 181 74 180 77 198 211 33 9 239 105 152 192 23 155 16 171 156 242 64 81 86 240 87 48 75 174 34 212 46 62 146 254 53 121 67 167 234 88 61 111 169 104 79 106 141 51 69 70 91 131 236 92 233 237 215 45 222 132 100 7 194 170 200 157 50 160 98 12 90 120 145 163 66 136 219 241 21 140 94 138 246 119 230 93 217 161 126 210 103 225 139 162 209 112 189 153 244 147 175 144 99 149 151 245 178 26 60 134 223 186 158 195 232 150 216 39 188 187 206 243 250 72 247 84 190 57 148 228 249 184 76 154 142 252 96 10 238 213 113
11 196 3 22 17 114 97 29 15 221 227 24 177 137 122 253 5 28 204 0 168 2 201 231 130 214 1 176 4 52 172 13 173 125 107 25 8 224 37 182 32 226 27 20 193 65 59 6 63 166 203 205 85 14 19 58 229 159 38 102 41 191 108 42 56 36 202 127 133 71 179 197 207 95 255 199 248 30 251 73 31 115 47 109 44 123 185 220 78 35 43 164 183 18 118 128 83 55 218 80 165 49 101 68 135 143 235 116 117 40 129 228 82 89 110 208 54 181 74 180 77 198 139 33 9 239 105 152 192 23 155 16 171 156 242 64 81 86 240 87 48 75 174 34 212 46 62 146 254 53 121 67 167 234 88 61 111 169 104 79 106 141 51 69 70 91 131 236 92 233 237 215 45 222 132 100 7 194 170 200 157 50 160 98 12 90 120 145 163 66 136 219 241 21 140 94 138 246 119 230 93 217 161 126 210 103 225 211 162 209 112 189 153 244 147 175 144 99 149 151 245 178 26 60 134 223 186 158 195 232 150 216 39 188 187 206 243 250 72 247 84 190 57 148 124 249 184 76 154 142 252 96 10 238 213 113
11 196 3 22 17 114 97 29 15 221 227 24 177 137 122 253 5 28 204 0 168 2 201 231 130 214 1 176 4 52 172 13 173 125 107 25 8 224 37 182 32 226 27 20 193 65 59 6 63 166 203 205 85 14 19 58 229 159 38 102 41 191 108 42 56 36 202 127 133 71 179 197 207 95 255 199 248 30 251 73 31 115 47 109 44 123 185 220 78 35 43 164 183 18 118 128 83 55 218 80 165 49 101 68 135 143 235 116 117 40 129 228 82 89 110 208 54 181 74 180 77 198 211 33 9 239 105 152 192 23 155 16 171 156 242 64 81 86 240 87 48 75 174 34 212 46 62 146 254 53 121 67 167 234 88 61 111 169 104 79 106 141 51 69 70 91 131 236 92 233 237 215 45 222 132 100 7 194 170 200 157 50 160 98 12 90 120 145 163 66 136 219 241 21 140 94 138 246 119 230 93 217 161 126 210 103 225 139 162 209 112 189 153 244 147 175 144 99 149 151 245 178 26 60 134 223 186 158 195 232 150 216 39 188 187 206 243 250 72 247 84 190 57 148 124 249 184 76 154 142 252 96 10 238 213 113
11 196 3 22 17 114 97 29 15 221 227 24 177 137 122 253 5 28 204 0 168 2 201 231 130 214 1 176 4 52 172 13 173 125 107 25 8 224 37 182 32 226 27 20 193 65 59 6 63 245 203 205 85 14 19 58 229 159 38 102 41 191 108 42 56 36 202 127 133 71 179 197 207 95 255 199 248 30 251 73 31 115 47 109 44 123 185 220 78 35 43 164 183 18 118 128 83 55 218 80 165 49 101 68 135 143 235 116 117 40 129 228 82 89 110 208 54 181 74 180 77 198 211 33 9 239 105 152 192 23 155 16 171 156 242 64 103 86 240 87 48 75 174 34 212 46 62 146 254 53 121 67 167 234 88 61 111 169 104 79 106 166 51 69 70 91 131 236 237 233 92 215 45 222 132 100 7 194 170 200 157 50 160 98 12 90 120 145 163 66 136 219 241 21 140 94 138 246 119 230 93 217 161 126 210 81 141 139 162 209 112 189 153 244 147 175 144 99 149 151 225 178 26 60 134 223 186 158 195 232 150 216 39 188 187 206 243 250 72 247 84 190 57 148 124 249 184 76 154 142 252 96 10 238 213 113
11 196 3 22 17 114 97 29 15 221 227 24 177 137 122 253 5 28 204 0 168 2 201 231 130 214 1 176 4 52 172 13 173 125 107 25 8 224 37 182 32 226 27 20 193 65 59 6 63 245 203 205 85 14 19 58 229 159 38 102 41 191 108 42 56 36 202 127 133 71 179 197 207 95 255 199 248 30 251 73 31 115 47 109 44 123 185 220 78 35 43 164 183 18 118 128 83 55 218 80 165 49 101 68 135 143 235 116 117 40 129 228 82 89 110 208 54 181 74 180 77 198 211 33 9 239 105 152 192 23 155 16 171 156 242 64 81 86 240 87 48 75 174 34 212 46 62 146 254 53 121 67 167 234 76 61 111 169 104 79 106 166 51 69 70 91 131 236 237 233 92 215 45 222 132 100 7 194 170 200 157 50 160 98 12 90 120 145 163 66 136 219 241 21 140 94 138 246 119 230 93 217 161 126 210 103 141 139 162 209 112 189 153 244 147 175 144 99 149 151 225 178 26 60 134 223 186 158 195 232 150 216 39 188 187 206 243 250 72 247 84 190 57 148 124 249 184 88 154 142 252 96 10 238 213 113
11 196 3 22 17 114 97 29 15 221 227 24 177 137 122 253 5 28 204 0 168 2 201 231 130 214 1 176 4 52 172 13 173 125 107 25 8 224 37 182 32 226 27 20 193 65 59 6 63 245 203 205 85 14 19 58 229 159 38 102 41 191 108 42 56 36 202 127 133 71 179 197 207 95 255 199 248 30 251 73 31 115 47 109 44 123 185 220 78 35 43 164 183 18 118 128 83 55 218 80 165 49 101 68 135 143 235 116 117 40 129 228 82 89 110 208 54 181 74 180 77 198 211 33 9 239 105 152 192 23 155 16 171 156 242 64 81 86 240 87 48 75 174 34 212 46 62 146 254 53 121 67 167 234 88 61 111 169 104 79 106 166 51 69 70 91 131 236 237 233 92 215 45 222 132 100 7 194 170 200 157 50 160 98 12 90 120 145 163 66 136 219 241 21 140 94 138 246 119 230 93 217 161 126 210 103 141 139 162 209 112 189 153 244 147 175 144 99 149 151 225 178 26 60 134 223 186 158 195 232 150 216 39 188 187 206 243 250 72 247 84 190 57 148 124 249 184 76 154 142 252 96 10 238 213 113
11 196 3 22 17 114 97 29 15 221 227 24 177 137 122 253 5 28 204 0 168 2 201 231 130 214 1 176 4 52 172 13 173 125 107 25 8 224 37 182 32 226 27 20 193 65 59 6 63 245 203 205 85 14 19 58 229 159 38 102 41 191 108 42 56 36 202 127 133 71 179 197 207 95 255 199 248 30 251 73 31 115 47 109 44 123 185 220 78 35 43 164 183 18 118 128 83 55 218 80 165 49 101 68 135 143 235 116 117 40 129 228 82 89 110 208 54 181 74 180 77 198 211 33 9 239 105 152 192 23 155 16 171 156 242 64 81 86 240 87 48 75 174 92 212 46 62 146 254 53 121 67 167 234 88 61 111 169 104 79 106 166 51 69 70 91 131 236 237 233 34 215 45 222 132 100 7 194 170 200 157 50 160 98 12 90 120 145 163 66 136 219 241 21 140 94 138 246 119 230 93 217 161 126 210 103 141 139 162 209 112 189 153 244 147 175 144 99 149 151 225 178 26 60 134 223 186 158 195 232 150 216 39 188 187 206 243 250 72 247 84 190 57 148 124 249 184 76 154 142 252 96 10 238 213 113
11 196 3 22 17 114 97 29 15 221 227 24 177 137 122 253 5 28 204 0 168 2 201 231 130 214 1 176 4 52 172 13 173 125 107 25 8 224 37 182 32 226 27 20 193 65 59 6 63 245 203 205 85 14 19 58 229 159 38 102 41 191 108 42 56 36 202 127 133 71 179 197 207 95 255 199 248 30 251 73 31 115 47 109 44 123 185 220 78 35 43 164 183 225 118 128 83 55 218 80 165 49 101 68 135 143 235 116 117 40 129 228 82 89 110 208 54 181 74 180 77 198 211 33 9 239 105 152 192 23 155 16 171 156 242 64 81 86 240 87 48 75 174 92 212 46 62 146 254 53 121 67 167 234 88 61 111 169 104 79 106 18 51 69 70 91 131 236 237 233 34 215 45 222 132 100 7 194 170 200 157 50 160 98 12 90 120 145 163 66 136 219 241 21 140 94 138 246 119 230 93 217 161 126 210 103 141 139 162 209 112 189 153 244 147 175 144 99 149 151 166 178 26 60 134 223 186 158 195 232 150 216 39 188 187 206 243 250 72 247 84 190 57 148 124 249 184 76 154 142 252 96 10 238 213 113
11 196 3 22 17 114 97 29 15 221 227 24 177 137 122 253 5 28 204 0 168 2 201 231 130 214 1 176 4 52 172 13 173 125 107 25 8 224 37 182 32 226 27 20 193 65 59 6 63 245 203 205 85 14 19 58 76 159 38 102 41 191 108 42 56 36 202 127 133 71 179 197 207 95 255 199 248 30 251 73 31 115 47 109 44 123 185 220 78 35 43 164 183 18 118 128 83 55 218 80 165 49 101 68 135 143 235 116 117 40 129 228 82 89 110 208 54 181 74 180 77 198 211 33 9 239 105 152 192 23 155 16 171 156 242 64 103 86 240 87 48 75 174 34 212 46 62 146 254 53 121 67 167 234 88 61 111 169 104 79 106 166 51 69 70 91 131 236 237 233 92 215 45 222 132 100 7 194 170 200 157 50 160 98 12 90 120 145 163 66 136 219 241 21 140 94 138 246 119 230 93 217 161 126 210 81 141 139 162 209 112 189 153 244 147 175 144 99 149 151 225 178 26 60 134 223 186 158 195 232 150 216 39 188 187 206 243 250 72 247 84 190 57 148 124 249 184 229 154 142 252 96 10 238 213 113
11 196 3 22 17 114 97 29 15 221 227 24 177 137 122 253 5 28 204 0 168 2 201 231 130 214 1 176 4 52 68 13 173 125 107 25 8 224 37 182 32 226 27 20 193 65 59 6 63 187 203 205 85 14 19 58 229 159 38 102 41 191 108 42 56 36 202 127 133 71 179 197 207 95 255 199 248 30 251 73 31 115 47 109 44 123 185 220 78 35 43 164 183 129 118 128 83 55 218 80 165 49 101 18 135 143 235 116 117 40 186 228 82 89 110 208 54 181 74 180 77 198 211 33 9 239 105 152 192 23 155 16 171 156 242 64 81 86 240 87 48 75 174 34 212 46 62 146 254 53 121 67 167 234 88 61 111 169 104 79 106 172 51 69 70 91 158 236 237 233 92 215 45 222 132 100 7 194 170 200 157 50 160 98 12 90 120 145 163 66 136 219 241 21 140 94 138 246 119 230 93 217 161 126 210 103 141 139 162 76 112 189 153 244 147 175 144 99 149 151 225 178 26 60 134 223 131 166 195 232 150 216 39 188 245 206 243 250 72 247 84 190 57 148 209 249 184 124 154 142 252 96 10 238 213 113
11 196 3 22 17 114 97 29 15 221 227 24 177 137 122 253 5 28 204 0 168 2 201 231 130 214 1 176 4 52 68 13 173 125 107 25 8 224 37 182 32 226 27 20 193 65 59 6 63 245 203 205 85 14 19 58 229 159 38 102 41 191 108 42 56 36 202 127 133 71 179 197 207 95 255 199 248 30 251 73 31 115 47 109 44 123 185 220 78 35 43 164 183 129 118 128 83 55 218 80 165 49 101 18 135 143 235 116 117 40 186 228 82 89 110 208 54 181 74 180 77 198 211 33 9 239 105 152 192 23 155 16 171 156 242 64 81 86 240 87 48 75 174 34 212 46 62 146 254 53 121 67 167 234 88 61 111 169 104 79 106 172 51 69 70 91 158 236 237 233 92 215 45 222 132 100 7 194 170 200 157 50 160 98 103 90 120 145 163 66 136 219 241 21 140 94 138 246 119 230 93 217 161 126 210 12 141 139 162 76 112 189 153 244 147 175 144 99 149 151 225 178 26 60 134 223 131 166 195 232 150 216 39 188 187 206 243 250 72 247 84 190 57 148 209 249 184 124 154 142 252 96 10 238 213 113
11 196 3 22 17 114 97 29 15 221 227 24 177 137 122 253 5 28 204 0 168 2 201 231 130 214 1 176 4 52 68 13 173 125 107 25 8 224 37 182 32 226 27 20 193 65 59 6 63 245 203 205 85 14 19 58 229 159 38 102 41 191 108 42 56 36 202 127 133 71 179 197 207 95 255 199 248 30 251 73 31 115 47 109 44 123 185 220 78 35 43 164 183 129 118 128 83 55 218 80 165 49 101 18 135 143 235 116 117 40 186 228 82 89 110 208 54 181 74 180 77 198 211 33 9 239 105 152 192 23 155 16 171 156 242 64 81 86 240 87 48 75 174 34 212 46 62 146 254 53 121 67 167 234 88 61 111 169 104 79 106 172 51 69 70 91 158 236 237 233 92 215 45 222 132 100 7 194 170 200 157 50 160 98 12 90 120 145 163 66 136 219 241 21 140 94 138 246 119 230 93 217 161 126 210 103 141 139 162 76 112 189 153 244 147 175 144 99 149 151 225 178 26 60 134 223 131 166 195 232 150 216 39 188 187 206 243 250 72 247 84 190 57 148 209 249 184 124 154 142 252 96 10 238 213 113
11 196 3 22 17 114 97 29 15 221 227 24 177 137 122 253 5 28 204 0 168 2 201 231 130 214 1 176 4 52 68 13 173 125 107 25 8 224 37 182 32 226 27 20 193 65 59 6 63 245 203 205 85 14 19 58 229 159 38 102 41 191 108 42 56 36 202 127 133 71 179 197 207 95 255 199 248 30 251 73 31 115 47 109 44 123 185 220 78 35 43 164 183 129 118 128 83 55 218 80 165 49 101 18 135 143 235 116 117 40 186 228 82 89 110 208 54 181 74 180 77 198 211 33 9 239 105 152 192 23 155 16 171 156 242 64 81 86 240 87 48 75 174 34 212 46 62 146 254 53 121 67 167 234 88 61 111 169 104 79 106 172 51 69 70 91 158 236 237 233 92 215 45 222 132 100 7 194 170 200 157 50 160 98 12 90 120 145 163 66 136 219 241 21 140 94 138 246 119 230 93 217 161 126 210 76 141 139 162 103 112 189 153 244 147 175 144 99 149 151 225 178 26 60 134 223 131 166 195 232 150 216 39 188 187 206 243 250 72 247 84 190 57 148 209 249 184 124 154 142 252 96 10 238 213 113
11 196 3 22 17 114 97 29 15 221 227 24 177 137 122 253 5 28 204 0 168 2 201 231 130 214 1 176 4 52 68 13 173 125 107 25 8 224 37 182 32 226 27 20 193 65 59 6 63 245 203 205 85 14 19 58 229 159 38 102 41 191 108 42 56 36 202 127 133 71 179 197 207 95 255 199 248 30 251 73 31 115 47 109 44 123 185 220 78 35 43 164 183 18 118 128 83 55 218 80 165 49 101 151 135 143 235 116 117 40 129 228 82 89 110 208 54 181 74 180 77 198 211 33 9 239 105 152 192 23 155 16 171 156 242 64 81 86 240 87 48 75 174 34 186 46 62 146 254 53 121 67 167 234 88 61 111 169 104 79 106 172 51 69 70 91 158 236 237 233 92 215 45 222 132 100 7 194 170 200 157 50 160 98 12 90 120 145 163 66 136 219 241 21 140 94 138 246 119 230 93 217 161 126 210 103 141 139 162 76 112 189 153 244 147 175 144 99 149 212 225 178 26 60 134 223 131 166 195 232 150 216 39 188 187 206 243 250 72 247 84 190 57 148 209 249 184 124 154 142 252 96 10 238 213 113
11 196 3 22 17 114 97 29 15 221 227 24 177 137 122 253 5 28 204 0 168 2 201 231 130 214 1 176 4 52 68 13 173 125 107 25 8 224 37 182 32 226 27 20 193 65 59 6 63 245 203 205 85 14 19 58 229 159 38 102 41 191 108 42 56 36 202 127 133 71 179 197 207 95 255 199 248 30 251 73 31 115 47 109 44 123 185 220 78 35 43 164 183 18 118 128 83 55 218 80 165 49 101 172 135 143 235 116 117 40 129 228 82 89 110 208 54 181 74 180 77 198 211 33 9 239 105 152 192 23 155 16 171 156 242 64 103 86 240 87 48 75 174 34 212 46 62 146 254 53 121 67 167 234 88 61 111 169 104 79 106 166 51 69 70 91 131 236 237 233 92 215 45 222 132 100 7 194 170 200 157 50 160 98 12 90 120 145 163 66 136 219 241 21 140 94 138 246 119 230 93 217 161 126 210 81 141 139 162 209 112 189 153 244 147 175 144 99 149 151 225 178 26 60 134 223 186 158 195 232 150 216 39 188 187 206 243 250 72 247 84 190 57 148 124 249 184 76 154 142 252 96 10 238 213 113
11 196 3 22 17 114 97 29 15 221 227 24 177 137 122 253 5 28 204 0 168 2 201 231 130 214 1 176 4 52 68 13 173 125 107 25 8 224 37 182 32 226 27 20 193 65 59 6 63 245 203 205 85 14 19 58 229 159 38 102 41 191 108 42 56 36 202 127 133 71 179 197 207 95 255 199 248 30 251 73 31 115 47 109 44 123 185 220 78 35 43 164 183 18 118 128 83 55 218 80 165 49 101 172 135 143 235 116 117 40 129 228 82 89 110 208 54 181 74 180 77 198 211 33 9 239 105 152 192 23 155 16 171 156 242 64 81 86 240 87 48 75 174 34 212 46 62 146 254 53 121 67 167 234 88 61 111 169 104 79 106 103 51 69 70 166 131 236 237 233 92 215 45 222 132 100 7 194 170 200 157 50 160 98 12 90 120 145 163 66 136 219 241 21 140 94 138 246 119 230 93 217 161 126 210 91 141 139 162 209 112 189 153 244 147 175 144 99 149 84 225 178 26 60 134 223 186 158 195 232 150 216 39 188 187 206 243 250 72 247 151 190 57 148 124 249 184 76 154 142 252 96 10 238 213 113
11 196 3 22 17 114 97 29 15 221 227 24 177 137 122 253 5 28 204 0 168 2 201 231 130 214 1 176 4 52 68 13 173 125 107 25 8 224 37 182 32 226 27 20 193 65 59 6 63 245 203 205 85 14 19 58 229 159 38 102 41 191 108 42 56 36 202 127 133 71 179 197 207 95 255 199 248 30 251 73 31 115 47 109 44 123 185 220 78 35 43 164 183 18 118 128 83 55 218 80 165 49 101 172 135 143 235 116 117 40 129 228 82 89 110 208 54 181 74 180 77 198 211 33 9 239 105 152 192 23 155 16 171 156 242 64 81 86 240 87 48 75 174 34 212 46 62 146 254 53 121 67 167 234 88 61 111 169 104 79 106 103 51 69 70 166 131 236 237 233 92 215 45 222 132 100 7 194 170 200 157 50 160 98 12 90 120 145 163 66 136 219 241 21 140 94 76 246 119 230 93 217 161 126 210 91 141 139 162 209 112 189 153 244 147 175 144 99 149 84 225 178 26 60 134 223 186 158 195 232 150 216 39 188 187 206 243 250 72 247 151 190 57 148 124 249 184 138 154 142 252 96 10 238 213 113
11 196 3 22 17 114 97 29 15 221 227 24 177 137 122 253 5 28 204 0 168 2 201 231 130 214 1 176 4 52 68 13 173 125 107 25 8 224 37 182 32 226 27 20 193 65 59 6 63 245 203 205 85 14 19 58 229 159 38 102 41 191 108 42 56 36 202 127 133 71 179 197 207 95 255 199 248 30 251 73 31 115 47 109 44 123 185 220 78 35 43 164 183 18 118 128 83 55 218 80 165 49 101 172 135 143 235 116 117 40 79 228 82 89 110 208 54 181 74 180 77 198 211 33 9 239 105 152 192 23 155 16 171 156 242 64 81 86 240 87 48 75 174 34 212 46 62 146 254 53 121 67 167 234 88 61 111 169 104 129 106 103 51 69 70 91 131 236 237 233 92 215 45 222 132 100 7 194 170 200 157 50 160 98 12 90 120 145 163 66 136 219 241 21 140 94 138 246 119 230 93 217 161 126 210 84 141 139 162 209 112 189 153 244 147 175 144 99 149 151 225 178 26 60 134 223 186 158 195 232 150 216 39 188 187 206 243 250 72 247 213 190 57 148 124 249 184 76 154 142 252 96 10 238 166 113
11 196 3 22 17 114 97 29 15 221 227 24 177 137 122 253 5 28 204 0 168 2 201 231 130 214 1 176 4 52 68 13 173 209 107 25 8 224 37 182 32 226 27 20 193 65 59 6 63 187 203 205 85 14 19 58 229 159 38 102 41 191 108 42 56 36 202 127 133 71 179 197 207 95 255 199 248 30 251 73 31 115 47 109 44 123 185 220 78 35 43 164 183 129 118 128 83 55 218 80 165 49 101 18 135 143 235 116 117 40 186 228 82 89 110 208 54 181 74 180 77 198 211 33 9 239 105 152 192 23 155 16 171 156 242 64 81 86 240 87 48 75 174 34 212 46 62 146 254 53 121 67 167 234 88 61 111 169 104 79 106 172 51 69 70 91 158 236 237 233 92 215 45 222 132 100 7 194 170 200 157 50 160 98 103 90 120 145 163 66 136 219 241 21 140 94 138 246 119 230 93 217 161 126 210 12 141 139 162 76 112 189 153 244 147 175 144 99 149 151 225 178 26 60 134 223 131 166 195 232 150 216 39 188 245 206 243 250 72 247 84 190 57 148 125 249 184 124 154 142 252 96 10 238 213 113
11 196 3 22 17 114 97 29 15 221 227 24 177 137 122 253 5 28 204 0 168 2 201 231 130 214 1 176 4 52 68 13 173 209 107 25 8 224 37 182 32 226 27 20 193 65 59 6 63 187 203 205 85 14 19 58 229 159 38 102 41 191 108 42 56 36 202 127 133 71 179 197 207 95 255 199 248 30 251 73 31 115 47 109 44 123 185 220 78 35 43 164 183 129 118 128 83 55 218 80 165 49 101 18 135 143 235 116 117 40 186 228 82 89 110 208 54 181 74 180 77 198 211 33 9 239 105 152 192 23 155 16 171 156 242 64 81 86 240 87 48 75 174 34 212 46 62 146 254 53 121 67 167 234 88 61 111 169 104 79 106 172 51 69 70 91 158 236 237 233 92 215 45 222 132 100 7 194 170 200 157 50 160 98 12 90 120 145 163 66 136 219 241 21 140 94 138 246 119 230 93 217 161 126 210 103 141 139 162 76 112 189 153 244 147 175 144 99 149 151 225 178 26 60 134 223 131 166 195 232 150 216 39 188 245 206 243 250 72 247 84 190 57 148 125 249 184 124 154 142 252 96 10 238 213 113
11 196 3 22 17 114 97 29 15 221 227 24 177 137 122 253 5 28 204 0 168 2 201 231 130 214 1 176 4 52 68 13 173 209 107 25 8 224 37 182 32 226 27 20 193 65 59 6 63 245 12 205 85 14 19 58 229 159 38 102 41 191 108 42 56 36 202 127 133 71 179 197 207 95 255 199 248 30 251 73 31 115 47 109 44 123 185 220 78 35 43 164 183 129 118 128 83 55 218 80 165 49 101 18 135 143 235 116 117 40 186 228 82 89 110 208 54 181 74 180 77 198 211 33 9 239 105 152 192 23 155 16 171 156 242 64 81 86 240 87 48 75 174 34 212 46 62 146 254 53 121 67 167 234 88 61 111 169 104 79 106 172 51 69 70 91 158 236 237 233 92 215 45 222 132 100 7 194 170 200 157 50 160 98 125 90 120 145 163 66 136 219 241 21 140 94 138 246 119 230 93 217 161 126 210 103 141 139 162 76 112 189 153 244 147 175 144 99 149 151 225 178 26 60 134 223 131 166 195 232 150 216 39 188 187 206 243 250 72 247 84 190 57 148 203 249 184 124 154 142 252 96 10 238 213 113
11 196 3 22 17 114 97 29 15 221 227 24 177 137 122 253 5 28 204 0 168 2 201 231 130 214 1 176 4 52 68 13 173 209 107 25 8 224 37 182 32 226 27 20 193 65 59 6 63 245 203 205 85 14 19 58 229 159 38 102 41 191 108 42 56 36 202 127 133 71 179 197 207 95 255 199 248 30 251 73 31 115 47 109 44 123 185 220 78 35 43 164 183 129 118 128 83 55 218 80 165 49 101 18 135 143 235 116 117 40 186 228 82 89 110 208 54 181 74 180 77 198 211 33 9 239 105 152 192 23 155 16 171 156 242 64 81 86 240 87 48 75 174 34 212 46 62 146 254 53 121 67 167 234 88 61 111 169 104 79 106 172 51 69 70 91 158 236 237 233 92 215 45 222 132 100 7 194 170 200 157 50 160 98 12 90 120 145 163 66 136 219 241 21 140 94 138 246 119 230 93 217 161 126 210 103 141 139 162 76 112 189 153 244 147 175 144 99 149 151 225 178 26 60 134 223 131 166 195 232 150 216 39 188 187 206 243 250 72 247 84 190 57 148 125 249 184 124 154 142 252 96 10 238 213 113
11 196 3 22 17 114 97 29 15 221 227 24 177 137 122 253 5 28 204 0 168 2 201 231 130 214 131 176 4 52 68 13 173 125 107 25 8 224 37 182 32 226 27 20 193 65 59 6 63 245 203 205 85 14 19 58 229 159 38 102 41 191 108 42 56 36 202 127 133 71 179 197 207 95 255 199 248 30 251 73 31 115 47 109 44 123 185 220 78 35 43 164 183 1 118 128 83 55 218 80 165 49 101 18 135 143 235 116 117 40 129 228 82 89 110 208 54 181 74 180 77 198 211 33 9 239 105 152 192 23 155 16 171 156 242 64 81 86 240 87 48 75 174 34 212 46 62 146 254 53 121 67 167 234 88 61 111 169 104 79 106 172 51 69 70 91 158 236 237 233 92 215 45 222 132 100 7 194 170 200 157 50 160 98 12 90 120 145 163 66 136 175 241 21 140 94 138 246 119 230 93 217 161 126 210 76 141 139 162 103 112 189 153 244 147 186 144 99 149 151 225 178 26 60 134 223 219 166 195 232 150 216 39 188 187 206 243 250 72 247 84 190 57 148 209 249 184 124 154 142 252 96 10 238 213 113
11 196 3 22 17 114 97 29 15 221 227 24 177 137 122 253 5 28 204 0 168 2 201 231 130 214 131 176 4 52 68 13 173 125 107 25 8 224 37 182 32 226 27 20 193 65 59 6 63 245 203 205 85 14 19 58 229 159 38 102 41 191 108 42 56 36 202 127 133 71 179 197 207 95 255 199 248 30 251 73 31 115 47 109 44 123 185 220 78 35 43 164 183 1 118 128 83 55 218 80 165 49 101 18 135 143 235 116 117 40 129 228 82 89 110 208 54 181 74 180 77 198 211 33 9 239 105 152 192 23 155 16 171 156 242 64 81 86 240 87 48 75 174 34 212 46 62 146 254 53 121 67 167 234 88 61 111 169 104 79 106 172 51 69 70 91 158 236 237 233 92 215 45 222 132 100 7 194 170 200 157 50 160 98 12 90 120 145 163 66 136 219 241 21 140 94 138 246 119 230 93 217 161 126 210 76 141 139 162 103 112 189 153 244 147 175 144 99 149 151 225 178 26 60 134 223 186 166 195 232 150 216 39 188 187 206 243 250 72 247 84 190 57 148 209 249 184 124 154 142 252 96 10 238 213 113
11 196 3 22 17 114 97 29 15 221 227 24 177 137 122 253 5 28 204 0 168 2 201 231 130 214 186 176 4 52 68 13 173 125 107 25 8 224 37 182 32 226 27 20 193 65 59 6 63 245 203 205 85 14 19 58 229 159 38 102 41 191 108 42 56 36 202 127 133 71 179 197 207 95 255 199 248 30 251 73 31 115 47 109 44 123 185 124 78 35 43 164 183 1 118 128 83 55 218 80 165 49 101 18 135 143 235 116 117 40 129 228 82 89 110 208 54 181 74 180 77 198 211 33 9 239 105 152 192 23 155 16 171 156 242 64 81 86 240 87 48 75 174 34 212 46 62 146 254 53 121 67 167 234 88 61 111 169 104 79 106 172 51 69 70 91 158 236 237 233 92 215 45 222 132 100 7 194 170 200 157 50 160 98 12 90 120 145 163 66 136 219 241 21 140 94 138 246 119 230 93 217 161 126 210 76 141 139 162 103 112 189 153 244 147 175 144 99 149 151 225 178 26 60 134 223 131 166 195 232 150 216 39 188 187 206 243 250 72 247 84 190 57 148 209 249 184 220 154 142 252 96 10 238 213 113
11 196 3 22 17 114 97 29 15 221 227 24 177 137 122 253 5 28 204 0 168 2 201 231 130 214 186 176 4 52 68 13 173 125 107 25 8 224 37 182 32 226 27 20 193 65 59 6 63 245 203 205 85 14 19 58 229 159 38 102 41 191 108 42 56 36 202 127 133 71 179 197 207 95 255 199 248 30 251 73 31 115 47 109 44 123 185 220 78 35 43 164 183 1 118 128 83 55 218 80 165 49 101 18 135 143 235 116 117 40 129 228 82 89 110 208 54 181 74 180 77 198 211 33 9 239 105 152 192 23 155 16 171 156 242 64 81 86 240 87 48 75 174 34 212 46 62 146 254 53 121 67 167 234 88 61 111 169 104 79 106 172 51 69 70 91 158 236 237 233 92 215 45 222 132 100 7 194 170 200 157 50 160 98 12 90 120 145 163 66 136 219 241 21 140 94 138 246 119 230 93 217 161 126 210 103 141 139 162 76 112 189 153 244 147 175 144 99 149 151 225 178 26 60 134 223 131 166 195 232 150 216 39 188 187 206 243 250 72 247 84 190 57 148 209 249 184 124 154 142 252 96 10 238 213 113
11 196 3 22 17 114 97 29 15 221 227 24 177 137 122 253 5 28 204 0 168 2 201 231 130 214 186 176 4 52 68 13 173 125 107 25 8 224 37 182 32 226 27 20 193 65 59 6 63 245 203 205 85 14 19 58 229 159 38 102 41 191 108 42 56 36 202 127 133 71 179 197 207 95 255 199 248 30 251 73 31 115 47 109 44 123 185 220 78 35 43 164 183 1 118 128 83 55 218 80 165 49 101 18 135 143 235 116 117 40 129 228 82 89 110 208 54 181 74 180 77 198 211 33 9 239 105 152 192 23 155 16 171 156 242 64 81 86 240 87 48 75 174 34 212 46 62 146 254 53 121 67 167 234 88 61 111 169 104 79 106 172 51 69 70 91 158 236 237 233 92 215 45 222 132 100 7 194 170 200 157 50 160 98 12 90 120 145 163 66 136 219 241 21 140 94 138 246 119 230 93 217 161 126 210 76 141 139 162 103 112 189 153 244 147 175 144 99 149 151 225 178 26 60 134 223 131 166 195 232 150 216 39 188 187 206 243 250 72 247 84 190 57 148 209 249 184 124 154 142 252 96 10 238 213 113
11 196 3 22 17 114 97 29 15 221 227 24 177 137 122 253 5 28 204 0 168 2 201 231 130 214 52 176 4 129 68 13 173 125 107 25 8 224 37 182 32 226 27 20 193 65 59 6 63 245 203 205 85 14 19 58 229 159 38 102 41 191 108 42 56 36 202 127 133 71 179 197 207 95 255 199 248 30 251 73 31 115 47 109 44 123 185 220 78 35 43 164 183 1 118 128 83 55 218 80 165 49 101 18 135 131 235 116 117 40 143 228 82 89 110 208 54 181 74 180 77 198 211 33 9 239 105 152 192 23 155 16 171 156 242 64 81 86 240 87 48 75 174 34 212 46 62 146 254 53 121 67 167 234 88 61 111 169 104 79 106 172 51 69 70 91 158 236 237 233 92 215 45 222 132 100 7 194 170 200 157 50 160 98 12 90 120 145 163 66 136 219 241 21 140 94 138 246 119 230 93 217 161 126 210 76 141 139 162 103 112 189 153 244 147 175 144 99 149 151 225 178 26 60 134 223 186 166 195 232 150 216 39 188 187 206 243 250 72 247 84 190 57 148 209 249 184 124 154 142 252 96 10 238 213 113
11 196 3 22 17 114 97 29 15 221 227 24 177 137 122 253 5 28 204 0 168 2 201 231 130 214 52 176 4 129 68 13 173 125 107 25 8 224 37 182 32 226 27 20 193 65 59 6 63 245 203 205 85 14 19 58 229 159 38 102 41 191 108 42 56 36 202 127 133 71 179 197 207 95 255 199 248 30 251 73 31 115 47 109 44 123 185 220 78 35 43 164 183 1 118 128 83 55 218 80 165 49 101 18 135 143 235 116 117 40 186 228 82 89 110 208 54 181 74 180 77 198 211 33 9 239 105 152 192 23 155 16 171 156 242 64 81 86 240 87 48 75 174 34 212 46 62 146 254 53 121 67 167 234 88 61 111 169 104 79 106 172 51 69 70 91 158 236 237 233 92 215 45 222 132 100 7 194 170 200 157 50 160 98 12 90 120 145 163 66 136 219 241 21 140 94 138 246 119 230 93 217 161 126 210 76 141 139 162 103 112 189 153 244 147 175 144 99 149 151 225 178 26 60 134 223 131 166 195 232 150 216 39 188 187 206 243 250 72 247 84 190 57 148 209 249 184 124 154 142 252 96 10 238 213 113
11 196 3 22 17 114 97 29 15 221 227 24 177 137 122 253 5 28 204 0 168 6 201 231 130 214 1 176 4 52 172 13 173 125 107 25 8 224 37 182 32 226 27 20 193 65 59 2 63 245 203 205 85 14 19 58 229 159 38 102 41 191 108 42 56 36 202 127 133 71 179 197 207 95 255 199 248 30 251 73 31 115 47 109 44 123 185 220 78 35 43 164 183 18 118 128 83 55 218 80 165 49 101 68 135 143 235 116 117 40 129 228 82 89 110 208 54 181 74 180 77 198 211 33 9 239 105 152 192 23 155 16 171 156 242 64 103 86 240 87 48 75 174 34 212 46 62 146 254 53 121 67 167 234 88 61 111 169 104 79 106 166 51 69 70 91 131 236 237 139 92 215 45 222 132 100 7 194 170 200 157 50 160 98 12 90 120 145 163 66 136 219 241 21 140 94 138 246 119 230 93 217 161 126 210 81 141 233 162 209 112 189 153 244 147 175 144 99 149 151 225 178 26 60 134 223 186 158 195 232 150 216 39 188 187 206 243 250 72 247 84 190 57 148 124 249 184 76 154 142 252 96 10 238 213 113
11 196 3 22 17 114 97 29 15 221 227 24 177 137 122 253 5 28 204 0 168 6 201 231 130 214 1 176 4 52 172 13 173 125 107 25 8 224 37 182 32 226 27 20 193 65 59 2 63 245 203 205 85 14 19 58 229 159 38 102 41 191 108 42 56 36 202 127 133 71 179 197 207 95 255 199 248 30 251 73 31 115 47 109 44 123 185 220 78 35 43 164 183 18 118 128 83 55 218 80 165 49 101 68 135 143 235 116 117 40 129 228 82 89 110 208 54 181 74 180 77 198 211 33 9 239 105 152 192 23 155 16 171 156 242 64 103 86 240 87 48 75 174 34 212 46 62 146 254 53 121 67 167 234 88 61 111 169 104 79 106 166 51 69 70 91 131 236 237 233 92 215 45 222 132 100 7 194 170 200 157 50 160 98 12 90 120 145 163 66 136 219 241 21 140 94 138 246 119 230 93 217 161 126 210 81 141 139 162 209 112 189 153 244 147 175 144 99 149 151 225 178 26 60 134 223 186 158 195 232 150 216 39 188 187 206 243 250 72 247 84 190 57 148 124 249 184 76 154 142 252 96 10 238 213 113
11 196 3 22 17 114 97 29 15 221 227 24 177 76 122 253 5 28 204 0 168 2 151 231 130 214 1 176 4 52 68 13 173 209 107 25 8 224 37 182 32 226 27 20 193 65 59 6 63 245 203 205 85 14 19 58 229 159 38 102 41 191 108 42 56 36 202 127 133 71 179 197 207 95 255 199 248 30 251 73 31 115 155 109 44 123 185 220 78 35 43 164 183 129 118 128 83 55 218 80 165 49 101 18 135 143 235 116 117 40 186 228 82 89 110 208 54 181 74 180 77 198 211 33 9 239 105 152 192 23 47 16 171 156 242 64 81 86 240 87 48 75 174 34 212 46 62 146 254 53 121 67 167 234 88 61 111 169 104 79 106 172 51 69 70 91 125 236 237 233 92 215 45 222 132 100 7 194 170 200 157 50 160 98 12 90 120 145 163 66 136 219 241 21 140 94 138 246 119 230 93 217 161 126 210 103 141 139 162 137 112 189 153 244 147 175 144 99 149 201 225 178 26 60 134 223 131 166 195 232 150 216 39 188 187 206 243 250 72 247 84 190 57 148 158 249 184 124 154 142 252 96 10 238 213 113
11 196 3 22 17 114 97 29 15 221 227 24 177 76 122 253 5 28 204 0 168 2 151 231 130 214 1 176 4 52 68 13 173 209 107 25 8 224 37 182 32 226 27 20 193 65 59 6 63 245 203 205 85 14 19 58 229 159 38 102 41 191 108 42 56 47 202 127 133 71 179 197 207 95 255 199 248 30 251 73 31 115 155 109 44 123 185 220 78 35 43 164 183 129 118 128 83 55 218 80 165 49 101 18 135 143 235 116 117 40 186 228 82 89 110 208 54 181 74 180 77 198 211 33 9 239 105 152 192 23 36 16 171 156 242 64 81 86 240 87 48 75 174 34 212 46 62 146 254 53 121 67 167 234 88 61 111 169 104 79 106 172 51 69 70 91 125 236 237 233 92 215 45 222 132 100 7 194 170 200 157 50 160 98 12 90 120 145 163 66 136 219 241 21 140 94 138 246 119 230 93 217 161 126 210 103 141 139 162 137 112 189 153 244 147 175 144 99 149 201 225 178 26 60 134 223 131 166 195 232 150 216 39 188 187 206 243 250 72 247 84 190 57 148 158 249 184 124 154 142 252 96 10 238 213 113
11 196 3 22 17 114 97 29 15 221 227 24 177 79 122 253 5 28 204 0 168 2 201 231 130 214 186 176 4 52 68 13 173 125 107 25 8 224 37 182 32 226 27 20 193 65 59 6 63 245 203 205 85 14 19 58 229 159 38 102 41 191 108 42 56 36 202 127 133 71 179 197 207 95 255 199 248 30 251 73 31 115 47 109 44 123 185 220 78 35 43 164 183 1 118 128 83 55 218 80 165 49 101 18 135 143 235 116 117 40 129 228 82 89 110 208 54 181 74 180 77 198 211 33 9 239 105 152 192 23 155 16 171 156 242 64 81 86 240 87 48 75 174 34 212 46 62 146 254 53 121 67 167 234 88 61 111 169 104 137 106 172 51 69 70 91 158 236 237 233 92 215 45 222 132 100 7 194 170 200 157 50 160 98 12 90 120 145 163 66 136 219 241 21 140 94 138 246 119 230 93 217 161 126 210 76 141 139 162 103 112 189 153 244 147 175 144 99 149 151 225 178 26 60 134 223 131 166 195 232 150 216 39 188 187 206 243 250 72 247 84 190 57 148 209 249 184 124 154 142 252 96 10 238 213 113
11 196 3 22 17 114 97 29 15 221 34 24 177 137 122 253 5 28 204 0 168 2 151 231 130 214 1 176 4 52 68 13 173 209 107 25 8 224 37 182 32 226 27 20 193 65 59 6 63 245 203 205 85 14 19 58 229 159 38 102 41 191 108 42 56 36 202 127 133 71 179 197 207 95 255 199 248 30 251 73 31 115 47 109 44 123 185 220 78 35 43 164 183 129 118 128 83 55 218 80 165 49 101 18 135 143 235 116 117 40 186 228 82 89 110 208 54 181 74 180 76 198 211 33 9 239 105 152 192 23 155 16 171 156 242 64 77 86 240 87 48 75 174 227 212 46 62 146 254 53 121 67 167 234 88 61 111 169 104 79 106 172 51 69 70 91 158 236 237 233 92 215 45 222 132 100 7 194 170 200 157 50 160 98 12 90 120 145 163 66 136 219 241 21 140 94 138 246 119 230 93 217 161 126 210 103 141 139 162 81 112 189 153 244 147 175 144 99 149 201 225 178 26 60 134 223 131 166 195 232 150 216 39 188 187 206 243 250 72 247 84 190 57 148 125 249 184 124 154 142 252 96 10 238 213 113
11 196 3 22 17 114 97 29 15 221 34 24 177 137 122 253 5 28 204 0 168 2 151 231 130 214 1 176 4 52 68 13 173 209 107 25 8 224 37 182 32 226 27 20 193 65 59 6 63 245 203 205 85 14 19 58 229 159 38 102 41 191 108 42 56 36 202 127 133 71 179 197 207 95 255 199 248 30 251 73 31 115 47 109 44 123 185 220 78 35 43 164 183 129 118 128 83 55 218 80 165 49 101 18 135 143 235 116 117 40 186 228 82 89 110 208 54 181 74 180 76 198 211 33 9 239 105 152 192 23 155 16 171 156 242 64 81 86 240 87 48 75 174 227 212 46 62 146 254 53 121 67 167 234 88 61 111 169 104 79 106 172 51 69 70 91 158 236 237 233 92 215 45 222 132 100 7 194 170 200 157 50 160 98 12 90 120 145 163 66 136 219 241 21 140 94 138 246 119 230 93 217 161 126 210 103 141 139 162 77 112 189 153 244 147 175 144 99 149 201 225 178 26 60 134 223 131 166 195 232 150 216 39 188 187 206 243 250 72 247 84 190 57 148 125 249 184 124 154 142 252 96 10 238 213 113
11 196 3 22 17 114 97 29 15 221 34 24 177 137 122 253 5 28 204 0 168 2 151 231 130 214 1 176 4 52 68 13 173 209 107 25 8 224 37 182 32 226 27 20 193 65 59 6 63 245 203 205 85 14 19 58 229 159 38 102 41 191 108 42 56 36 202 127 133 71 179 197 207 95 255 199 248 30 251 73 31 115 47 109 44 123 185 220 78 35 43 164 183 129 118 128 83 55 218 80 165 49 101 18 135 143 235 116 117 40 186 228 82 89 110 208 54 181 74 180 77 198 211 33 9 239 105 152 192 23 155 16 171 156 242 64 81 86 240 87 48 75 174 227 212 46 62 146 254 53 121 67 167 234 88 61 111 169 104 79 106 172 51 69 70 91 158 236 237 233 92 215 45 222 132 100 7 194 170 200 157 50 160 98 12 90 120 145 163 66 136 219 241 21 140 94 138 246 119 230 93 217 161 126 210 103 141 139 162 213 112 189 153 244 147 175 144 99 149 201 225 178 26 60 134 223 131 166 195 232 150 216 39 188 187 206 243 250 72 247 84 190 57 148 125 249 184 124 154 142 252 96 10 238 76 113
11 196 3 22 17 114 97 29 15 221 34 24 177 137 122 253 5 28 204 0 168 2 151 231 130 214 1 176 4 52 68 13 173 209 107 25 8 224 37 182 32 226 27 20 193 65 59 6 63 245 203 205 85 14 19 58 229 159 38 102 41 191 108 42 56 36 202 127 133 71 179 197 207 95 255 199 248 30 251 73 31 115 47 109 44 123 185 220 78 35 43 164 183 129 118 128 83 55 218 80 165 49 101 18 135 143 235 116 117 40 186 228 82 89 110 208 54 181 74 180 77 198 211 33 9 239 105 152 192 23 155 16 171 156 242 64 81 86 240 87 48 75 174 227 212 46 62 146 254 53 121 67 167 234 88 61 111 169 104 79 106 172 51 69 70 91 158 236 237 233 92 215 45 222 132 100 7 194 170 200 157 50 160 98 12 90 120 145 163 66 136 219 241 21 140 94 138 246 119 230 93 217 161 126 210 103 141 139 162 213 112 189 153 244 147 175 144 99 149 201 225 178 26 60 134 223 76 166 195 232 150 216 39 188 187 206 243 250 72 247 84 190 57 148 125 249 184 124 154 142 252 96 10 238 131 113
11 196 3 22 17 114 97 29 15 221 34 24 177 137 122 253 5 28 204 0 168 2 151 231 130 214 1 176 4 52 68 13 173 209 107 25 8 224 37 182 32 226 27 20 193 65 59 6 63 245 203 205 85 14 19 58 229 159 38 102 41 191 108 42 56 36 202 127 133 71 179 197 207 95 255 199 248 30 251 73 31 115 47 109 44 123 185 220 78 35 43 164 183 129 118 128 83 55 218 80 165 49 101 18 135 143 235 116 117 40 186 228 82 89 110 208 54 181 74 180 77 198 211 33 9 239 105 152 192 23 155 16 171 156 242 64 81 86 240 87 48 75 174 227 212 46 62 146 254 53 121 67 167 234 88 61 111 169 104 79 106 172 51 69 70 91 158 236 237 233 92 215 45 222 132 100 7 194 170 200 157 50 160 98 12 90 120 145 163 66 136 219 241 21 140 94 138 246 119 230 93 217 161 126 210 103 141 139 162 76 112 189 153 244 147 175 144 99 149 201 225 178 26 60 134 223 131 166 195 232 150 216 39 188 187 206 243 250 72 247 84 190 57 148 125 249 184 124 154 142 252 96 10 238 213 113
11 196 3 22 17 114 97 29 189 221 227 24 177 137 122 253 5 28 204 0 168 2 201 231 130 214 1 176 4 52 68 13 173 209 107 25 8 224 37 182 32 226 27 20 193 65 59 6 63 187 203 205 85 14 19 58 229 159 38 102 41 191 108 42 56 36 202 127 133 71 179 197 207 95 255 199 248 30 251 73 31 115 47 109 44 123 185 220 78 35 43 164 183 129 118 128 83 55 218 80 165 49 101 18 135 143 235 116 117 40 186 228 82 89 110 208 54 181 74 180 77 198 211 33 9 239 105 152 192 23 155 16 171 156 242 64 81 86 240 87 48 75 174 34 212 46 62 146 254 53 121 67 167 234 88 61 111 169 104 79 106 172 51 69 70 91 158 236 237 233 92 215 45 222 132 100 7 194 170 200 157 50 160 98 12 90 120 145 163 66 136 219 241 21 140 94 138 246 119 230 93 217 161 126 210 103 141 139 162 76 112 15 153 244 147 175 144 99 149 151 225 178 26 60 134 223 131 166 195 232 150 216 39 188 245 206 243 250 72 247 84 190 57 148 125 249 184 124 154 142 252 96 10 238 213 113
11 196 3 22 17 114 97 29 189 221 227 24 177 137 122 253 5 28 204 0 168 2 201 231 130 214 1 176 4 52 68 13 173 209 107 25 8 224 37 182 32 226 27 20 193 65 59 6 63 245 203 205 85 14 19 58 229 159 38 102 41 191 108 42 56 36 202 127 133 71 179 197 207 95 255 199 248 30 251 73 31 115 47 109 44 123 185 220 78 35 43 164 183 129 118 128 83 55 218 80 165 49 101 18 135 143 235 116 117 40 186 228 82 89 110 208 54 181 74 180 77 198 211 33 9 239 105 152 192 23 155 16 171 156 242 64 81 86 240 87 48 75 174 34 212 46 62 146 254 53 121 67 167 234 88 61 111 169 104 79 106 172 51 69 70 91 158 236 237 233 92 215 45 222 132 100 7 194 170 200 157 50 160 98 12 90 120 145 163 66 136 219 241 21 15 94 138 246 119 230 93 217 161 126 210 103 141 139 162 76 112 140 153 244 147 175 144 99 149 151 225 178 26 60 134 223 131 166 195 232 150 216 39 188 187 206 243 250 72 247 84 190 57 148 125 249 184 124 154 142 252 96 10 238 213 113
11 196 3 22 17 114 97 29 37 221 227 24 177 137 122 253 5 28 204 0 168 2 201 231 130 214 1 176 4 52 68 13 173 209 107 25 8 224 15 182 32 226 27 20 193 65 59 6 63 245 125 205 85 14 19 58 229 159 38 102 41 191 108 42 56 36 202 127 133 71 179 197 207 95 255 199 248 30 251 73 31 115 47 109 44 123 185 220 78 35 43 164 183 129 118 128 83 147 218 80 165 49 101 18 135 143 235 116 117 40 186 228 82 89 110 208 54 181 74 180 77 198 211 33 9 239 105 152 192 23 155 16 171 156 242 64 81 86 240 87 48 75 174 34 212 46 62 146 254 53 121 67 167 234 88 61 111 169 104 79 106 172 51 69 70 91 158 236 237 233 92 215 45 222 132 100 7 194 170 200 157 50 160 98 12 90 120 145 163 66 136 219 241 21 140 94 138 246 119 230 93 217 161 126 210 103 141 139 162 76 112 189 153 244 55 175 144 99 149 151 225 178 26 60 134 223 131 166 195 232 150 216 39 188 187 206 243 250 72 247 84 190 57 148 203 249 184 124 154 142 252 96 10 238 213 113
11 196 3 22 17 114 97 29 37 221 227 24 177 137 122 253 5 28 204 0 168 2 201 231 130 214 1 176 4 52 68 13 173 209 107 25 8 224 15 182 32 226 27 20 193 65 59 6 63 245 203 205 85 14 19 58 229 159 38 102 41 191 108 42 56 36 202 127 133 71 179 197 207 95 255 199 248 30 251 73 31 115 123 109 44 47 185 220 78 35 43 164 183 129 118 128 83 55 218 80 165 49 101 18 135 143 235 116 117 40 186 228 82 89 110 208 54 181 74 180 77 198 211 33 9 239 105 152 192 23 155 16 171 156 242 64 81 86 240 87 48 75 174 34 212 46 62 146 254 53 121 67 167 234 88 61 111 169 104 79 106 172 51 69 70 91 158 236 237 233 92 215 45 222 132 100 7 194 170 200 157 50 160 98 12 90 120 145 163 66 136 219 241 21 140 94 138 246 119 230 93 217 161 126 210 103 141 139 162 76 112 189 153 244 147 175 144 99 149 151 225 178 26 60 134 223 131 166 195 232 150 216 39 188 187 206 243 250 72 247 84 190 57 148 125 249 184 124 154 142 252 96 10 238 213 113
11 196 3 22 17 114 97 29 4 221 227 24 177 137 122 253 5 28 204 0 168 2 201 231 130 214 1 176 15 52 68 13 173 125 107 25 8 224 37 182 32 226 27 20 193 65 59 6 63 245 203 205 85 14 19 58 229 159 38 102 41 191 108 42 56 36 202 127 133 71 179 197 207 95 255 199 248 30 251 73 31 115 47 109 44 123 185 220 78 35 43 164 183 129 118 128 83 55 218 80 165 49 101 18 135 143 235 116 117 40 186 228 82 89 110 208 54 181 74 180 77 198 211 33 9 239 105 152 192 23 155 16 171 156 242 64 81 86 240 87 48 75 174 34 212 46 62 146 254 53 121 67 167 234 88 61 111 169 104 79 106 172 51 69 70 91 158 236 237 233 92 215 45 222 132 100 7 194 170 200 157 50 160 98 12 90 120 145 163 66 136 219 241 21 140 94 138 246 119 230 93 217 161 126 210 103 141 139 162 76 112 189 153 244 147 175 144 99 149 151 225 178 26 60 134 223 131 166 195 232 150 216 39 188 187 206 243 250 72 247 84 190 57 148 209 249 184 124 154 142 252 96 10 238 213 113
11 196 3 22 17 114 97 29 4 221 227 24 177 137 122 253 5 28 204 0 168 2 201 231 130 214 1 176 15 52 68 13 173 209 107 25 8 224 37 182 32 226 27 20 193 65 59 6 63 245 203 205 85 14 19 58 229 159 38 102 41 191 108 42 56 36 202 127 133 71 179 197 207 95 255 199 248 30 251 73 31 115 47 109 44 123 185 220 78 35 43 164 183 129 118 128 83 55 218 80 165 49 101 18 135 143 235 116 117 40 186 228 82 89 110 208 54 181 74 180 77 198 211 33 9 239 105 152 192 23 155 16 171 156 242 64 81 86 240 87 48 75 174 34 212 46 62 146 254 53 121 67 167 234 88 61 111 169 104 79 106 172 51 69 70 91 158 236 237 233 92 215 45 222 132 100 7 194 170 200 157 50 160 98 12 90 120 145 163 66 136 219 241 21 140 94 138 246 119 230 93 217 161 126 210 103 141 139 162 76 112 189 153 244 147 175 144 99 149 151 225 178 26 60 134 223 131 166 195 232 150 216 39 188 187 206 243 250 72 247 84 190 57 148 125 249 184 124 154 142 252 96 10 238 213 113
110 209 174 103 232 246 234 59 32 239 118 23 222 75 7 57 97 20 79 28 4 215 60 42 153 22 171 95 113 242 211 144 80 13 156 17 145 1 167 195 149 180 16 24 190 219 18 87 226 88 19 160 71 29 58 50 240 142 51 12 2 9 244 204 43 231 104 176 158 253 114 173 21 212 92 46 30 53 169 197 179 164 69 10 216 89 140 192 73 68 11 74 26 133 82 177 49 105 129 187 193 27 6 163 3 38 147 101 116 245 186 47 196 203 121 157 120 67 31 111 36 15 54 25 56 218 109 61 224 237 93 81 235 70 41 128 210 64 175 63 108 122 107 14 151 91 223 233 152 37 40 227 134 76 55 172 115 34 52 84 98 96 8 148 143 72 45 161 254 206 208 65 229 205 119 162 124 62 44 35 123 155 5 48 102 191 170 159 39 146 228 189 247 112 86 127 138 33 125 90 249 198 201 238 131 213 83 214 136 0 126 168 132 99 77 94 181 100 199 236 137 207 184 255 250 251 221 150 182 165 141 243 117 194 202 66 230 139 135 166 154 252 200 85 217 106 78 225 241 220 178 188 185 248 130 183
110 209 174 103 232 246 234 59 32 239 118 23 222 75 7 57 97 20 79 28 4 215 60 42 153 22 171 95 113 242 211 144 80 13 156 17 145 1 167 195 149 180 16 24 190 219 18 87 226 88 19 160 71 29 58 50 240 142 51 12 2 9 244 204 43 231 104 176 158 66 114 173 21 212 92 46 30 53 169 197 179 164 69 10 216 89 140 192 73 68 11 74 26 133 82 177 49 105 129 187 193 27 6 15 3 38 147 101 116 245 186 47 196 203 121 157 120 67 31 111 36 163 54 25 56 218 109 61 224 237 93 81 235 70 41 128 210 64 175 63 108 122 107 14 151 91 223 233 152 37 40 227 134 76 55 172 115 34 52 84 98 96 8 148 143 72 45 161 254 206 208 65 229 205 119 162 124 62 44 35 123 155 5 48 102 191 170 159 39 146 228 189 247 112 86 127 138 33 125 90 249 198 201 238 131 213 83 214 136 0 126 168 132 99 77 94 181 100 199 236 137 207 184 255 250 251 221 150 182 165 141 243 117 194 202 253 230 139 135 166 154 252 200 85 217 106 78 225 241 220 178 188 185 248 130 183
116 209 174 103 232 246 234 59 32 239 118 23 222 75 7 57 97 20 79 28 4 215 60 42 153 22 171 95 113 101 211 144 80 13 156 17 145 1 167 195 149 180 16 24 190 219 18 87 226 88 19 160 71 29 58 50 240 142 51 12 2 9 244 204 43 231 104 176 158 253 114 173 21 212 92 46 30 53 169 197 179 164 69 10 216 89 140 192 73 68 11 74 26 133 82 177 49 105 129 187 193 27 6 163 3 38 147 242 112 245 186 47 196 203 121 157 120 67 31 111 36 15 54 25 56 218 109 61 224 237 93 81 235 70 41 128 210 64 175 63 108 122 107 14 151 91 223 233 152 37 40 227 134 76 55 172 115 34 52 84 98 96 8 148 143 72 45 161 254 206 208 65 229 205 119 162 124 62 44 35 123 155 5 48 102 191 170 159 39 146 228 189 247 110 86 127 138 33 125 90 249 198 201 238 131 213 83 214 136 0 126 168 132 99 77 94 181 100 199 236 137 207 184 255 250 251 221 150 182 165 141 243 117 194 202 66 230 139 135 166 154 252 200 85 217 106 78 225 241 220 178 188 185 248 130 183
116 209 174 103 232 246 234 59 32 239 118 23 222 75 7 57 97 20 79 28 4 215 60 42 153 22 171 95 113 242 211 144 80 13 156 17 145 1 167 195 149 180 16 24 190 219 18 87 226 88 19 160 71 29 58 50 240 142 51 12 2 9 244 204 43 231 104 11 158 66 114 173 21 212 92 46 30 53 169 197 179 164 69 10 216 89 140 192 251 68 176 74 26 133 82 177 49 105 129 187 193 27 6 163 3 38 147 101 165 245 134 47 196 203 121 157 120 67 31 111 36 15 54 25 56 218 109 61 224 237 93 81 235 70 41 128 210 64 175 63 108 122 107 14 151 91 223 233 152 37 40 227 110 76 55 172 115 34 0 84 98 96 8 148 143 72 45 161 254 206 208 65 229 205 119 162 124 62 44 35 123 155 5 48 102 191 170 159 39 146 228 189 247 112 86 127 138 33 125 90 249 198 201 238 131 213 83 73 136 52 126 168 132 99 77 94 181 100 199 236 137 207 184 255 250 214 221 150 182 186 141 243 117 194 202 253 230 139 135 166 154 252 200 85 217 106 78 225 241 220 178 188 185 248 130 183
116 209 174 103 232 246 234 59 32 239 118 23 222 75 7 57 97 20 79 28 4 215 60 42 153 22 171 95 113 242 211 144 80 13 156 17 145 1 167 195 149 180 16 24 190 219 18 87 226 88 19 160 71 29 58 50 240 142 51 12 2 9 244 204 43 231 104 11 158 66 114 173 21 212 92 46 30 53 169 197 179 164 69 10 216 89 140 192 251 68 176 74 26 133 82 177 49 105 129 187 193 27 6 163 3 38 147 101 165 245 134 47 196 203 121 157 120 67 31 111 36 15 54 25 56 218 109 61 224 237 93 81 235 70 41 128 210 64 175 63 108 122 107 14 151 91 223 233 152 37 40 227 110 76 55 172 115 34 52 84 98 96 8 148 143 72 45 161 254 206 208 65 229 205 119 162 124 62 44 35 123 155 5 48 102 191 170 159 39 146 228 189 247 112 86 127 138 33 125 90 249 198 201 238 131 213 83 73 136 0 126 168 132 99 77 94 181 100 199 236 137 207 184 255 250 214 221 150 182 186 141 243 117 194 202 253 230 139 135 166 154 252 200 85 217 106 78 225 241 220 178 188 185 248 130 183
116 209 174 103 232 246 234 59 32 239 118 23 222 75 7 57 97 20 79 28 4 215 60 42 153 22 171 95 113 242 211 144 80 13 156 17 145 1 167 195 149 180 16 24 190 219 18 87 226 88 19 160 71 29 58 50 240 142 51 12 2 9 244 204 43 231 104 176 158 66 114 173 11 212 92 46 30 53 169 197 179 164 69 10 216 89 140 192 251 68 21 74 26 133 82 177 49 105 129 187 193 27 6 163 3 38 147 101 165 245 134 47 196 203 121 157 120 67 31 111 36 15 54 25 56 218 109 61 224 237 93 81 235 70 41 128 210 64 175 63 108 122 107 14 151 91 223 233 152 37 40 227 110 76 55 52 115 34 172 84 98 96 8 148 143 72 45 161 254 206 208 65 229 205 119 162 124 62 44 35 123 155 5 48 102 191 170 159 39 146 228 189 247 112 86 127 138 33 125 90 249 198 201 238 131 213 83 73 136 0 126 168 132 99 77 94 181 100 199 236 137 207 184 255 250 214 221 150 182 186 141 243 117 194 202 253 230 139 135 166 154 252 200 85 217 106 78 225 241 220 178 188 185 248 130 183
116 209 174 103 232 246 234 59 32 239 118 23 222 75 7 57 97 20 79 28 4 215 60 42 153 22 171 95 113 242 211 144 80 13 156 17 145 1 167 195 149 180 16 24 190 219 18 87 226 88 19 160 71 29 58 50 240 142 51 12 2 9 244 204 43 231 104 176 158 66 114 173 21 212 92 46 30 53 169 197 179 164 69 10 216 89 140 192 251 68 11 74 26 133 82 177 49 105 129 187 193 27 6 163 3 38 147 101 165 245 134 47 196 203 121 157 120 67 31 111 36 15 54 25 56 218 109 61 224 237 93 81 235 70 41 128 210 64 175 63 108 122 107 14 151 91 223 233 152 37 40 227 110 76 55 172 115 34 0 84 98 96 8 148 143 72 45 161 254 206 208 65 229 205 119 162 124 62 44 35 123 155 5 48 102 191 170 159 39 146 228 189 247 112 86 127 138 33 125 90 249 198 201 238 131 213 83 73 136 52 126 168 132 99 77 94 181 100 199 236 137 207 184 255 250 214 221 150 182 186 141 243 117 194 202 253 230 139 135 166 154 252 200 85 217 106 78 225 241 220 178 188 185 248 130 183
116 209 174 103 232 246 234 59 32 239 118 23 222 75 7 57 97 20 79 28 4 215 60 42 153 22 171 95 113 242 211 144 80 13 156 17 145 1 167 195 149 180 16 24 190 219 18 87 226 88 19 160 71 29 58 50 240 142 51 12 2 9 244 204 43 231 104 176 158 66 114 173 21 212 92 46 30 53 169 197 179 164 69 10 216 89 140 192 251 68 11 74 26 133 82 177 49 105 129 187 193 27 6 163 3 38 147 101 165 245 134 47 196 203 121 157 120 67 31 111 36 15 54 25 56 218 109 61 224 237 93 81 235 70 41 128 210 64 175 63 108 122 107 14 151 91 223 233 152 37 40 227 110 76 55 172 115 34 52 84 98 96 8 148 143 72 45 161 254 206 208 65 229 205 119 162 124 62 44 35 123 155 5 48 102 191 170 159 39 146 228 189 247 112 86 127 138 33 125 90 249 198 201 238 131 213 83 73 136 0 126 168 132 99 77 94 181 100 199 236 137 207 184 255 250 214 221 150 182 186 141 243 117 194 202 253 230 139 135 166 154 252 200 85 217 106 78 225 241 220 178 188 185 248 130 183
116 209 174 103 232 246 234 59 32 239 118 23 222 75 7 57 97 20 79 28 4 215 60 42 153 22 171 95 113 242 211 144 80 13 156 17 145 1 167 195 149 180 16 24 190 219 18 87 226 88 19 160 71 29 58 50 240 142 51 12 2 9 244 204 43 231 104 176 158 66 114 173 21 212 92 46 30 53 169 197 179 164 69 10 216 89 140 192 251 68 11 74 26 133 82 177 49 105 129 187 193 27 6 163 3 38 147 101 165 245 134 47 196 203 121 157 120 67 31 111 36 15 54 25 56 218 109 61 224 237 93 81 235 70 41 128 210 64 175 63 108 122 107 14 151 91 223 233 152 37 40 227 110 76 55 172 115 34 8 84 98 96 186 148 143 72 45 161 254 206 208 65 229 205 119 162 124 62 44 35 123 155 5 48 102 191 170 159 39 146 228 189 247 112 86 127 138 33 125 90 249 198 201 238 131 213 83 73 136 0 126 168 132 99 77 94 181 100 199 236 137 207 184 255 250 214 221 150 182 52 141 243 117 194 202 253 230 139 135 166 154 252 200 85 217 106 78 225 241 220 178 188 185 248 130 183
116 209 174 103 232 246 234 59 32 239 118 23 222 75 7 57 97 20 79 28 4 215 60 42 153 22 171 95 113 242 211 144 80 13 156 17 145 1 167 195 149 180 16 24 190 219 18 87 226 88 19 160 71 29 58 50 240 142 51 12 2 9 244 204 43 231 104 176 158 66 114 173 21 212 92 46 30 53 169 197 179 164 69 10 216 89 140 192 251 68 11 74 26 133 82 177 49 105 129 187 193 27 6 163 3 38 147 101 165 245 134 47 196 203 121 157 120 67 31 111 36 15 54 25 56 218 109 61 224 237 93 81 235 70 41 128 210 64 175 63 108 122 107 14 151 91 223 233 152 37 40 227 110 76 55 182 115 34 172 84 98 96 8 148 143 72 45 161 254 206 208 65 229 205 119 162 124 62 44 35 123 155 5 48 102 191 170 159 39 146 228 189 247 112 86 127 138 33 125 90 249 198 201 238 131 213 83 73 136 0 126 168 132 99 77 94 181 100 199 236 137 207 184 255 250 214 221 150 52 186 141 243 117 194 202 253 230 139 135 166 154 252 200 85 217 106 78 225 241 220 178 188 185 248 130 183
116 209 174 103 232 246 234 59 32 239 118 23 222 75 7 57 97 20 79 28 4 215 60 42 153 22 171 95 113 242 211 144 80 13 156 17 145 1 167 195 149 180 16 24 190 219 18 87 226 88 19 160 71 29 58 50 240 142 51 12 2 9 244 204 43 231 104 176 158 66 114 173 21 212 92 46 30 53 169 197 179 164 69 10 216 89 140 192 251 68 11 74 26 133 82 177 49 105 129 187 193 27 6 163 3 38 147 101 165 245 134 47 196 203 121 157 120 67 31 111 36 15 54 25 56 218 109 61 224 237 93 81 235 70 41 128 210 64 175 63 108 122 107 14 151 91 223 233 152 37 40 227 110 76 55 52 115 34 172 84 98 96 8 148 143 72 45 161 254 206 208 65 229 205 119 162 124 62 44 35 123 155 5 48 102 191 170 159 39 146 228 189 247 112 86 127 138 33 125 90 249 198 201 238 131 213 83 73 136 0 126 168 132 99 77 94 181 100 199 236 137 207 184 255 250 214 221 150 182 186 141 243 117 194 202 253 230 139 135 166 154 252 200 85 217 106 78 225 241 220 178 188 185 248 130 183
116 209 174 103 232 246 234 59 32 239 118 23 222 75 7 57 97 20 79 28 4 215 60 42 153 22 171 95 113 242 211 144 80 13 156 17 145 1 167 195 149 180 16 24 190 219 18 87 226 88 19 160 71 29 58 50 240 142 51 12 2 9 244 204 43 231 104 176 158 66 114 173 21 212 92 46 30 53 169 197 179 164 69 10 216 89 140 192 251 68 11 74 26 133 82 177 49 105 129 187 193 27 6 163 3 38 147 101 165 245 186 47 196 203 121 157 120 67 31 111 36 15 54 25 56 218 109 61 224 237 93 81 235 70 41 128 210 64 175 63 108 122 107 14 151 91 223 233 152 37 40 227 110 76 55 172 115 34 134 84 98 96 8 148 143 72 45 161 254 206 208 65 229 205 119 162 124 62 44 35 123 155 5 48 102 191 170 159 39 146 228 189 247 112 86 127 138 33 125 90 249 198 201 238 131 213 83 73 136 0 126 168 132 99 77 94 181 100 199 236 137 207 184 255 250 214 221 150 182 52 141 243 117 194 202 253 230 139 135 166 154 252 200 85 217 106 78 225 241 220 178 188 185 248 130 183
116 209 174 103 232 246 234 59 32 239 118 23 222 75 7 57 97 20 79 28 4 215 60 42 153 22 171 95 113 242 211 144 80 13 156 17 145 1 167 195 149 180 16 24 190 219 18 87 226 88 19 160 71 29 58 50 240 142 51 12 2 9 244 204 43 231 104 176 158 66 114 173 21 212 92 46 30 53 169 197 179 164 69 10 216 89 140 192 251 68 11 74 26 133 82 177 49 105 129 187 193 27 6 163 3 38 147 101 165 245 186 47 196 203 121 157 120 67 31 111 36 15 54 25 56 218 109 61 224 237 93 81 235 70 41 128 210 64 175 63 108 122 107 14 151 91 223 233 152 37 40 227 110 76 55 172 115 34 52 84 98 96 8 148 143 72 45 161 254 206 208 65 229 205 119 162 124 62 44 35 123 155 5 48 102 191 170 159 39 146 228 189 247 112 86 127 138 33 125 90 249 198 201 238 131 213 83 73 136 0 126 168 132 99 77 94 181 100 199 236 137 207 184 255 250 214 221 150 182 134 141 243 117 194 202 253 230 139 135 166 154 252 200 85 217 106 78 225 241 220 178 188 185 248 130 183
116 209 174 103 232 246 234 59 32 239 118 23 222 75 7 57 97 20 79 28 4 215 60 42 153 22 171 95 113 242 211 144 80 13 156 17 145 1 167 195 149 180 16 24 190 219 18 87 226 88 19 160 71 29 58 50 240 142 51 12 2 9 244 204 43 231 104 176 158 66 114 173 21 212 92 46 30 53 169 197 179 164 69 10 216 89 140 192 251 68 11 74 26 133 82 177 49 105 129 187 193 27 6 163 3 38 147 101 165 245 52 47 196 203 121 157 120 67 31 111 36 15 54 25 56 218 109 61 224 237 93 81 235 70 41 128 210 64 175 63 108 122 107 14 151 91 223 233 152 37 40 227 110 76 55 172 115 34 134 84 98 96 8 148 143 72 45 161 254 206 208 65 229 205 119 162 124 62 44 35 123 155 5 48 102 191 170 159 39 146 228 189 247 112 86 127 138 33 125 90 249 198 201 238 131 213 83 73 136 0 126 168 132 99 77 94 181 100 199 236 137 207 184 255 250 214 221 150 182 186 141 243 117 194 202 253 230 139 135 166 154 252 200 85 217 106 78 225 241 220 178 188 185 248 130 183
116 209 174 103 232 246 234 59 32 239 118 23 222 75 7 57 97 20 79 28 4 215 60 42 153 22 171 95 113 242 211 144 80 13 156 17 145 1 167 195 149 180 16 24 190 219 18 87 226 88 19 160 71 29 58 50 240 142 51 12 2 9 244 204 43 231 104 176 158 66 114 173 21 212 92 46 30 53 169 197 179 164 69 10 216 89 140 192 251 68 182 74 26 133 82 177 49 105 129 187 193 27 6 163 3 38 147 101 165 245 11 47 196 203 121 157 120 67 31 111 36 15 54 25 56 218 109 61 224 237 93 81 235 70 41 128 210 64 175 63 108 122 107 14 151 91 223 233 152 37 40 227 110 76 55 172 115 34 134 84 98 96 8 148 143 72 45 161 254 206 208 65 229 205 119 162 124 62 44 35 123 155 5 48 102 191 170 159 39 146 228 189 247 112 86 127 138 33 125 90 249 198 201 238 131 213 83 73 136 0 126 168 132 99 77 94 181 100 199 236 137 207 184 255 250 214 221 150 52 186 141 243 117 194 202 253 230 139 135 166 154 252 200 85 217 106 78 225 241 220 178 188 185 248 130 183
116 209 174 103 232 246 234 59 32 239 118 23 222 75 7 57 97 20 79 28 4 215 60 42 153 22 171 95 113 242 211 144 80 13 156 17 145 1 167 195 149 180 16 24 190 219 18 87 226 88 19 160 71 29 58 50 240 142 51 12 2 9 244 204 43 231 104 176 158 66 114 173 21 212 92 46 30 53 169 197 179 164 69 10 216 89 140 192 251 68 182 74 26 133 82 177 49 105 129 187 193 27 6 163 3 38 147 101 165 245 11 47 196 203 121 157 120 67 31 111 36 15 54 25 56 218 109 61 224 237 93 81 235 70 41 128 210 64 175 63 108 122 107 14 151 91 223 233 152 37 40 227 110 76 55 172 115 34 52 84 98 96 8 148 143 72 45 161 254 206 208 65 229 205 119 162 124 62 44 35 123 155 5 48 102 191 170 159 39 146 228 189 247 112 86 127 138 33 125 90 249 198 201 238 131 213 83 73 136 0 126 168 132 99 77 94 181 100 199 236 137 207 184 134 250 214 221 150 186 255 141 243 117 194 202 253 230 139 135 166 154 252 200 85 217 106 78 225 241 220 178 188 185 248 130 183
116 209 174 103 232 246 234 59 32 239 118 23 222 75 7 57 97 20 79 28 4 215 60 42 153 22 171 95 113 242 211 144 80 13 156 17 145 1 167 195 149 180 16 24 190 219 18 87 226 88 19 160 71 29 58 50 240 142 51 12 2 9 244 204 43 231 104 176 158 66 114 173 21 212 92 46 30 53 169 197 179 164 69 10 216 89 140 192 251 68 182 74 26 133 82 177 49 105 129 187 193 27 6 163 3 38 147 101 165 245 11 47 196 203 121 157 120 67 31 111 36 15 54 25 56 218 109 61 224 237 93 81 235 70 41 128 210 64 175 63 108 122 107 14 151 91 223 233 52 37 40 227 110 76 55 172 115 34 134 84 98 96 8 148 143 72 45 161 254 206 208 65 229 205 119 162 124 62 44 35 123 155 5 48 102 191 170 159 39 146 228 189 247 112 86 127 138 33 125 90 249 198 201 238 131 213 83 73 136 0 126 168 132 99 77 94 181 100 199 236 137 207 184 255 250 214 221 150 152 186 141 243 117 194 202 253 230 139 135 166 154 252 200 85 217 106 78 225 241 220 178 188 185 248 130 183
116 209 174 103 232 246 234 59 32 239 118 23 222 75 7 57 97 20 79 28 4 215 60 42 153 22 171 95 113 242 211 144 80 13 156 17 145 1 167 195 149 180 16 24 190 219 18 87 226 88 19 160 71 29 58 50 240 142 51 12 2 9 244 204 43 231 104 176 158 66 114 173 21 212 92 46 30 53 169 197 179 164 69 10 216 89 140 192 251 68 182 74 26 133 82 177 49 105 129 187 193 27 6 163 3 38 147 101 165 245 11 47 196 203 121 157 120 67 31 111 36 15 54 25 56 218 109 61 224 237 93 81 235 70 41 128 210 64 175 63 108 35 107 14 151 91 223 233 152 37 40 227 110 76 55 172 115 34 134 84 98 96 8 148 143 72 45 161 254 206 208 65 229 205 119 162 124 62 44 122 123 155 5 48 102 191 170 159 39 146 228 189 247 112 86 127 138 33 125 90 249 198 201 238 131 213 83 73 136 0 126 168 132 99 77 94 181 100 199 236 137 207 184 255 250 214 221 150 52 186 141 243 117 194 202 253 230 139 135 166 154 252 200 85 217 106 78 225 241 220 178 188 185 248 130 183
116 209 174 103 232 246 234 59 32 239 118 23 222 75 7 57 97 20 79 28 4 215 60 42 153 22 171 95 113 242 211 144 80 13 156 17 145 1 167 195 149 180 16 24 190 219 18 87 226 88 19 160 71 29 58 50 240 142 51 12 2 9 244 204 43 231 104 176 158 66 114 173 21 212 92 46 30 53 169 197 179 164 69 10 216 89 140 192 38 68 11 74 26 133 82 177 49 105 129 187 193 27 6 163 3 52 147 101 165 245 186 47 196 203 121 157 120 67 31 111 36 15 54 25 56 218 109 61 224 237 93 81 235 70 41 128 210 64 175 63 108 122 107 14 151 91 223 233 152 37 40 227 110 76 55 172 115 34 252 84 98 96 8 148 143 72 45 161 254 206 208 65 229 205 119 162 124 62 44 35 123 155 5 48 102 191 170 159 39 146 228 189 247 112 86 127 138 33 125 90 249 198 201 238 131 213 83 73 136 0 126 168 132 99 77 94 181 100 199 236 137 207 184 255 250 251 221 150 182 134 141 243 117 194 202 253 230 139 135 166 154 214 200 85 217 106 78 225 241 220 178 188 185 248 130 183
116 209 174 103 232 246 234 59 32 239 118 23 222 75 7 57 97 20 79 28 4 215 60 42 153 22 171 95 113 242 211 144 80 13 156 17 145 1 167 195 149 180 16 24 190 219 18 87 226 88 19 160 71 29 58 50 240 142 51 12 2 9 244 204 43 231 104 176 158 66 114 173 21 212 92 46 30 53 169 197 179 164 69 10 216 89 140 192 38 68 11 74 26 133 82 177 49 105 129 187 193 27 6 163 3 52 147 101 165 245 186 47 196 203 121 157 120 67 31 111 36 15 54 25 56 218 109 61 224 237 93 81 235 70 41 128 210 64 175 63 108 122 107 14 151 91 223 233 152 37 40 227 110 76 55 172 115 34 73 84 98 96 8 148 143 72 45 161 254 206 208 65 229 205 119 162 124 62 44 35 123 155 5 48 102 191 170 159 39 146 228 189 247 112 86 127 138 33 125 90 249 198 201 238 131 213 83 214 136 0 126 168 132 99 77 94 181 100 199 236 137 207 184 255 250 251 221 150 182 134 141 243 117 194 202 253 230 139 135 166 154 252 200 85 217 106 78 225 241 220 178 188 185 248 130 183
116 209 174 103 232 246 234 59 32 239 118 23 222 75 7 57 97 20 79 28 4 215 60 42 153 22 171 95 113 242 211 144 80 13 156 17 145 1 167 195 149 180 16 24 190 219 18 87 226 88 19 160 71 29 58 50 240 142 51 12 2 9 244 204 43 231 104 176 158 66 114 173 21 212 92 46 30 53 169 197 179 164 69 10 216 89 140 192 73 68 11 74 26 133 82 177 49 105 129 187 193 27 6 163 3 38 147 101 110 245 186 47 196 203 121 157 120 67 31 111 36 15 54 25 56 218 109 61 224 237 93 81 235 70 41 128 210 64 175 63 108 122 107 14 151 91 223 233 152 37 40 227 134 76 55 172 115 34 52 84 98 96 8 148 143 72 45 161 254 206 208 65 229 205 119 162 124 62 44 35 123 155 5 48 102 191 170 159 39 146 228 189 247 112 86 127 138 33 125 90 249 198 201 238 131 213 83 214 136 0 126 168 132 99 77 94 181 100 199 236 137 207 184 255 250 251 221 150 182 165 141 243 117 194 202 253 230 139 135 166 154 252 200 85 217 106 78 225 241 220 178 188 185 248 130 183
116 209 174 103 232 246 234 59 32 239 118 23 222 75 7 57 97 20 79 28 4 215 60 42 153 22 171 95 113 242 211 144 80 13 156 17 145 1 167 195 149 180 16 24 190 219 18 87 226 88 19 160 71 29 58 50 240 142 51 12 2 9 244 204 43 231 104 176 158 66 114 173 21 212 92 46 30 53 169 197 179 164 69 10 216 89 140 192 73 68 11 74 26 133 82 177 49 105 129 187 193 27 6 163 3 38 147 101 112 245 186 47 196 203 121 157 120 67 31 111 36 15 54 25 56 218 109 61 224 237 93 81 235 70 41 128 210 64 175 63 108 122 107 14 151 91 223 233 152 37 40 227 134 76 55 172 115 34 52 84 98 96 8 148 143 72 45 161 254 206 208 65 229 205 119 162 124 62 44 35 123 155 5 48 102 191 170 159 39 146 228 189 247 110 86 127 138 33 125 90 249 198 201 238 131 213 83 214 136 0 126 168 132 99 77 94 181 100 199 236 137 207 184 255 250 251 221 150 182 165 141 243 117 194 202 253 230 139 135 166 154 252 200 85 217 106 78 225 241 220 178 188 185 248 130 183
116 209 174 103 232 246 234 59 32 239 118 23 222 75 7 57 97 20 79 28 4 215 60 42 153 22 171 95 113 242 211 144 80 13 156 17 145 1 167 195 149 180 16 24 190 219 18 87 226 88 19 160 71 29 58 50 240 142 51 12 2 9 244 204 43 231 104 176 158 66 114 173 21 212 92 46 30 53 169 197 179 164 69 10 216 89 140 192 73 68 11 74 26 133 82 177 49 105 129 187 193 27 6 163 3 38 147 101 238 245 186 47 196 203 121 157 120 67 31 111 36 15 54 25 56 218 109 61 224 237 93 81 235 70 41 128 210 64 175 63 108 122 107 14 151 91 223 233 152 37 40 227 110 76 55 172 115 34 52 84 98 96 8 148 143 72 45 161 254 206 208 65 229 205 119 162 124 62 44 35 123 155 5 48 102 191 170 159 39 146 228 189 247 112 86 127 138 33 125 90 249 198 201 134 131 213 83 214 136 0 126 168 132 99 77 94 181 100 199 236 137 207 184 255 250 251 221 150 182 165 141 243 117 194 202 253 230 139 135 166 154 252 200 85 217 106 78 225 241 220 178 188 185 248 130 183
116 209 174 103 232 246 234 59 32 239 118 23 222 75 7 57 97 20 79 28 4 215 60 42 153 22 171 95 113 242 211 144 80 13 156 17 145 1 167 195 149 180 16 24 190 219 18 87 226 88 19 160 71 29 58 50 240 142 51 12 2 9 244 204 43 231 104 176 158 66 114 173 21 212 92 46 30 53 169 197 179 164 69 10 216 89 140 192 73 68 11 74 26 133 82 177 49 105 129 187 193 27 6 163 3 90 147 101 112 245 186 47 196 203 121 157 120 67 31 111 36 15 54 25 56 218 109 61 224 237 93 81 235 70 41 128 210 64 175 63 108 122 107 14 151 91 223 233 152 37 40 227 134 76 55 172 115 34 52 84 98 96 8 148 143 72 45 161 254 206 208 65 229 205 119 162 124 62 44 35 123 155 5 48 102 191 170 159 39 146 228 189 247 110 86 127 138 33 125 38 249 198 201 238 131 213 83 214 136 0 126 168 132 99 77 94 181 100 199 236 137 207 184 255 250 251 221 150 182 165 141 243 117 194 202 253 230 139 135 166 154 252 200 85 217 106 78 225 241 220 178 188 185 248 130 183
116 209 174 103 232 246 234 59 32 239 118 23 222 75 7 57 97 20 79 28 4 215 60 42 153 22 171 95 113 242 211 144 80 13 156 17 145 1 167 195 149 180 16 24 190 219 18 87 226 88 19 160 71 29 58 50 240 142 51 12 2 9 244 204 43 231 104 176 158 73 114 173 21 212 92 46 30 53 169 197 179 164 115 10 216 89 140 192 66 68 11 74 26 133 82 177 49 105 129 187 193 27 6 163 3 90 147 101 112 245 186 47 196 203 121 157 120 67 31 111 36 15 54 25 56 218 109 61 224 237 93 81 235 70 41 128 210 64 175 63 108 122 107 14 151 91 223 233 152 37 40 227 134 76 55 172 69 34 52 84 98 96 8 148 143 72 45 161 254 206 208 65 229 205 119 162 124 62 44 35 123 155 5 48 102 191 170 159 39 146 228 189 247 110 86 127 138 33 125 38 249 198 201 238 131 213 83 214 136 0 126 168 132 99 77 94 181 100 199 236 137 207 184 255 250 251 221 150 182 165 141 243 117 194 202 253 230 139 135 166 154 252 200 85 217 106 78 225 241 220 178 188 185 248 130 183
116 209 174 103 232 246 234 59 32 239 118 23 222 75 7 57 97 20 79 28 4 215 60 42 153 22 171 95 113 242 211 144 80 13 156 17 145 1 167 195 149 180 16 24 190 219 18 87 226 88 19 160 71 29 58 50 240 142 51 12 2 9 244 204 43 231 104 176 158 73 114 173 21 212 92 46 30 53 169 197 179 164 161 10 216 89 140 192 66 68 11 74 26 133 82 177 49 105 129 187 193 27 6 163 3 38 147 101 112 245 186 47 196 203 121 157 120 67 31 111 36 15 54 25 56 218 109 61 224 237 93 81 235 70 41 128 210 64 175 63 108 122 107 14 151 91 223 233 152 37 40 227 134 76 55 172 115 34 52 84 98 96 8 148 143 72 45 139 254 206 208 65 229 205 119 162 124 62 44 35 123 155 5 48 102 191 170 159 39 146 228 189 247 110 86 127 138 33 125 90 249 198 201 238 131 213 83 214 136 0 126 168 132 99 77 94 181 100 199 236 137 207 184 255 250 251 221 150 182 165 141 243 117 194 202 253 230 69 135 166 154 252 200 85 217 106 78 225 241 220 178 188 185 248 130 183
116 209 174 103 232 246 234 59 32 239 118 23 222 75 7 57 97 20 79 28 4 215 60 42 153 22 171 95 113 242 211 144 80 13 156 17 145 1 167 195 149 180 16 24 190 219 18 87 226 88 19 160 71 29 58 50 240 142 51 12 2 9 244 204 43 231 104 176 158 73 114 173 21 212 92 46 30 53 169 197 179 164 223 10 216 89 140 192 66 68 11 74 26 133 82 177 49 105 129 187 193 27 6 163 3 38 147 101 112 245 186 47 196 203 121 157 120 67 31 111 36 15 54 25 56 218 109 61 224 237 93 81 235 70 41 128 210 64 175 63 108 122 107 14 151 91 139 233 152 37 40 227 134 76 55 172 115 34 52 84 98 96 8 148 143 72 45 161 254 206 208 65 229 205 119 162 124 62 44 35 123 155 5 48 102 191 170 159 39 146 228 189 247 110 86 127 138 33 125 90 249 198 201 238 131 213 83 214 136 0 126 168 132 99 77 94 181 100 199 236 137 207 184 255 250 251 221 150 182 165 141 243 117 194 202 253 230 69 135 166 154 252 200 85 217 106 78 225 241 220 178 188 185 248 130 183
116 209 174 103 232 246 234 59 32 239 118 23 222 75 7 57 97 20 79 28 4 215 60 42 153 22 171 95 113 242 211 144 80 13 156 17 145 1 167 195 149 180 16 24 190 219 18 87 226 88 19 160 71 29 58 50 240 142 51 12 2 9 244 204 43 231 104 176 158 73 114 173 21 212 92 46 30 53 169 197 179 164 254 10 216 89 140 192 66 68 11 74 26 133 82 177 49 105 129 187 193 27 6 163 3 38 147 101 112 245 186 47 196 203 121 157 120 67 31 111 36 15 54 25 56 218 109 61 224 237 93 81 235 70 41 128 210 64 175 63 108 122 107 14 151 91 223 233 152 37 40 227 134 76 55 172 115 34 52 84 98 96 8 148 143 72 45 161 139 206 208 65 229 205 119 162 124 62 44 35 123 155 5 48 102 191 170 159 39 146 228 189 247 110 86 127 138 33 125 90 249 198 201 238 131 213 83 214 136 0 126 168 132 99 77 94 181 100 199 236 137 207 184 255 250 251 221 150 182 165 141 243 117 194 202 253 230 69 135 166 154 252 200 85 217 106 78 225 241 220 178 188 185 248 130 183
116 209 174 103 232 246 234 59 32 239 118 23 222 75 7 57 97 20 79 28 4 215 60 42 153 22 171 95 113 242 211 144 80 13 156 17 145 1 167 195 149 180 16 24 190 219 18 87 226 88 19 160 71 29 58 50 240 142 51 12 2 9 244 204 43 231 104 176 158 73 114 173 21 212 92 46 30 53 169 197 179 164 254 10 216 89 140 192 66 68 11 74 26 133 82 177 49 105 129 187 193 27 6 163 3 38 147 101 112 245 186 47 196 203 121 157 120 67 31 111 36 15 54 25 56 218 109 61 224 237 93 81 235 70 41 128 210 64 175 63 108 122 107 14 151 91 223 233 152 37 40 227 134 76 55 172 115 34 52 84 98 96 8 148 143 72 45 161 69 206 208 65 229 205 119 162 124 62 44 35 123 155 5 48 102 191 170 159 39 146 228 189 247 110 86 127 138 33 125 90 249 198 201 238 131 213 83 214 136 0 126 168 132 99 77 94 181 100 199 236 137 207 184 255 250 251 221 150 182 165 141 243 117 194 202 253 230 139 135 166 154 252 200 85 217 106 78 225 241 220 178 188 185 248 130 183
116 209 174 103 232 246 234 59 32 239 118 23 222 75 7 57 97 20 79 28 4 215 60 42 153 22 171 95 113 242 211 144 80 13 156 17 145 1 167 195 149 180 16 24 190 219 18 87 226 88 19 160 71 29 58 50 240 142 51 12 2 9 244 204 43 231 104 176 158 73 114 173 21 212 92 46 30 53 169 197 179 164 69 10 216 89 140 192 38 68 11 74 26 133 82 177 49 105 129 187 193 27 6 163 3 203 147 101 112 245 186 47 196 66 121 157 120 67 31 111 36 15 54 25 56 218 109 61 224 237 93 81 235 70 41 128 210 64 175 63 108 122 107 14 151 91 223 233 152 37 40 227 134 76 55 172 115 34 52 84 98 96 8 148 143 72 45 161 254 206 208 65 229 205 119 162 124 62 44 35 123 155 5 48 102 191 170 159 39 146 228 189 247 110 86 127 138 33 125 90 249 198 201 238 131 213 83 214 136 0 126 168 132 99 77 94 181 100 199 236 137 207 184 255 250 251 221 150 182 165 141 243 117 194 202 253 230 139 135 166 154 252 200 85 217 106 78 225 241 220 178 188 185 248 130 183
116 209 174 103 232 246 234 59 32 239 118 23 222 75 7 57 97 20 79 28 4 215 60 42 153 22 171 95 113 242 211 144 80 13 156 17 145 1 167 195 149 180 16 24 190 219 18 87 226 88 19 160 71 29 58 50 240 142 51 12 2 9 244 204 43 231 104 176 158 73 114 173 21 212 92 46 30 53 169 197 179 164 69 10 216 89 140 192 66 68 11 74 26 133 82 177 49 105 129 187 193 27 6 163 3 38 147 101 110 245 186 47 196 203 121 157 120 67 31 111 36 15 54 25 56 218 109 61 224 237 93 81 235 70 41 128 210 64 175 63 108 122 107 14 151 91 223 233 152 37 40 227 134 76 55 172 115 34 52 84 98 96 8 148 143 72 45 161 254 206 208 65 229 205 119 162 124 62 44 35 123 155 5 48 102 191 170 159 39 146 228 189 247 112 86 127 138 33 125 90 249 198 201 238 131 213 83 214 136 0 126 168 132 99 77 94 181 100 199 236 137 207 184 255 250 251 221 150 182 165 141 243 117 194 202 253 230 139 135 166 154 252 200 85 217 106 78 225 241 220 178 188 185 248 130 183
116 209 174 103 232 246 234 59 32 239 118 23 222 75 7 57 97 20 79 28 4 215 60 42 153 22 171 95 113 242 211 144 80 13 156 17 145 1 167 195 149 180 16 24 190 219 18 87 226 88 19 160 71 29 58 50 240 142 51 12 2 9 244 204 43 231 104 176 158 73 114 173 21 212 92 46 30 53 169 197 179 164 69 10 216 89 140 192 66 68 11 74 26 133 82 177 49 105 129 187 193 27 6 163 3 38 147 101 112 245 186 47 196 152 121 157 120 67 31 111 36 15 54 25 56 218 109 61 224 237 93 81 235 70 41 128 210 64 175 63 108 122 107 14 151 91 223 233 52 37 40 227 134 76 55 172 115 34 84 125 98 96 8 148 143 72 45 161 254 206 208 65 229 205 119 162 124 62 44 35 123 155 5 48 102 191 170 159 39 146 228 189 247 110 86 127 138 33 203 90 249 198 201 238 131 213 83 214 136 0 126 168 132 99 77 94 181 100 199 236 137 207 184 255 250 251 221 150 182 165 141 243 117 194 202 253 230 139 135 166 154 252 200 85 217 106 78 225 241 220 178 188 185 248 130 183
116 209 174 103 232 246 234 59 32 239 118 23 222 75 7 57 97 20 79 28 4 215 60 42 153 22 171 95 113 242 211 144 80 13 156 17 145 1 167 195 149 180 16 24 190 219 18 87 226 88 19 160 71 29 58 50 240 142 51 12 2 9 244 204 43 231 104 176 158 73 114 173 21 212 92 46 30 53 169 197 179 164 69 10 216 89 140 192 66 68 11 74 26 133 82 177 49 105 129 187 193 27 6 163 3 38 147 101 112 245 186 47 196 203 121 157 120 67 31 111 36 15 54 25 56 218 109 61 224 237 93 81 235 70 41 128 210 64 175 63 108 122 107 14 151 91 223 233 152 37 40 227 134 76 55 172 115 34 182 84 98 96 8 148 143 72 45 161 254 206 208 65 229 205 119 162 124 62 44 35 123 155 5 48 102 191 170 159 39 146 228 189 247 110 86 127 138 33 125 90 249 198 201 238 131 213 83 214 136 0 126 168 132 99 77 94 181 100 199 236 137 207 184 255 250 251 221 150 52 165 141 243 117 194 202 253 230 139 135 166 154 252 200 85 217 106 78 225 241 220 178 188 185 248 130 183
116 209 174 103 232 246 234 59 32 239 118 23 222 75 7 57 97 20 79 28 4 215 60 42 153 22 171 95 113 242 211 144 80 13 156 17 145 1 167 195 149 180 16 24 190 219 18 87 226 88 19 160 71 29 58 50 240 142 51 12 2 9 244 204 43 231 104 176 158 73 114 173 21 212 92 46 30 53 169 197 179 164 69 10 216 89 140 192 66 68 11 74 26 133 82 177 49 105 129 187 193 27 6 163 3 38 147 101 112 245 186 47 196 203 121 157 120 67 31 111 36 15 54 25 56 218 109 61 224 237 93 81 235 70 41 128 210 64 175 63 108 122 107 14 151 91 223 233 152 37 40 227 134 76 55 172 115 34 200 84 98 96 8 148 143 72 45 161 254 206 208 65 229 205 119 162 124 62 44 35 123 155 5 48 102 191 170 159 39 146 228 189 247 110 86 127 138 33 125 90 249 198 201 238 131 213 83 214 136 0 126 168 132 99 77 94 181 100 199 236 137 207 184 255 250 251 221 150 52 165 141 243 117 194 202 253 230 139 135 166 154 252 182 85 217 106 78 225 241 220 178 188 185 248 130 183
116 209 174 103 232 246 234 59 32 239 118 23 222 75 7 57 97 20 79 28 4 215 60 42 153 22 171 95 113 242 211 144 80 13 156 17 145 1 167 195 149 180 16 24 190 219 18 87 226 88 19 160 71 29 58 50 240 142 51 12 2 9 244 204 43 231 104 176 158 73 114 173 21 212 92 46 30 53 169 197 179 164 69 10 216 89 140 192 66 68 11 74 26 133 82 177 49 105 129 187 193 27 6 163 3 38 147 101 112 245 186 47 196 203 121 157 120 67 31 111 36 15 54 25 56 218 109 61 224 237 93 81 235 70 41 128 210 64 175 63 108 122 107 14 151 91 223 233 152 37 40 227 134 76 55 172 115 34 52 84 98 96 8 148 143 72 45 161 254 206 208 65 229 205 119 162 124 62 44 35 123 155 5 48 102 191 170 159 39 146 228 189 247 110 86 127 138 33 125 90 249 198 201 238 131 213 83 214 136 0 126 168 132 99 77 94 181 100 199 236 137 207 184 255 250 251 221 150 182 165 141 243 117 194 202 253 230 139 135 166 154 252 200 85 217 106 78 225 241 220 178 188 185 248 130 183
116 209 174 103 232 246 234 59 32 239 118 23 222 75 7 57 97 20 79 28 4 215 60 42 153 22 171 95 113 242 211 144 80 13 156 17 145 1 167 195 149 180 16 24 190 219 18 87 226 88 19 160 71 29 58 50 240 142 51 12 2 9 244 204 43 231 104 176 158 73 114 173 21 212 92 46 30 53 169 197 179 164 69 10 216 89 140 192 66 68 11 74 26 133 82 177 49 105 129 187 193 27 6 163 3 38 147 101 112 245 186 47 196 203 121 157 120 67 31 111 36 15 54 25 56 218 109 61 224 237 93 81 235 70 41 128 210 64 175 63 108 122 107 14 151 91 223 233 52 37 40 227 134 76 55 172 115 34 182 84 98 96 8 148 143 72 45 161 254 206 208 65 229 205 119 162 124 62 44 35 123 155 5 48 102 191 170 159 39 146 228 189 247 110 86 127 138 33 125 90 249 198 201 238 131 213 83 214 136 0 126 168 132 99 77 94 181 100 199 236 137 207 184 255 250 251 221 150 152 165 141 243 117 194 202 253 230 139 135 166 154 252 200 85 217 106 78 225 241 220 178 188 185 248 130 183
116 209 174 103 232 246 234 59 32 239 118 23 222 75 7 57 97 20 79 28 4 215 60 42 153 22 171 95 113 242 211 144 80 13 156 17 145 1 167 195 149 180 16 24 190 219 18 87 226 88 19 160 71 29 58 50 240 142 51 12 2 9 244 204 43 231 104 176 158 73 114 173 21 212 92 46 30 53 169 197 179 164 69 10 216 89 140 192 66 68 11 74 26 133 82 177 49 105 129 187 193 27 6 163 3 38 147 101 112 245 186 47 52 203 121 157 120 67 31 111 36 15 54 25 56 218 109 61 224 237 93 81 235 70 41 128 210 64 175 63 108 122 107 14 151 91 223 233 152 37 40 227 134 76 55 172 115 34 200 84 98 96 8 148 143 72 45 161 254 206 208 65 229 205 119 162 124 62 44 35 123 155 5 48 102 191 170 159 39 146 228 189 247 110 86 127 138 33 125 90 249 198 201 238 131 213 83 214 136 0 126 168 132 99 77 94 181 100 199 236 137 207 184 255 250 251 221 150 182 165 141 243 117 194 202 253 230 139 135 166 154 252 196 85 217 106 78 225 241 220 178 188 185 248 130 183
116 209 174 103 232 246 234 59 32 239 118 23 222 75 7 57 97 20 79 28 4 215 60 42 153 22 171 95 113 242 211 144 80 13 156 17 145 1 167 195 149 180 16 24 190 219 18 87 226 88 19 160 71 29 58 50 240 142 51 12 2 9 244 204 43 231 104 176 158 73 114 173 21 212 92 46 30 53 169 197 179 164 69 10 216 89 140 192 66 68 11 74 26 133 82 177 49 105 129 187 193 27 6 163 3 38 147 101 165 245 126 47 196 203 121 157 120 67 31 111 36 15 54 25 56 218 109 61 224 237 93 81 235 70 41 128 210 64 175 63 108 122 107 14 151 91 223 233 152 37 40 227 134 76 55 172 115 34 52 84 98 96 8 148 143 72 45 161 254 206 208 65 229 205 119 162 124 62 44 35 123 155 5 48 102 191 170 159 39 146 228 189 247 112 86 127 138 33 125 90 249 198 201 238 131 213 83 214 136 0 110 168 132 99 77 94 181 100 199 236 137 207 184 186 250 251 221 150 182 255 141 243 117 194 202 253 230 139 135 166 154 252 200 85 217 106 78 225 241 220 178 188 185 248 130 183
116 209 174 103 232 246 234 59 32 239 118 23 222 75 7 57 97 20 79 28 4 215 60 42 153 22 171 95 113 242 211 144 80 13 156 17 145 1 167 195 149 180 16 24 190 219 18 87 226 88 19 160 71 29 58 50 240 142 51 12 2 9 244 204 43 231 104 176 158 73 114 173 21 212 92 46 30 53 169 197 179 164 69 10 216 89 140 192 66 68 11 74 26 133 82 177 49 105 129 187 193 27 6 163 3 38 147 101 165 245 186 47 196 110 121 157 120 67 31 111 36 15 54 25 56 218 109 61 224 237 93 81 235 70 41 128 210 64 175 63 108 122 107 14 151 91 223 233 152 37 40 227 134 76 55 172 115 34 52 84 98 96 8 148 143 72 45 161 254 206 208 65 229 205 119 162 124 62 44 35 123 155 5 48 102 191 170 159 39 146 228 189 247 112 86 127 138 33 125 90 249 198 201 238 131 213 83 214 136 0 126 168 132 99 77 94 181 100 199 236 137 207 184 255 250 251 221 150 182 203 141 243 117 194 202 253 230 139 135 166 154 252 200 85 217 106 78 225 241 220 178 188 185 248 130 183
116 209 174 103 232 246 234 59 32 239 118 23 222 75 7 57 97 20 79 28 4 215 60 42 153 22 171 95 113 242 211 144 80 13 156 17 145 1 167 195 149 180 16 24 190 219 18 87 226 88 19 160 71 29 58 50 240 142 51 12 2 9 244 204 43 231 104 176 158 73 114 173 21 212 92 46 30 53 169 197 179 164 69 10 216 89 140 192 66 68 11 74 26 133 82 177 49 105 129 187 193 27 6 163 3 38 147 101 165 245 186 47 196 203 121 157 120 67 31 111 36 15 54 25 56 218 109 61 224 237 93 81 235 70 41 128 210 64 175 63 108 122 107 14 151 91 223 233 152 37 40 227 134 76 55 172 115 34 52 84 98 96 8 148 143 72 45 161 254 206 208 65 229 205 119 162 124 62 44 35 123 155 5 48 102 110 170 159 39 146 228 189 247 112 86 127 138 33 125 90 249 198 201 238 131 213 83 214 136 0 126 168 132 99 77 94 181 100 199 236 137 207 184 255 250 251 221 150 182 191 141 243 117 194 202 253 230 139 135 166 154 252 200 85 217 106 78 225 241 220 178 188 185 248 130 183
116 209 174 103 232 246 234 59 32 239 118 23 222 75 7 57 97 20 79 28 4 215 60 42 153 22 171 95 113 242 211 144 80 13 156 17 145 1 167 195 149 180 16 24 190 219 18 87 226 88 19 160 71 29 58 50 240 142 51 12 2 9 244 204 43 231 104 176 158 73 114 173 21 212 92 46 30 53 169 197 179 164 69 10 216 89 140 192 66 68 11 74 26 133 82 177 49 105 129 187 193 27 6 163 3 38 147 101 165 245 186 47 196 203 121 157 120 67 31 111 36 15 54 25 56 218 109 61 224 237 93 81 235 70 41 128 210 64 175 63 108 122 107 14 151 91 223 233 152 37 40 227 134 76 55 172 115 34 52 84 98 96 8 148 143 72 45 161 254 206 208 65 229 205 119 162 124 62 44 35 123 155 5 48 102 191 170 159 39 146 228 189 247 112 86 127 138 33 125 90 249 198 201 238 131 213 83 214 136 0 110 168 132 99 77 94 181 100 199 236 137 207 184 126 250 251 221 150 182 255 141 243 117 194 202 253 230 139 135 166 154 252 200 85 217 106 78 225 241 220 178 188 185 248 130 183
116 209 174 103 232 246 234 59 32 239 118 23 222 75 7 57 97 20 79 28 4 215 60 42 153 22 171 95 113 242 211 144 80 13 156 17 145 1 167 195 149 180 16 24 190 219 18 87 226 88 19 160 71 29 58 50 240 142 51 12 2 9 244 204 43 231 104 176 158 73 114 173 21 212 92 46 30 53 169 197 179 164 69 10 216 89 140 192 66 68 11 74 26 133 82 177 49 105 129 187 193 27 6 163 3 38 147 101 165 245 186 47 196 203 121 157 120 67 31 111 36 15 54 25 56 218 109 61 224 237 93 81 235 70 41 128 210 64 175 63 108 122 107 14 151 91 223 233 152 37 40 227 134 76 55 172 115 34 52 84 98 96 8 148 143 72 45 161 254 206 208 65 229 205 119 162 124 62 44 35 123 155 5 48 102 191 170 159 39 146 228 189 247 112 86 127 138 33 125 90 249 198 201 238 131 213 83 214 136 0 126 168 132 99 77 94 181 100 199 236 137 207 184 110 250 251 221 150 182 255 141 243 117 194 202 253 230 139 135 166 154 252 200 85 217 106 78 225 241 220 178 188 185 248 130 183
116 209 174 103 232 246 234 59 32 239 118 23 222 75 7 57 97 20 79 28 4 215 60 42 153 22 171 95 113 242 211 144 80 13 156 17 145 1 167 195 149 180 16 24 190 219 18 87 226 88 19 160 71 29 58 50 240 142 51 12 2 9 244 204 43 231 104 176 158 73 114 173 21 212 92 46 30 53 169 197 179 164 69 10 216 89 140 192 66 68 11 74 26 133 82 177 49 105 129 187 193 27 6 163 3 38 147 101 165 245 186 47 196 203 121 157 120 67 31 111 36 15 54 25 56 218 109 61 72 237 93 81 235 70 41 128 210 64 175 63 108 122 107 14 151 91 223 233 152 37 40 227 134 76 55 172 115 34 52 84 98 96 8 148 143 224 45 161 254 206 208 65 229 205 119 162 124 62 44 35 123 155 5 48 102 191 170 159 39 146 228 189 247 112 86 127 138 33 125 90 249 198 201 238 131 213 83 214 136 0 110 168 132 99 77 94 181 100 199 236 137 207 184 126 250 251 221 150 182 255 141 243 117 194 202 253 230 139 135 166 154 252 200 85 217 106 78 225 241 220 178 188 185 248 130 183
116 209 174 103 232 246 234 59 32 239 118 23 222 75 7 57 97 20 79 28 4 215 60 42 153 22 171 95 113 242 211 144 80 13 156 17 145 1 167 195 149 180 16 24 190 219 18 87 226 88 19 160 71 29 58 50 240 142 51 12 2 9 244 204 43 231 104 176 158 73 114 173 21 212 92 46 30 53 169 197 179 164 69 10 216 89 140 192 66 68 11 74 26 133 82 177 49 105 129 187 193 27 6 163 3 38 147 101 165 245 186 47 196 76 121 157 120 67 31 111 36 15 54 25 56 218 109 61 224 237 93 81 235 70 41 128 210 64 175 63 108 122 107 14 151 91 223 233 152 37 40 227 110 134 55 172 115 34 52 84 98 96 8 148 143 72 45 161 254 206 208 65 229 205 119 162 124 62 44 35 123 155 5 48 102 191 170 159 39 146 228 189 247 112 86 127 138 33 125 90 249 198 201 238 131 213 83 214 136 0 126 168 132 99 77 94 181 100 199 236 137 207 184 255 250 251 221 150 182 203 141 243 117 194 202 253 230 139 135 166 154 252 200 85 217 106 78 225 241 220 178 188 185 248 130 183
116 209 174 103 232 246 234 59 32 239 118 23 222 75 7 57 97 20 79 28 4 215 60 42 153 22 171 95 113 242 211 144 80 13 156 17 145 1 167 195 149 180 16 24 190 219 18 87 226 88 19 160 71 29 58 50 240 142 51 12 2 9 244 204 43 231 104 176 158 73 114 173 21 212 92 46 30 53 169 197 179 164 69 10 216 89 140 192 66 68 11 74 26 133 82 177 49 105 129 187 193 27 6 163 3 90 147 101 112 245 186 47 196 203 121 157 120 67 31 111 36 15 54 25 56 218 109 61 224 237 93 81 235 70 41 128 210 64 175 63 108 122 107 14 151 91 223 233 152 37 40 227 134 76 55 172 115 34 52 84 98 96 8 148 143 72 45 161 254 206 208 65 229 205 119 162 124 62 44 35 123 155 5 48 102 191 170 159 39 146 228 189 247 110 86 127 138 33 125 38 249 198 201 238 131 213 83 214 136 0 126 168 132 99 77 94 181 100 199 236 137 207 184 255 250 251 221 150 182 165 141 243 117 194 202 253 230 139 135 166 154 252 200 85 217 106 78 225 241 220 178 188 185 248 130 183
116 209 174 103 232 246 234 59 32 239 118 23 222 75 7 57 97 20 79 28 4 215 60 42 153 22 171 95 113 242 211 144 80 13 156 17 145 1 167 195 149 180 16 24 190 219 18 87 226 88 19 160 71 29 58 50 240 142 51 12 2 9 244 204 43 231 104 176 158 73 114 173 21 212 92 46 30 53 31 197 179 164 69 10 216 89 140 192 66 68 11 74 26 133 82 177 49 105 129 187 193 27 6 163 3 38 147 101 112 245 186 47 196 203 121 157 120 67 182 111 36 15 54 25 56 218 109 61 224 237 93 81 235 70 41 128 210 64 175 63 108 122 107 14 151 91 223 233 152 37 40 227 134 76 55 172 115 34 169 84 98 96 8 148 143 72 45 161 254 206 208 65 229 205 119 162 124 62 44 35 123 155 5 48 102 191 170 159 39 146 228 189 247 110 86 127 138 33 125 90 249 198 201 238 131 213 83 214 136 0 126 168 132 99 77 94 181 100 199 236 137 207 184 255 250 251 221 150 52 165 141 243 117 194 202 253 230 139 135 166 154 252 200 85 217 106 78 225 241 220 178 188 185 248 130 183
116 209 174 103 232 246 234 59 32 239 118 23 222 75 7 57 97 20 79 28 4 215 60 42 153 22 171 95 113 242 211 144 80 13 156 17 145 1 167 195 149 180 16 24 190 219 18 87 226 88 19 160 71 29 58 50 240 142 51 12 2 9 244 204 43 38 104 176 158 66 114 173 21 212 92 46 30 53 169 197 179 164 69 10 216 89 140 192 251 68 11 74 26 133 82 177 49 105 129 187 193 27 6 163 3 231 147 101 165 245 186 47 196 203 121 157 120 67 31 111 36 15 54 25 56 218 109 61 224 237 93 81 235 70 41 110 210 64 175 63 108 122 107 14 151 91 223 233 152 37 40 227 128 76 55 172 115 34 52 84 98 96 8 148 143 72 45 161 254 206 208 65 229 205 119 162 124 62 44 35 123 155 5 48 102 191 170 159 39 146 228 189 247 112 86 127 138 33 125 90 249 198 201 238 131 213 83 73 136 0 126 168 132 99 77 94 181 100 199 236 137 207 184 255 250 214 221 150 182 134 141 243 117 194 202 253 230 139 135 166 154 252 200 85 217 106 78 225 241 220 178 188 185 248 130 183
116 209 174 103 232 246 234 59 32 239 118 23 222 75 7 57 97 20 79 28 4 215 60 42 153 22 171 95 113 242 211 144 80 13 156 17 145 1 167 195 149 180 16 24 190 219 18 87 226 88 19 160 71 29 58 50 240 142 51 12 2 9 244 204 43 38 104 176 158 66 114 173 21 212 92 46 30 53 169 197 179 164 69 10 216 89 140 192 251 68 11 74 26 133 82 177 49 105 129 187 193 27 6 163 3 231 147 101 165 245 186 47 196 203 121 157 120 67 31 111 36 15 54 25 56 218 109 61 224 237 93 81 235 70 41 128 210 64 175 63 108 122 107 14 151 91 223 233 152 37 40 227 110 76 55 172 115 34 134 84 98 96 8 148 143 72 45 161 254 206 208 65 229 205 119 162 124 62 44 35 123 155 5 48 102 191 170 159 39 146 228 189 247 112 86 127 138 33 125 90 249 198 201 238 131 213 83 73 136 0 126 168 132 99 77 94 181 100 199 236 137 207 184 255 250 214 221 150 182 52 141 243 117 194 202 253 230 139 135 166 154 252 200 85 217 106 78 225 241 220 178 188 185 248 130 183
116 209 174 103 232 246 234 59 32 239 118 23 222 75 7 57 97 20 79 28 4 215 60 42 153 22 171 95 113 242 211 144 80 13 156 17 145 1 167 195 149 180 16 24 190 219 18 87 226 88 19 160 71 29 58 50 240 142 51 12 2 9 244 204 43 38 104 176 158 66 114 173 21 212 92 46 30 53 169 197 179 164 69 10 216 89 140 192 251 68 11 74 26 133 82 177 49 105 129 187 193 27 6 163 3 231 147 101 165 245 186 47 196 203 121 157 120 67 31 111 36 15 54 25 56 218 109 61 224 237 93 81 235 70 41 128 210 64 175 63 108 122 107 14 151 91 223 233 152 37 40 227 110 76 55 172 115 34 52 84 98 96 8 148 143 72 45 161 254 206 208 65 229 205 119 162 124 62 44 35 123 155 5 48 102 191 170 159 39 146 228 189 247 112 86 127 138 33 125 90 249 198 201 238 131 213 83 73 136 0 126 168 132 99 77 94 181 100 199 236 137 207 184 255 250 214 221 150 182 134 141 243 117 194 202 253 230 139 135 166 154 252 200 85 217 106 78 225 241 220 178 188 185 248 130 183
116 209 174 103 232 246 234 59 32 239 118 23 222 75 7 57 97 20 79 28 4 215 60 42 153 22 171 95 113 242 211 144 80 13 156 17 145 1 167 195 149 180 16 24 190 219 18 87 226 88 19 160 71 29 58 50 240 142 51 12 2 9 244 204 43 52 104 176 158 66 114 173 21 212 92 46 30 53 169 197 179 164 69 10 216 89 140 192 251 68 11 74 26 133 82 177 49 105 129 187 193 27 6 163 3 38 147 101 165 245 186 47 196 203 121 157 120 67 31 111 36 15 54 25 56 218 109 61 224 237 93 81 235 70 41 128 210 64 175 63 108 122 107 14 151 91 223 233 152 37 40 227 110 76 55 172 115 34 96 84 98 231 8 148 143 72 45 161 254 206 208 65 229 205 119 162 124 62 44 35 123 155 5 48 102 191 170 159 39 146 228 189 247 112 86 127 138 33 125 90 249 198 201 238 131 213 83 73 136 0 126 168 132 99 77 94 181 100 199 236 137 207 184 255 250 214 221 150 182 134 141 243 117 194 202 253 230 139 135 166 154 252 200 85 217 106 78 225 241 220 178 188 185 248 130 183
116 209 174 103 232 246 234 59 32 239 118 23 222 75 7 57 97 20 79 28 4 215 60 42 153 22 171 95 113 242 211 144 80 13 156 17 145 1 167 195 149 180 16 24 190 219 18 87 226 88 19 160 71 29 58 50 240 142 51 12 2 9 244 204 43 52 104 176 158 66 114 173 21 212 92 46 30 53 169 197 179 164 69 10 216 89 140 192 251 68 11 74 26 133 82 177 49 105 129 187 193 27 6 163 3 38 147 101 165 245 231 47 196 203 121 157 120 67 31 111 36 15 54 25 56 218 109 61 224 237 93 81 235 70 41 128 210 64 175 63 108 122 107 14 151 91 223 233 152 37 40 227 110 76 55 172 115 34 134 84 98 96 8 148 143 72 45 161 254 206 208 65 229 205 119 162 124 62 44 35 123 155 5 48 102 191 170 159 39 146 228 189 247 112 86 127 138 33 125 90 249 198 201 238 131 213 83 73 136 0 126 168 132 99 77 94 181 100 199 236 137 207 184 255 250 214 221 150 182 186 141 243 117 194 202 253 230 139 135 166 154 252 200 85 217 106 78 225 241 220 178 188 185 248 130 183
116 209 174 103 232 246 234 59 32 239 118 23 222 75 7 57 97 20 79 28 4 215 60 42 153 22 171 95 43 242 211 144 80 13 156 17 145 1 167 195 149 180 16 24 190 219 18 87 226 88 19 160 71 29 58 50 240 142 51 12 2 9 244 204 113 231 104 176 158 73 114 173 21 212 92 46 30 53 169 197 179 164 69 10 216 89 140 192 66 68 11 74 26 133 82 177 49 105 129 187 193 27 6 163 3 38 147 101 165 245 186 47 196 203 121 157 120 67 31 111 36 15 54 25 56 218 109 61 224 237 93 81 235 70 41 128 210 64 175 63 108 122 107 14 151 91 223 233 152 37 40 227 134 76 55 172 115 34 52 84 98 96 8 148 143 72 45 161 254 206 208 65 229 205 119 162 124 62 44 35 123 155 5 48 102 191 170 159 39 146 228 189 247 112 86 127 138 33 125 90 249 198 201 238 131 213 83 214 136 0 110 168 132 99 77 94 181 100 199 236 137 207 184 126 250 251 221 150 182 255 141 243 117 194 202 253 230 139 135 166 154 252 200 85 217 106 78 225 241 220 178 188 185 248 130 183
116 209 174 103 232 246 234 59 32 239 118 23 63 75 7 57 97 20 79 28 4 215 24 42 153 22 171 95 113 242 211 144 80 13 156 17 145 1 167 195 149 180 16 60 190 219 18 87 226 88 19 160 71 29 58 50 240 142 51 12 2 9 244 204 43 231 104 176 158 66 114 173 21 212 92 46 30 53 169 197 179 164 69 10 216 89 140 192 38 68 11 74 26 133 82 177 49 105 129 187 193 27 6 163 3 52 147 101 165 245 186 47 196 203 121 157 120 67 31 111 36 15 54 25 56 218 109 61 224 237 93 81 235 70 41 128 210 64 175 222 108 122 107 14 151 91 223 233 152 37 40 227 110 76 55 172 115 34 252 84 98 96 8 148 143 72 45 161 254 206 208 65 229 205 119 162 124 62 44 35 123 155 5 48 102 191 170 159 39 146 228 189 247 112 86 127 138 33 125 90 249 198 201 238 131 213 83 73 136 0 126 168 132 99 77 94 181 100 199 236 137 207 184 255 250 251 221 150 182 134 141 243 117 194 202 253 230 139 135 166 154 214 200 85 217 106 78 225 241 220 178 188 185 248 130 183
116 209 174 103 232 246 234 59 32 239 118 23 63 75 7 57 97 20 79 28 4 215 24 42 153 22 171 95 113 242 211 144 80 13 156 17 145 1 167 195 149 180 16 60 190 219 18 87 226 88 19 160 71 29 58 50 240 142 51 12 2 9 244 204 43 231 104 176 158 66 114 38 21 212 92 46 30 53 169 197 179 164 69 10 216 89 140 192 173 68 11 74 26 133 82 177 49 105 129 187 193 27 6 163 3 52 147 101 165 245 186 47 196 203 121 157 120 67 31 111 36 15 54 25 56 218 109 61 224 237 93 81 235 70 41 128 210 64 175 222 108 122 107 14 151 91 223 233 152 37 40 227 110 76 55 172 115 34 252 84 98 96 8 148 143 72 45 161 254 206 208 65 229 205 119 162 124 62 44 35 123 155 5 48 102 191 170 159 39 146 228 189 247 112 86 127 138 33 125 90 249 198 201 238 131 213 83 73 136 0 126 168 132 99 77 94 181 100 199 236 137 207 184 255 250 251 221 150 182 134 141 243 117 194 202 253 230 139 135 166 154 214 200 85 217 106 78 225 241 220 178 188 185 248 130 183
116 209 174 103 232 246 234 59 32 239 118 23 63 75 7 57 97 20 79 28 4 215 60 42 153 22 171 95 113 242 211 144 80 13 156 17 145 1 167 195 149 180 16 24 190 219 18 87 226 88 19 160 71 29 58 50 240 142 51 12 2 9 244 204 43 231 104 176 158 66 114 173 21 212 92 46 30 53 169 197 179 164 69 10 216 89 140 192 38 68 11 74 26 133 82 177 49 105 129 187 193 27 6 163 3 52 147 101 165 245 186 47 196 203 121 157 120 67 31 111 36 15 54 25 56 218 109 61 224 237 93 81 235 70 41 128 210 64 175 222 108 122 107 14 151 91 223 233 152 37 40 227 110 76 55 172 115 34 252 84 98 96 8 148 143 72 45 161 254 206 208 65 229 205 119 162 124 62 44 35 123 155 5 48 102 191 170 159 39 146 228 189 247 112 86 127 138 33 125 90 249 198 201 238 131 213 83 73 136 0 126 168 132 99 77 94 181 100 199 236 137 207 184 255 250 251 221 150 182 134 141 243 117 194 202 253 230 139 135 166 154 214 200 85 217 106 78 225 241 220 178 188 185 248 130 183
116 209 174 103 232 246 234 59 32 239 118 23 63 75 7 57 97 20 79 28 4 215 60 42 153 22 171 95 113 242 211 144 80 13 156 17 145 1 167 195 149 180 16 24 190 219 18 87 226 88 19 160 71 29 58 50 240 142 51 12 2 9 244 204 43 231 104 176 158 66 114 38 21 212 92 46 30 53 169 197 179 164 69 10 216 89 140 192 173 68 11 74 26 133 82 177 49 105 129 187 193 27 6 163 3 52 147 101 165 245 186 47 196 203 121 157 120 67 31 111 36 15 54 25 56 218 109 61 224 237 93 81 235 70 41 128 210 64 175 222 108 122 107 14 151 91 223 233 152 37 40 227 110 76 55 172 115 34 252 84 98 96 8 148 143 72 45 161 254 206 208 65 229 205 119 162 124 62 44 35 123 155 5 48 102 191 170 159 39 146 228 189 247 112 86 127 138 33 125 90 249 198 201 238 131 213 83 73 136 0 126 168 132 99 77 94 181 100 199 236 137 207 184 255 250 251 221 150 182 134 141 243 117 194 202 253 230 139 135 166 154 214 200 85 217 106 78 225 241 220 178 188 185 248 130 183
177 113 213 236 251 43 218 194 8 28 7 157 1 220 10 61 255 108 154 83 11 175 148 12 225 214 18 5 183 19 219 237 98 118 172 180 20 16 74 254 105 195 103 239 82 140 78 17 129 46 191 15 147 253 51 162 159 204 27 75 73 91 178 76 121 24 208 9 122 231 48 228 133 155 199 50 90 26 34 163 151 176 119 88 233 14 42 80 102 111 0 44 158 81 63 40 96 232 36 134 22 205 171 45 70 54 29 37 71 41 168 25 149 3 196 93 31 64 6 125 59 152 2 139 33 112 47 49 167 115 248 132 120 72 67 32 160 79 197 235 202 52 101 193 207 243 156 87 244 123 185 85 66 136 188 23 221 234 109 4 104 69 174 169 230 217 190 240 56 141 211 200 226 186 30 130 238 53 21 142 38 144 39 165 198 124 117 65 68 166 252 60 86 95 203 62 106 250 114 58 210 55 182 107 13 146 94 35 164 229 241 57 215 189 92 246 110 100 127 209 212 179 161 173 153 126 242 97 128 224 77 143 192 184 216 201 227 150 245 138 187 170 116 135 131 222 223 84 137 249 247 206 89 99 145 181
191 209 174 103 232 246 234 59 32 239 118 23 222 75 7 57 97 20 79 28 4 215 60 42 153 22 171 95 113 242 211 144 80 13 156 17 145 1 167 195 149 180 16 24 190 219 18 87 226 88 19 160 71 29 58 50 240 142 51 12 2 9 244 204 43 231 104 176 158 253 114 173 21 212 92 46 30 53 169 197 179 164 69 10 216 89 140 192 73 68 11 74 26 133 82 177 49 105 129 187 193 27 6 163 3 38 147 101 116 245 186 47 196 203 121 157 120 67 31 111 36 15 54 25 56 218 109 61 224 237 93 81 235 70 41 128 210 64 175 63 108 122 107 14 151 91 223 233 152 37 40 227 134 76 55 172 115 34 52 84 98 96 8 148 143 72 45 161 254 206 208 65 229 205 119 162 124 62 44 35 123 155 5 48 102 110 170 159 39 146 228 189 247 112 86 127 138 33 125 90 249 198 201 238 131 213 83 214 136 0 126 168 132 99 77 94 181 100 199 236 137 207 184 255 250 251 221 150 182 165 141 243 117 194 202 66 230 139 135 166 154 252 200 85 217 106 78 225 241 220 178 188 185 248 130 183
191 209 174 103 232 246 234 59 32 239 118 23 222 75 7 57 97 20 79 28 4 215 60 42 153 22 171 95 113 242 211 144 80 13 156 17 145 1 167 195 149 180 16 24 190 219 18 87 226 88 19 160 71 29 58 50 240 142 51 12 2 9 244 204 43 231 104 176 158 66 114 173 21 212 92 46 30 53 169 197 179 164 69 10 216 89 140 192 73 68 11 74 26 133 82 177 49 105 129 187 193 27 6 163 3 38 147 101 116 245 186 47 196 203 121 157 120 67 31 111 36 15 54 25 56 218 109 61 224 237 93 81 235 70 41 128 210 64 175 63 108 122 107 14 151 91 223 233 152 37 40 227 134 76 55 172 115 34 52 84 98 96 8 148 143 72 45 161 254 206 208 65 229 205 119 162 124 62 44 35 123 155 5 48 102 110 170 159 39 146 228 189 247 112 86 127 138 33 125 90 249 198 201 238 131 213 83 214 136 0 126 168 132 99 77 94 181 100 199 236 137 207 184 255 250 251 221 150 182 165 141 243 117 194 202 253 230 139 135 166 154 252 200 85 217 106 78 225 241 220 178 188 185 248 130 183
64 113 213 236 251 43 218 194 8 28 7 157 1 220 10 61 255 108 154 83 11 175 148 12 225 214 18 5 183 19 219 237 98 118 172 180 20 16 2 254 105 195 103 239 82 140 78 17 129 46 191 15 147 253 51 162 159 204 27 75 73 91 178 76 121 24 208 9 122 231 48 228 133 155 199 50 90 26 34 163 151 176 119 88 233 14 42 80 102 111 0 44 158 81 63 40 96 232 36 134 22 205 171 45 70 54 29 37 71 41 168 25 149 3 196 93 31 177 6 125 59 152 203 139 33 112 47 49 167 115 248 132 120 72 67 32 160 79 197 235 216 52 101 193 207 243 156 87 244 123 185 85 66 136 188 23 221 234 109 4 104 69 174 169 230 217 190 240 56 141 211 200 226 186 30 130 238 53 21 142 38 144 39 165 198 124 117 65 68 166 252 60 86 95 74 62 106 250 114 58 210 55 182 107 13 146 94 35 164 229 241 57 215 189 92 246 110 100 127 209 212 179 161 173 153 126 242 97 128 224 77 143 192 184 202 201 227 150 245 138 187 170 116 135 131 222 223 84 137 249 247 206 89 99 145 181
